Id,Target
36c2908477b59e0c,3
1bfb76e7780b79e1,6
0c1b089e840e1175,7
c1058d8c21cbf37d,4
469ccd3c914a7965,3
52d79320f6c12cf2,3
65a9ba8d1a161208,12
d13ec86fa2ecc952,7
d920ddf4fabc0b8d,5
576c9ec55bd2082e,10
99bba4a45074b0ac,2
c4fdded23398364b,3
e30eb8b3259135f9,12
448eaa50b026442f,12
f8b4be8dffab55bb,5
d7850bd9180e9ff2,12
fe644828061d1ed5,1
ad7a5fe0fb65350f,4
eec46598e957667e,12
49031b8d0da56786,12
fd0f8882f7cb7951,3
ceb11a44e7725ac3,11
c2d3576c5ebece17,3
af1efc9932229731,12
c0b7cf078d02ab87,12
e7fec8250d823969,5
871e9f4459c36245,12
ff94d1e72c363ad9,12
733bb5aebf324ac4,12
e02def393766f78e,2
9090fb51dbc75f11,4
9033cf5ebe430d7a,6
4737d2efc9d58a85,6
dc0647afd2cff766,10
5febf658f37d3227,13
3b3802f3351b4e59,12
5bea622feaa33b67,4
0a3b6af65b53d0fc,12
8ba8351f79ad47ad,8
846cc1e97037a948,0
b9cabbd291629d00,3
8088c53c876f71c1,6
9c22315ce376552e,6
d281794fd4bda99e,3
f55cd0203ed63807,3
02d467d511191947,0
65cde34516b082b1,6
79f796693040f903,12
69c3cebf97575441,12
1521e57353eafa99,12
ab8a6cf66583de2a,12
f7126cafc3b67246,7
e30d6949e5bdfec4,12
766d9347fe5a9ae8,5
0396565da206eb5f,11
0434605993442907,3
c2731d465a5011c9,5
97187a690d8a52fc,6
ea57cfd0d464b674,3
c892603b630395ff,3
41aa819feffa5ef9,6
af431e54a96714da,3
d1a43b17358ad8ac,6
3f5c77411e0c4fd3,3
0681c7b2fa4f9c56,11
0e043cb5191b6bda,3
cebb698b4fdc06b8,3
e75391a7213bbaf0,3
76af0d79caf41872,4
6d7d1a2383cf2508,3
23ce50704828dfd2,7
b9c5368aafdc24bc,7
af2c237c94db4167,3
dc7e6ad0b11ccb1b,6
1f5418261313dc3d,12
6fac6cb3d5a44ee0,12
df790334e1c97703,1
8841241765447956,12
d869b26cfbff0666,3
646d653667979fff,3
a1458595ea8611a4,12
6cc82aa2acdd791a,3
8117d4a924fa49b0,8
cf433516e8f81245,12
99a42969502e53c6,7
f18f650ed82a380f,6
0f158fcc7fcb1850,12
468aaee5ec4f800c,12
b4638160bc4eeb06,4
eeec0fe694406f6b,6
965a5f02aaa0339a,5
de3f321549054258,3
6e9a34e08dee5145,12
accd6b2cc64695df,12
99f4c0910b750043,12
06659523f1314c32,3
e315b68952eaa52c,11
0b8cece9896f105f,12
f83660693723b4c3,0
1c1383b06c2d6831,6
be49123067ac474d,4
6cdb523b114140bb,12
2dff486e0a656764,12
e65b31871efc727b,12
a13846b8f8cf8c69,3
69e122ff2070b9a7,6
ac883ed3a5501277,8
0d5e812890a0c3fd,3
9bd253db467b4f5a,12
99003007a731af2d,5
45b8c8266b414054,3
9f68d852204218ee,6
13b298ee024d8119,4
52f11a99027866a7,6
0ba632baca41f553,12
d8284a6afb735c06,1
7d251b44cff2cceb,3
d35dda4bb7d1b684,12
3c672e21d5db0c17,3
5938f88133565b63,12
e31b80e02603418e,4
ed3b400bc990ce9c,12
6502aea2306632ca,6
36f0be92ac3645b7,12
4845fcf4f614142b,3
f13e82846bb20265,3
06ec55286772acab,7
9a7ca6214d0d76b2,3
237b8eb455dbc07d,1
cea6deb3240e1008,12
e05c21375f664c97,7
29a48cfb108d58e9,4
7cce3443bf973f3f,1
5f9dd4e4754cfa56,3
fe7dfb5f56f8acc1,4
34fa24b80065c624,6
77de3e2c87cce237,8
de11fa977ee91d76,4
9e59014e4f705edc,12
119fbe7117530c2f,6
fbfaa26c6faa9f24,3
35827e27724bcb8d,7
ec5e9f6b5454f25d,4
d5dbcb08e3516338,3
38b8b570a053bfb5,12
1052bafb1b437720,12
2d8943efa60ca187,8
4aaccfdc2f767595,12
b2943d0a8515450d,11
bd70e28f170e7aab,1
4d8ee322a2c9b257,8
2ef90f2c1571bbe2,12
b4780d0845ddc2f3,12
7385b3b8403f1913,12
ed1145db8227278f,3
abefc7e0e970e39a,3
470e1a86940415f3,5
e0e9da60761aabe0,12
7920a7fcdcef5e82,12
001f395e7eabe7a0,4
9c47042d93e87a7a,12
7ac0b84966e84ba1,12
a59dfc123475b41b,3
c342a86035e174b6,3
f5d1e4e57e87a067,6
ff8837adff460c0f,12
776150be3de4f6a4,9
7b18d98979f404e8,12
518f8a42db0eb821,12
fa5aff6d17c7f934,6
dacbf977c0581b3c,3
5a5a049d8f5bebee,6
be31225c9d841e7b,12
ea9ac7d63208d61f,4
49fb27fc5cbdd432,7
8446348cb16a8816,3
01cac46d3e74d854,4
7e8949069c6200e1,12
8bea7f7c75dd11e4,5
22978f12886164d2,12
26df3a0d4faeeb64,7
6a6694000fd4e1eb,3
7ad4a90059d8b40c,3
31571978b0a45eb7,5
a813819e3f2f07a6,5
9b3130f476ddfd2a,12
0f85c6c1ea3e7941,12
a39fe4468261c063,12
d65944251fce4916,12
a42e9b8ed48c38f3,11
aa22de90f7ab8328,12
5c17e5c36b1f432c,12
db20079464857405,3
570634d534ab6cc7,8
303076b36502dd80,0
a904d4ec960375d1,3
d3f7b14ff8886363,4
f96db9f5b46b94b9,12
4a59c6d5cc14ba36,4
e3c2b63a7f83f473,5
942180d10aa782e0,4
97a9c3f0904e1a77,4
fc6ac8d80122c2f4,3
8860947b3ca38f4d,5
c9ea84ceb4583026,3
8dd9b2497d60d9ad,3
819eb96ed2b26063,7
9d0b07d1e9ed3f30,3
6c1e516010284bf9,12
e4878661acbe023f,3
624f77ba68c71f31,8
ed013f83bde23b6e,12
36a33a81daa53a5f,12
c8392c2ed10b785b,4
5f24c15a0c142a89,12
a14b493b093c7c60,5
67d0ed7122f88812,5
bcc04380631b6b66,12
97c0826219083901,3
9014e409ef0413c5,4
a29c9c548927a6dc,11
5778f740d0075bb1,3
fdc5922fcf52a598,12
43a22352af8abadf,12
e7fd9f00860dfb6f,10
a54434753c62025b,3
d34c0e56684f8647,6
f7c64e66bd98601f,3
af481e5714d04d23,5
96f4d6ab4c44806b,3
ff66c865355a489e,12
a23ea101fa69c7c1,3
6f31e16144c5c11f,9
10cd2acf0d5b4877,9
9459cbd5a79da72d,12
0cf221ccd47db675,3
87c7a9d05677c6d9,4
f9a818416e030e74,11
3a03420d13d8ce74,3
428853f9fd676332,11
a6bdbafe13c4402c,7
963c2ec1683dccc7,10
ad8dd2b63b5770a2,10
1900e264984e7c47,2
05604f60977c319e,12
36b152642e62af64,1
e89c1c5900e9697c,12
5cec7e81efd977fa,9
d895c44770beaf9d,3
f6360c16c052b453,4
bc745e93674423db,12
cd24b1d6cad78b5c,12
231e504cd18c7924,12
5b7a5ad724dee377,12
1c2376ee596881b4,6
0e383efda588cb91,4
c46c202051899045,3
90bfdb7617d49642,4
d63b002ab381c7d7,4
e054f7e6075ffec1,5
4344c69a264f6384,3
f0321bc6b368a7ce,12
3723c415c70fca53,11
8bede21ef3ec3418,6
e4738798d5c8cb72,5
573d23fe01ef7465,7
4e6442350425a139,4
47db1fcb550adb37,12
863d2251b24b85ba,7
762f337fe4a2236f,5
f802372ce847cad0,11
dce5e1a8a43c2ebc,3
0af2a84eb3213609,6
32ff93b931f9803f,1
22efbbde0e343b3c,3
2d206bd56f780d4f,10
fc4f709d0480351c,4
8302e1ce7c210f7c,9
91bf4ece21b0da77,3
31cb4bf27ccbddba,12
5054c30de1a84ee1,12
1589a186e4ce6210,7
710b48826cb31d66,4
cfe7a3838c95aabf,3
802aefe67d099e4d,12
1cde95615697ef5b,6
9dc3ead7c1db5ec9,4
eefd8cae25edca6a,12
eaf1c21d1006a871,12
f92b842be0462441,0
8a617aae51ef73e5,11
2316edd60f69e529,3
59f4dd7db69dda77,5
5f9095139f8d12d1,3
7665864b4eddb4d6,1
bc429f965bb1ec2d,12
029008f7f3218e02,11
7a9e9f13b6381389,2
a694bc041a66f161,3
c94b9dbae91227e7,12
18b1d93cd2435c0c,6
30a27913ee36c06d,4
2cd14300cf0cd200,12
e10ae2a50a7a705c,3
751f646355ec0a8c,12
f65167bb3fb23a88,12
34162b0201fe5a3a,12
36eddf09064ed47f,12
4bb9e29ac0dc0e60,9
5d2afcca43df891b,6
3cc78509e0d7c84d,10
7792c81007db5577,6
b68c15ed6823b724,11
7abc0e83241a3fd7,5
f037c0ac0c37ffd3,12
bebf87eec4c99c3a,12
59c9f88da39227bb,6
d5e8c426de4a877d,4
f6150410e0157661,12
18491ab01fa00a98,12
17e2139f49be4f69,12
2651ae165e7cb1de,7
82621b880eb2acfd,3
771c277cc837edb2,11
8877a73a74cfdad2,3
b7e990e3715341a4,3
110fd4eaf94882ed,4
4ecf70f41aade889,4
b8162b2f53e4dec4,12
fe16b3bafdd09631,12
c62ef27308b4d9fb,3
c0ed7f4923b5db78,4
2b84abec67b9425f,6
2895172ad0b0d21a,12
ba86d1eab4e0c120,3
f79dfa3c658eae91,12
42c882f2046ef488,6
f6e5fb2736585a15,3
3fd36b7e59114b56,11
c4821218f7cc743c,12
d1b0ce53db54a10b,1
401b4de5e60a2dd0,12
2facddd8b0ae8fe7,6
77525d8c2e394def,12
62bc4c7149a94cb6,12
cc62f802cffd3623,12
4f45822d4b1e90ed,3
ca9c9cbd3633bbd2,3
6f1275b8f404f89f,3
4224ca7fa6aab3f5,11
4ca0f908b8a4e118,3
85adc07a400cd0ad,3
975531dc8f9a2269,7
f2387712033cd6fa,4
b71e370d77b1fc23,8
bca75a4d4af6ad10,12
0c69397d978aa2b6,3
0685794b45c59760,3
0d6d0842caf6766f,12
ce60de4a9b256a7f,7
8b401c4d5e52d827,3
87201d4ee87478b4,3
62d6550555ea7544,3
4e7067640fafa8ed,4
8b06be5260bf4f8b,7
01faf556b8b93672,3
ac470bf62550bf41,8
322b8e8a257ee524,12
2f30663a16a377f2,3
adac8a24e1dd7e6a,12
35664ee3bbdc9a50,12
e7bf9ec2d73730e6,8
26dfb34292d06abf,3
3b953e6454fa6f7e,12
8c39f397c6ccbb1e,10
b356ce76625f1d86,6
84b81aabd41ad4e1,6
aa74fc0a2eb5d0f0,8
c7c1b47a112355e2,5
e94d384a91a5b6a9,12
d5b79e53f3ab81ab,6
b14bf1a7deb6f738,12
9613d82b57723562,12
95fa9e1a43dacc6c,3
a72147a7cc37a3df,12
7cd98c2035ff9671,3
a83848a08f8964be,6
dbbda3249c47c064,12
8dfa7917bdd58f8f,12
4892aa9e52199ad4,2
bad7cffe8c6daa30,12
b38efacdd23520d6,4
b81e44176c16aab7,7
97a564fd9100efee,3
0597b06d6aed7ad2,4
9817d8df6c7397de,6
7c932f0a021f2c10,0
2c89e664b534ae0a,14
a2a4ce60f8837bdd,7
acc7c4b7fa15b515,3
0864a09f7104797a,12
a08364474868f2f0,3
91698d8b87bebbaf,10
e7162b3f8d797448,12
5104269677f8d079,12
2ac06a77de6e5e56,12
e8a219ea6ee1a969,3
55236afffb9a6fb4,5
0f9c05ec103a0e4a,6
b680eb3a42da2b93,12
5b63c59230576764,7
d2008515ed4c6451,4
efff10fb66ab8127,4
145318bdd4af06f7,3
73274620f560cb9a,12
8ec13f27b16e8006,3
5b15c4be60fc7a0c,8
fb01412464863f88,12
8472a0dbd05fd1cf,3
b4781ba98525d0a5,3
2a6ebca6a133fbd2,12
c2ff68f48844de97,4
a9c142e70853b0e9,11
96de02051a6403ca,12
bd0bfa762e2f6cc8,12
bd45620b4c74bdf9,3
b55316c954c6dab0,12
df8a26047d2a8bea,12
bb683d7d99d97162,3
7858dbfa41b6d498,3
b046b8b0b7c5c0e2,11
95374219fe5f6e80,6
c54d4051537156f7,12
19e460c664eac5b9,0
8f46b48da4d57e04,12
96a32e721f19e80f,10
a239aa369a698be5,11
51f2e58387946656,12
4c387307f9261be1,3
8e0e68bf52bb72b9,11
072e789d379f0450,9
c2885d8f18028a02,5
9a06e2221e9d7e4d,3
f8f6a40b74ad0108,4
41d390591ed97768,7
23df7a03e39f505e,6
d2d92f849c4d08cb,12
a110c5bfdc4656e2,5
898942612e91d606,8
d537caab63fc9361,12
55aeaaa3dc26254a,3
6a0daeb80b90b5d7,3
3507fec9b35c43ec,10
1a6b9c77e8f6d551,6
4ee4af20f60d8c9c,12
bf610cf430e23453,12
320b30ab8bb22308,8
c050a6f1e5906e13,3
f67f0575680a6968,7
78911e5d74608f5d,3
db957e7de0e44628,12
226f71198bd298ad,12
ac0c640d3a02d751,3
066693816053abee,9
4a165c118328ea65,11
f7d3a5a611b779e1,5
70a2e17bcba73091,12
ec5bc285d872b0a0,9
2c27005495bbfbe6,12
19a9172c5c9cfd23,3
c0f3af07b7fdaf75,3
40beb774d153534c,6
5e96a0da767b37bc,9
7c2d79d79e917890,5
53f4c546f6881ac4,3
645b309c035fee31,5
575f454f37f0a8dc,12
b73b0b778912922c,5
8734a739ddf04d1b,6
244f27a52d9b72d8,3
682948ecc4c6f918,12
8a598fbd268d24de,12
66ce65aace5b9e47,5
5755c30353f70c72,3
075bc223ff8375dc,3
4f99d9262a4e4641,12
bc8ac2ff217dbdda,6
7f38fa34c7084099,3
5756f5066d897446,3
173a007d93c22891,7
75ad8fc53bc9b361,8
b0de456bd7b0f59b,8
52e84770660bb774,4
3a4e28ad5576e54b,12
4e43e49e76fd7769,3
df9889591793004f,3
6ac4ee24d3ce67ad,7
a5ff1982f03dec76,4
c8000a12019a4379,6
dae733a0371f50ca,11
a4e4697dfc20bfb4,12
c8e5efd69a54c8b2,8
c7e468eac6768a56,12
11f536ac2bab8c12,8
55e4a4e9ad1f140d,12
23c69bc7216b3a8e,3
6453eca785dcd70f,4
7faf1d8f502056ba,4
d4580297ec89e0d1,12
18fca5ea97a18830,4
d4016fb92aa68c5f,10
e50852fd4b80fd73,12
87aa668a7b02cc47,12
0ae7f131ffa2eb6f,3
174a6ba5c6e845e7,8
5ab755986bd8ef26,12
8be5607598e5d463,11
48bebec3413dac8b,12
0d2601bf5fb70d6e,12
f1d45d3a7c2b98d9,6
999615b17a8cdd5c,3
9e3a9ac19b08854d,12
363e3bc3d15feb76,8
8e3d235a82269bb7,6
38c9aacf2cbbb5c8,12
5547a009f4bc8524,3
095b4d6eec087c0c,4
c85d43ba963a06c5,3
6ad865f61cfae434,3
02aa73c9eb5ddc57,12
4e12974ea31e2f6b,12
9c41008be2f7fc4c,3
04e54182444051c3,12
093879ac505dd461,3
fd960b348189ecd4,6
158ca1c05eb5ee42,4
503ac3b009f6e38f,12
86141359af9fb362,3
a8f10b84e34b6389,12
e15b1fca6de023c6,3
de80aa6121fbce72,6
64cbc11316d52559,12
6045208fae1e9062,3
dbefed80d6475135,3
f9b91df2a71012fb,5
d77f8f9a8850d12a,12
a19e58567fb8bb07,12
fdccaad6c3990453,3
229ed500365fc2de,7
e50c0dfc7335f88e,4
36ecf1bd1ece1220,2
65cdc56e57e4cc34,3
3dfb06cf179cb997,6
28cfd14a1e383e24,6
d2a66c11e98dd482,3
1e96a5c4ff7c3362,12
6c9ff3f5fa251e7d,12
4aff291ce91c1fb2,12
92c32d8c96ca4043,6
c3a11ac9adff83fd,7
f301bc4314239fed,7
0f88502f92c28193,12
f49a3466661141b1,5
e85dd2004ffaf8f9,4
a261f1fa68d06698,4
cd49d66642af47d2,12
179008ef131650ba,2
c048948bd9d0b218,12
013e52a3fa7f971b,6
7f616aa61267ac10,6
c0b9a9095836e69e,12
35172399c109ff65,12
95743c14894a5705,3
ee9880f792e90554,12
cbc2082b93796605,11
1ab1d44d4d4118f5,3
3c1c133a232e2228,12
df426802fdb1c7a6,12
31e14ddc76720724,1
3d69dda94c0901c0,12
f760c0edfe9193de,1
056b9719338fbc60,3
1a84e5df2b004e3c,11
9bed06c765646428,3
ffc01b3d04eceec1,12
fff0e4ca04d5a688,12
80706513f65637fb,6
f49486b3fbec9f92,6
45e4ab3333e450a6,10
c045398efa525b77,6
71f1cf11a8395f9c,11
081d94093c915375,6
d866314e426a8ac3,11
a678ac061c2fac77,12
7088b689275338b2,12
5b9ac7370a5de516,10
bc6db5f30b4987e1,3
2525b65814064b47,12
e078a51e792c3832,12
9be56b1d653d58be,12
f6f6f05410c43c41,3
0ed5dd699fc0a048,8
4ae94f7caf3db473,3
e27740e8ade0e89e,6
97d3e302b693f8ad,6
630905d475f2d5d7,12
1a146f78d7e041fb,5
94c0e2a065e656fe,12
5e302ca872faa2eb,14
aee68f7c579e491a,7
84009f83440d379c,3
0de0589714342745,3
84c1406a819448ff,6
21e2340d36dbf68c,3
0a73831b9e8a3ba0,3
363f245336f7b77d,6
8b58d0121386d7ec,12
7903c5ed1561fabe,3
4af32f5c4dd36ceb,3
49752ed40a4c05ec,7
c6ee1ae02debaf92,5
2cb989735364a7ad,3
b8107e91063ba430,10
7b2c49d056a4d7d1,6
78405bd4c83901a0,4
6e9be5994d2e18ba,5
f1463130db607331,12
e0df9aeebf073b1f,12
32e9bac435b50b4d,3
cd83dd5b75d1a3e1,8
4f4e10ad915b2bee,5
572fb8519000bd04,3
1889480aa612017e,8
78c375b65e5b05e1,3
86a11349d70d39e0,3
32f44ea38e444637,3
ca20e0e2bcbe3517,3
2561e55a560f5dbd,12
2bbf9d237c09dfe1,12
39fbbeec5b8cee41,6
a1fd109f73e28d3b,12
207f59948c83ce80,8
3bbe08b8c14a9558,3
c04713f86d88e557,12
4b857d846b2d4da7,3
51a36f6366d2a91c,3
b6b67eba27971248,10
9fd6ee811bd7f614,3
1e4adb85281089eb,12
ff971045f9c1eed8,12
5ba94e84501f9abe,12
a69a12a28907d661,12
cf72c29e8e23655d,4
c7cf3d40a3c95013,12
8467833fad50a7dc,4
b6831a34b668d0e6,4
c07df694f8aca7ce,6
5de10df4abdd2471,4
7a665f1f89bcfec1,11
e65f3c817e2f27cb,1
2a76269d93c25470,7
2bda6f1e8141390a,12
76cd34a9b2339fc7,8
5e4796b16709463f,5
b7f0eb14049218aa,3
16958ed40145192d,4
35dd862a32958abd,12
deb45103ce4c2544,5
a047e552deab4914,3
3e450a27913bbe86,10
03d08d18d45f29c7,6
a83c5cfe678cf1cd,12
06f2a17a4e6b4f1a,6
a4c57fc9812fef57,3
cb3d7c0b6cc550ea,1
ebad061528698d17,4
84d4875a7b6708c0,12
8dff5d4dc8e66a09,3
d122720300a4df6a,4
d4b5c63876fd8bc3,8
e5485fe88308171e,2
c531c6f51f7e02c3,5
8af0ca4e1b427a0b,1
0ed14765177f6c39,10
2445d7b1cfc763fd,3
6f9cac3fa5708579,12
35db22ef699f43e9,3
bca83ec1ba808c21,3
9dc479d7b13448d8,12
e60868804586e40d,7
e5bce0776c738b3c,8
76f842ede0f436e2,12
4c683c7a3e8aeb3b,11
118b4af601e982ed,8
bfbddebe74be0423,12
3cbb3b13e3f85b39,3
9c1d6dfda6173c8b,12
291cc9bdc08addf4,3
767c1e8b9e97929d,12
a1beb6873d3dea2c,3
7d10d77ddd01ab18,12
fca3716585ed0756,4
dc0f17d594db1b5e,3
3ae314218e783cd3,3
2fd3b98bf0f3e543,11
936f34f819dca92a,11
3e4ded6ab9060751,12
ae9686eab1349065,4
53ee0d912bbf2405,12
fc4059e1a717acf8,3
bd14177d47b5b2fe,12
78f49a55e2df5b83,14
ab0889c19b55359f,3
d7734b71f07ca901,12
2d1552389dc8adc9,3
84135d286e404d6a,12
395f6d1861b90595,11
e70aad9b4f4bffb6,4
9391dd9dc95e9903,3
8d203a31cadf2af9,3
df9c88bfc5e1336e,3
496b7cff7fa046f2,12
7962f3dd81f53b90,12
e0274b1cecc59b67,4
33bb2b8130d5e523,11
4225a06785e08ce6,6
87c9aff3b6c87c23,7
214e7cf449f00886,3
a505be91189b050a,12
b8990962bb8a922b,3
7883a7dade057ee1,3
9d5c5dbfc1bc4f50,11
bbed14a618ae30af,12
bc47a051e639f615,5
48c4468f1de61837,3
f5c90a7f386ef05b,6
53a65491cf0797d2,11
5d80870aaeef352f,12
0ec33baff813fda3,4
8e40ce479f3c2c6f,6
454b07ac00b6337f,7
2a18eaf8b7cf96c4,4
531f30d279d64b91,3
2aa181ff49482aa4,12
881f83fb60ddc67c,3
792974d99d2a62d7,12
8376d323e71ce528,6
0a1ec094f0f4eaeb,12
ae9fd5c1d46dd8d2,4
1df4b18bb98ea850,12
6a02e5f896fa2eb6,4
8595bdad0076c9fc,3
a2895f276a670a89,12
2602821f2ab91c7e,3
2b431d3416340f0b,12
afbf667ffd7c210b,11
e8d5b12de39d8966,3
ba51ef79ae2124ab,3
5c607f95b3738976,3
a08a8fba364114bc,12
337d3ea5605c55a7,4
579773d8d813f1eb,6
ad6f4f196b81efda,12
50340a3fe84322bc,12
9c0f0b1ef984d6e2,0
85529494cc3eef63,12
c18870f7d2ac5883,6
d2d3e22c1b86d848,12
f2be71d568927c84,12
563484ccd3a40f02,12
816b01fef18f16e2,7
16b82dd2f2bfa1c3,8
d431bc748188a828,7
b3d5da9ce4326f28,4
3f0e642aac2c4fcd,12
fb49f2c597dc40e7,3
deff7ff587e72257,4
d4604d7a0967dead,1
98fd8403d117820f,3
1fc2398a139a9554,11
c52df862f3e0589e,11
46ff04bd816324fd,12
f5ae862c50dc7768,11
e592ee8a3b29dd9a,6
a65f0ad275452848,4
395a8aba0bc99d66,12
e35d0826a3b453c1,4
d37db1efcfa9395b,3
82ce544a1f5d02f9,3
f373e852ce9a7fd4,3
f8b734d5258ccc70,12
bcc0edb1716b9905,4
d55e8b877f03d7c5,12
5599a24f8e7dcc9e,3
2c74010876a42b33,11
36ccbe27df638d74,10
f34b28cba3f5506e,12
5a89c87e30ba7d66,3
84f74a3d8689acfe,5
73c91f24f31e905c,12
9bc56f85450514fc,3
ebc7525fc539b210,3
99ea7d5bbd1941c3,12
98f93139c2e8674a,6
99cde8d539da0fba,3
d0c163b188cfdfef,3
97b701ed50ba22fd,8
5d9a40db67527501,4
f51cd2c2fce4d69f,6
8c7fecf370b6f8ed,3
134c8b0774ddf6f3,12
a099ff2e8d7ef548,3
89b5df1d2f31dc03,12
f2b3e20288a7f3f0,12
196c1e6bea364a91,10
40100010b790835f,6
84b41600c1893442,9
1004f31ddec19a0d,12
3ac9bdec0c2016e9,5
a68822a4a88a01e3,12
b4385bf237e3ac3d,12
ba831efd80d2b4fe,3
087f0ba6b59ec9fa,12
daae5489b38cb97e,6
3a9b2a81ce0d86b7,5
0af23e3704debc09,5
b766ea3bcefb6e16,13
c2808e4a9cc83871,12
ea1a2615deca8fda,11
6686f5e1229cb404,12
b7bda255e4f67b6d,4
0954e9b6d2610e86,3
44778167675872f4,12
e3f610833d2ea42e,7
97bd76e66150d55d,3
4b2c0c5f52e0c8b2,3
712c8f5d276b574d,11
728f8b20fb1a4c94,7
ae9df22a4c7778f4,7
e52cc9e61fe44051,12
4040bddddf4e3d10,3
97533de17b455e22,4
7370146d9b1cee2f,12
a636c41c9b010516,8
a9657b3f266555c3,4
5c707a4f81999f5f,3
20bfbf2e0edaa745,5
5b54399c51042e16,11
1f5e18c642e137c3,3
e598526d29c0bfd6,3
615df55ed00e481e,3
a347481f07727171,12
f20ec0e9f8a9bdfe,12
73df8d5e09d0ca3a,5
31113ef94f4ae0ab,3
1b59a1cb31326c1b,4
798e89c8f707572e,12
1c954dfa97fcb4ca,1
7fe884807f4b749c,8
a450e304fd7f95e9,6
ffa3134e41704e1f,4
e77ab341a91f642c,7
2b8ec4d36d756c7e,12
8a1ac9e01565cec5,5
d3550d0ce0026a1c,3
1579770150691e18,3
e7dc756cb78daa4f,8
2d09b603dd976643,3
48156ad36945624f,12
188726e7973163d6,12
9be367416b95094f,3
4a61535fc35ad81e,12
130248c1973fdb32,3
7b2489823b38dd1f,8
f81efe8b63a1c6de,4
840dadf36025a1bc,3
7d606ebe7cd16258,12
0ab93b90cc157f02,6
346b92e07287a264,4
c12da94a7138ddf7,4
28e7fea981444239,6
f5f4e9f444c2cd7a,10
19caab18cc2bb6f9,6
1395e8ee194580c4,12
4d25a980fd1fdc8a,12
d08d344cf80eaf73,1
7f8648ebb3ee0c81,12
c115f631a3f727de,4
9fd80e3551fa17c9,10
2dd0e73ecd30dadc,3
31a43f4503abc397,8
03ad2890118d11f3,3
54ae7d0107e511bc,4
34c6691ef6acac72,3
fa0a9547a96fd08e,3
621c534f7a81054d,9
f65a295cf20c86ba,8
64ef62676fc21e40,3
266d6f6bfd2c9557,4
660f41368d7e818f,5
e7ddb6fbcc9f7cb3,12
1afbb9320ba47208,5
391dc88010bb0de3,3
d8fc2f501e7c8c50,3
c2654bcb4a3d3941,3
1980df8d41fd9645,7
282ca600e181d49f,4
339c159d22a5560e,5
b2839a23e02aaec6,12
edb2262c80bdf2d8,12
42a4cf3aed1aeed1,12
6c3d72c6590b9168,3
08a1c522ca318979,12
0491044a8e66ce62,12
439ca08959a99f56,12
e8ceebe397a2cef5,12
7c9e8439dcce33c0,12
e618096d4121c4a4,3
e38486b532333c72,12
d80d463191f8fb8b,5
8a99acb93fa95a61,6
029c1791f05c3622,1
44dd2c0d9c4229d2,12
ddbaaf2c0b401f70,3
32c72115bc6aaa7e,5
2e5699866120fef0,11
b150f6def75e360f,3
5c49bbaa51397a73,9
3bec27e58d73f284,7
81abade07d082eda,5
efa5594b1db5309a,12
606de0ca8d5b52d8,3
b0778b5bce9cb535,3
ee7438098e833162,4
0fc819296b57b016,8
4473d8e3a5fd05f6,12
c0441bd2f0998fcf,11
c1fe91f48956e779,4
0c36b17159b3a3e3,7
29eced92c174450e,3
da76f94bb633457e,3
3825d0c22468dbd3,3
a745a3b79d35cde3,12
bf5f7ffe726c8ca8,3
08e5bff4734d8848,7
fd9a7f8e0a7be688,12
11032dcdb9c611b2,4
08c32a3795582d0d,12
001fdd4e48800b66,3
70d29ade1786b090,3
db519b9c16846663,3
425112dd8d6df0d7,3
d7f3a6c104e13094,12
8df2dd7401fdd7e8,8
d4f9c783be37d0d6,1
8660f9655d1a6d66,6
74cc0c75a82db174,1
dfcfc927f666f692,12
c17a669f718f02f8,5
2abc43efd5b0fd11,12
56228a407764b710,4
20fa9463f6059ffc,5
0845e8220b2212be,12
29e1da1dbb417772,12
04d44136558242de,12
53caa9d10d6a9871,4
60a0ab925a565177,12
d328e93567a8a932,8
643fd19991766c89,3
ee5443e099d486a7,11
60b8f708329f0677,7
e05659cc34a86683,12
307b7ad2328f4f3e,12
8c8e429a6cab451b,5
f96b2a63efe836e6,12
ff18a1c366ce8cbb,9
fececaea2552d02c,12
914d821e3c6d8b77,12
c1dbd41c025303e2,3
66d7110c73b13aea,12
66f4cfb617c3f75b,12
3de0499c0191b775,12
094599c26253c772,12
0f5e60bcda77bcc7,3
ad209b53c38b703c,12
6d3fff53559203ad,3
ac916527b6d8123b,3
38afbd2025bd2a97,3
5f242d95e8b6e39f,6
11e5aa212e954f81,4
726ae01cbb3edaf0,10
fa2f43a697832cbb,1
6ee98771ed34015d,11
2987242c20a9a75b,12
34b8e61c4db00bc5,12
c91b3bc99f2c5569,12
d3651f9a873e6ebc,3
631b43e434a4fca6,7
ec5b711e8f9cf667,3
69c114c620eef1c5,7
7746839c45690496,4
d1a09e11a6f78efd,3
355f5d3ab0c157f5,12
92ad4cbed11a6e72,12
0a6b768a520feb9c,4
a728e430debd6385,6
991f408c4a938124,3
87cd815c4d37e004,12
bb8de7c7225790d8,5
3181fcb21f03d93d,6
a001ca25d07e8532,12
f9a21740dbec9653,12
09c7757c78f91a95,6
af0f494b5b1074d3,6
80472cd680c333ae,3
739d73087dcfe8b9,3
5d660ed877b54b1d,3
1ae5240e8bd7a7fa,9
f2aadcf968a47076,3
ddba2e165698666f,4
a53d1619058b2f35,6
d92b094877c85494,3
b3784daeffc6acde,3
48532996b96249d7,10
d5ea589ed063befc,12
c8600331760212d4,12
145f140289d61312,11
5fa641a4f7ea4732,1
9167bcf82bf4d7d6,4
e8baf969d2b7eb78,4
1db99dc00a193b71,6
4630d6562d9f5bbd,12
2c025d85ac7f7e9b,3
215148403329bdfd,12
6019a1edc1f1087e,6
f0966e048378f5e7,3
a9ad8c8017ec7866,12
bba4f25125e1e216,8
61004d4e3cdda57c,12
b716c0bce274f986,3
7c8245a3e32bbc87,12
c40aee648ef25234,8
588234972c71be4a,2
7c463d1fdca4fc1b,8
12f128b0b46034b9,11
03adfdd69b22663c,6
b25be4aedfd5aab9,10
83a0e4d3f9968779,7
2677c4a0c2d87708,12
f0516d5d20f0cf6c,12
c8cc5cd6abb21fef,3
8686bb7e1128e520,8
391f2eff7d15e025,8
c14677c28247d747,12
b1d84dea705af54c,3
7af440fcf0b19bda,3
82e895aebc700122,6
4754353e969a5602,10
204fd4fbc211ac02,12
6847a5f5317a6b1d,12
7ec0b6b9bf03523a,4
ea9d12853b7caff1,3
bd90b2315f024a2f,12
26218fa08cf3163c,3
f2652b862ddf4dde,3
cf6201d98933d290,12
89731081d59c39b0,6
8f40f3134115b92a,6
e05b4bb3c8c6e3e1,4
262aebc5a4af8c94,8
52f93ccf64a356a0,6
120f6f5a1b964ac1,5
04462f77252debef,12
3b4b02cc5dcd6bf8,11
1c8d90124894cda3,12
48ee0eeda7879124,6
7aa637f992d9d1ad,7
099476c619ba74ff,3
18f25af8fd8c7b32,5
5e04ffdec2847c57,4
6ba2bc9f67aaab1c,5
236bc78b93d6e612,12
e6c23ae7b33591ff,12
3e729f76f475f40a,3
dfa5d7bd875bc934,12
db0df953bcf08285,12
f8e8f0c67eee9eb6,12
705da856f7a41fdd,3
818e5e6b5adae8bc,2
dc82027de315cb61,3
ca4e42adcc57e218,3
92c127e01a9e6ed9,11
673c7856d4fe552f,2
6b13e6e62b414acb,3
f43603c0b2a0697c,6
944075ac14436da4,6
56ee3e8686aede1b,12
03ba7545322ff1ff,3
4a465ca102429085,12
fd2fb6681b7c0abe,12
341097e2b3667a85,4
657d3fdd5f49adb7,3
6e9345405a8d0319,3
4ee1f2a78884292c,12
08493631866ed322,2
ae2fca48cab58d1e,12
03eb83fa3e37dab3,10
523b81441173693f,11
da8ee6a19545ef3f,4
a66f6a40e824fa0e,5
adc7c454e9bd1f07,4
a9cf9afa344d3ae5,10
6a888b9f1b6cbc0b,12
47365c4a98e6373d,3
9fe529e347da685b,12
15e3a8bf9e1f3b6d,12
975f0bb249c9f49a,2
596edce2f35dc635,3
4b160345e7b74f9e,3
b1674e4e21d26a1c,12
3f6ce81650eea47f,6
0c784a11e2d8e2c9,12
e7386f44c226686b,3
4fbf9f8783d991a3,1
7d984e41dfdce020,12
1d3d58a8ada44dcc,12
0bf1b855232d602d,6
dfa0d66c14630e7d,9
7c311fa7e46130e0,1
7635582bb4f68843,6
4a95681579cbc779,7
b53424582f1e76d3,12
8b98044a05ffe90a,3
5c8a5c8687f876f5,12
5071e0b9958a10ae,9
7d106de16337e1b0,3
67a6ea24aebbeac5,12
0c2aae5a8c17f476,3
b142525354167d1d,6
e73655f941bc8082,3
c902fc4d83a4fcf6,5
4a5567f5690a98f6,4
cff6818bf5eef726,3
85bff0f68f29b8e6,8
c8b4c47b8dd76292,11
863d77dff548e314,3
cae627e0a12732fd,12
130ae5d8cd12ba40,12
cdfd7a61b3f0df25,7
6322696c8486f7f8,7
c6ef85ca98005664,12
7b846467ba8db5c5,4
a4eb3f419bc90442,9
f251750ee22b159e,3
16d16c9973217359,10
5ecdee3a90884dbf,6
447c19187be271b1,12
09caa6c1be56860a,7
a36065b4231d6ead,3
a1184ffdc5c7acae,4
433da09f12d6ce06,3
b6e44e87eac96322,12
71ce644814853472,8
f6eb78bcb67efb6c,12
a2e6b6b447cf7b18,9
583ad0ef7d0ebe26,3
1999fb332e3107f4,12
3c6666bc89a96ea5,2
9b5994e8a0477853,1
3c4951f65f77660e,6
d7d9be4d8a5a416d,8
507d41bfd70ac63d,7
06d56c4e479b168f,7
8c3f23e7e6162173,3
9e00cbd63405773c,5
aadf6e1e89e3f82e,12
8a0149c2442bfe1a,3
32087b588d5bd2d8,4
1e748611dafef47b,8
75777fc49ece0116,5
8ef628bc7d507e2b,12
490392b1b81a9e97,5
a00a6bbf18facaa6,4
d54b30454a7d5b98,12
b6597b04cf1eedf5,7
db3d3c5bf4ff62c4,12
b1aec68b0724a13e,7
2d6b268e8bf9e795,6
54cc7f034e163ace,6
f54d00fc36465477,3
26f6893e7d4b145c,3
e26325761b643a03,3
3d29050e94d4c745,12
9b9f6660be89b017,3
c8f67e85d0c57230,7
03de99b7bec5e72f,3
1acdf61549c80791,12
ed2f380238326785,3
b5f6e071a6c258a1,4
e8685ce1746de2d1,3
aae2d55ea9a7fb23,12
5d1d150f91c1eee0,12
6a52322e4bc93151,12
3b56feca294c23db,9
b76e831cbb5aae9f,6
7c10bb77f0ab82ae,12
f585299b9a6ef505,12
ec406e1a6b2aaaca,12
e7340aac949c585c,5
73a24481d21843d3,6
3488062919c13ebc,11
fd24534f11a35e1f,12
57d369302ffbe060,12
06da4bbf955c4405,8
8a4068d8071b5425,12
4ecc38ae9004bb7f,5
1ab0d283f8f8d0db,1
f61d1c70b1fa27ed,11
80925c86c60ee87f,3
329912484844535a,14
709fbf490936d7ff,12
b454a67b8841b67b,5
4a533c3f03a0f7b3,1
97482d36679aa600,4
785c1cf9053d78e1,8
070accce8f25805c,3
a26c62fdada04084,8
3f81fc9f1e4c91b9,12
64b026783e4e0f75,3
e077809ec3b0ec8c,12
9e8827deb24aef57,7
f51e56b4b456b39a,12
14f570c918dcd7c9,12
c99a5f7c2adddb7e,5
efa35acb4babe7b9,3
f08fb4e5b31405f1,12
6deb83c3e8ca8f13,6
104497cbc693e2ca,12
fd99ad960604058c,3
a6c5a3d9eefb09da,12
0931ce31675a38e5,3
6df4e28a8f179e1a,4
5a50fa2c0b4fd5ba,3
70cb91abb7c6de3b,3
50dd75473b570394,7
ffac6a67720fa5f4,6
68ff61db1d224759,6
c9c277b498043cf1,14
335497c39629dd4d,4
6c502a18faa52efc,12
ed4e7bf67e3bee51,14
bdb3ae32779b55ef,10
1e377fe179c7a44e,3
6bd04c490d580041,10
493274685828ab9b,12
d27b02ef620b60a1,11
ed92e26078aaeb8b,5
0c3f2f4ab5ecf8a9,6
86cfd1fe20f883d0,3
c3ae294f25afc9b4,3
3a199e29350a1d81,5
b5fe1bbd19fbf964,4
c7805575a9c73901,6
e491c360bafd84be,3
1d1a5cac31dbf609,1
830edc24d8e4e529,12
3fe886273853ce94,7
0d06ba27bb64ab79,7
55dd5e2bbad90251,5
f8211c4144894ddb,4
1275051bf28fc2c2,10
b420f63a1c4a4076,11
bf6a411dc10761a6,12
6efef1c38c30191b,12
cac8522b9d9422ff,3
46f96edadb32fb04,8
6223cfd34bda14c6,13
191f7272973759a4,5
283ba272bec06cb2,10
7919302e5e6be5c8,4
b6086a79c5ead0d0,3
f1fe071cd14e38ad,11
400dbb3ed126f0c2,8
cfd98867534e1e10,12
1fe819f032030971,12
5407ee5d545bfc10,12
df7b709a2c5c6234,3
6c48a916d2abb1d9,7
cd2a5d2871ff3b2f,4
fc5e2b51ef6c76c9,2
773abbbf1c759fe5,4
9fa4d0570ab713b9,3
a1d1713874381750,3
20f5a8671b4b915c,12
160a8e6d0c8607b6,12
a8d1084788a4d583,7
ed48474f953631a8,3
801e6e64aa4cb22f,6
0f9df1b8ccd64aeb,4
42c4553e843054bc,5
4065340f6947b8b4,4
63b81b9e8c6bcd1d,5
299918407d72a4f9,12
66fb9bd9afecee45,6
cda858d96d5b008e,3
1785b0eced9081f1,10
46e29bd7892d4538,8
d0da78a2b9ff594b,8
0f5a80c92d1ea368,12
f73b550289e8dbc2,12
9010c155a85f2681,6
99ce7c36c741fde8,12
5dcd7039b64bece5,6
dcbb31d8c2cb11bf,12
311f86ac44bb24f2,3
4c3d4c2c8d59e41c,12
cbdeef28b23c6562,3
5a286054a8b7529b,12
7a94734277f48875,3
3919ce44cbb5eb4c,3
efd311f8cfb697d4,3
2663f41f4529ffe2,12
2d379d074b111c07,12
2ef0a5800abd2878,12
a19696f3dac42c3f,3
b5ecae88938657df,3
29c5682f8b01bf26,12
9fb00ee2f12013b7,3
e0e43213478025e6,3
c55578e307172a8c,8
4cb4818c23c92737,8
8d34a4ccf44f6485,3
81fff536b7a700fa,12
e5651b2f94656244,1
b3ff1275733590a0,12
1e5ae1dffe78a5c9,3
3d02305b62078400,13
89286d1d2df80a03,12
751ae64a630aec17,3
5fbbdbccdf093477,12
797652928e391ee2,11
2a5da9bc98a0fcc9,3
6b56da20f120201a,5
35e17364d66dd395,12
50c8269ea9b80cf9,2
9645e255a8e5e9e8,3
68a9872a1fdfcb9e,12
3120b6672724171c,3
55a729f03c212255,3
6d0e342f9b2ae545,3
99b203353a6267ee,4
ad612318cae7485d,12
addf609e098e6f4b,3
8cd6bc1dd23fe158,4
8662fd2824253d78,11
df620d223bf012d5,1
7a505b2b4f8f1c6d,4
95df6d09a6f8f90a,3
c2d50616f39a4f72,5
bd4dcb9fb6851ef3,12
1867c48a4d4c0a03,1
f1ca9e005ac091d2,12
19036d8c33279627,6
82342ce32e5b62a6,8
430577490257178a,3
25408a502ef9e5f2,3
4d7efb8116b45f0a,12
ee9f57ee7559d4a4,12
0fc2e99f60ab8f0b,12
7fe3f1a58b8e5897,4
ad5673523f7b5178,6
f2a359a1c92f9b0f,3
78817a045b36aae1,3
c7e9eb73a6e51e32,12
85713db07917e208,6
bd8ff5209a9dca86,12
14f37def982c1ccd,1
a205a319ae5cb495,6
1643587a933a5e36,3
cc31cc6c4c1bc57d,3
f708db93af36dea4,6
d9bb40590067c653,4
47cfb8f68b90f5f4,7
3ccdfee8df695e63,12
a4c17379d7d7de2e,4
9e08e29912e5ac3b,3
9126886b23435351,12
011a84d9d6de02c2,4
b84a1c365168f476,6
3a83e1e5a4087723,3
bf2da8b344d38184,3
91cf9bf0986876ac,4
59145c9857751446,12
c7aab345bbefc503,3
197055916569d476,11
a10ef070894667ea,12
5a15c9432e11d8fd,11
0739c7c445fdd656,12
29756ae9f3a1346d,12
211e2b312b8308e9,8
ea9b48b1077de9b1,9
7642f79f5b0c6bcf,12
f3e0bf4b12b95302,11
af3cad2b6b5ee13f,7
c9e2dd2e9b085a89,3
94be1849086b1d38,7
9cb9718b8c2f54f9,12
11381c785c7dda9b,7
ac04b863881b7791,3
30da25a7559bf502,11
00910c525aefb6b1,11
443573b0c20967b2,3
5dff9ff3e533f5c6,6
0232aff0c8a0ae0c,12
b777bf2756043cbb,6
321d1c1d0afe32be,12
09032963fb608751,6
9731c02251c82eb9,12
be6e7d7440ec6977,3
d02d0c83beea29ee,11
2f4907443957116c,3
a568741d1bc0ab61,3
c93bc3f55cacaaff,5
25551dbf41e8a45c,3
9929879260b793ad,3
9b6769500224b557,5
3addf6faeeb1b210,12
ed2157da47f1b250,12
ba14e1dfa8a6a198,3
cb9441c582c01246,11
2716bfddac143ec9,3
1dff6ed776f6b1ce,12
0c17aefbd1bd1236,12
dbe49e6750edb7f5,3
324d8371cf3d7ece,12
20a71b0d2923fb50,3
a6a795b3a739d015,12
f87657be1a3b85f9,12
8d3b577d1b504340,12
ff5692d4e4c5c62e,12
343935f2318aaa49,12
d3c6189bcc2bb4fa,12
5133607c5f9064ae,5
ebdd092e1a0116f3,12
c0773cd1be39a14f,4
a1771b905dc60af7,4
8dd7a9749c39a2b9,12
151e7fc6fd05a19b,7
bc4a4a585657076c,12
8264e018bf3b859c,12
2f35e7be0d6c7a96,4
0cb0288752051afb,5
1a08969833e7aff9,3
7898ec3af4769a53,3
dd14e6f55c546a22,11
f2d57611ab1bf3e2,12
b4feee7218a2dd4f,12
36e21460eebb3395,3
519f39bf6faf764b,12
a0560157dc77e339,3
19947e40a25540ea,8
44851a73ce8e02f1,12
34ff6651122dd4ba,3
129bff836bc69b2e,3
3b11a6dd0b3d1590,11
15b11800921e06ad,3
e8f60fd97e4b5793,3
d945e9868f4b161e,12
8108ad527b3fe6d5,9
0a69077395303abc,5
8bc0de47e6b336a0,3
9d3b7527854bc367,11
09fd687153bf803e,7
08a319faa22abd14,12
2c427adbc9ce846c,5
d0c916af7f049bf9,12
568ad9108481640c,3
1ed2b0a2c822f99d,6
9978e7e8a28b06cd,12
9fc943516616ad59,3
f5a996b423b42c12,3
bba375d0800a66d6,12
bce130cd214b8180,12
2a5e761e0dadb769,11
853804f0f3a4e220,12
2f9e1d609bb57dc3,3
729a7894874d6af9,3
6e4ea25a7d2bf938,12
8ef27e009c85d343,12
cc6228d0fca39180,10
8decbf78a2ad9a36,12
bcf7aee608ce897a,12
cde899d675d94625,12
ec12d5a14162283c,5
ae1292068d1a5d09,3
f404bca2991e6edd,11
9b5fbdc82c444f31,3
70fec4ef47d8ee6f,3
12bcfcf349dc471c,12
4318ba7033ede820,12
b9a036c2060d2c43,3
d039eed9c714e90b,12
d064a2ceb0bb93ea,12
0f1c5e92fb544cbc,4
7719f8f3add9b3a2,12
689cdc77a0dbe106,12
82eeffd0faf129bf,12
c34889557b61a552,7
aa649ecb3ecce3fe,3
1705de25e730ba86,11
ba95e90fbd3279c5,3
5395fb4027d11579,12
4b50bf7fb7994838,3
0882f15ec5a90e1b,1
da7161a973379f01,12
a0b3fdea6fedcc78,3
664436ef0b93299d,3
dfad8a4a224e7900,6
4af5ca86095f1109,9
58e52dcb46970865,12
ee92d7d9b08711e3,4
2452bf224086f530,3
d17a8d721b4dc57a,12
005007c22897ca74,3
da2e22bb2e1d7071,13
d1c2b827957b5855,4
ca3e728a0320e15b,7
227c09ae7ba36d98,12
028c22968485599b,5
0f717ec4d73d3926,8
5fbb023fe085c532,1
e8a091c5f61e13c9,6
1a8ec3735de73ba8,3
9c600134ead26d3d,3
5b724ed6b8404572,8
555e5e6840cc0be6,12
25c8691224b8167a,3
e1cc7b6c3249ee19,4
89522863d443eef9,11
e136846a85cc9a0f,3
8159dc3f802ac64a,5
511cf6c3d560a9ae,12
516b65f01feadc5b,4
4f4785adf17b2c9c,3
f2f1e29a47af6eeb,4
1a5cdec77a5d12a9,3
001729d087d9ec09,3
f9b05acf0551fa47,3
24937accd0bd7331,3
c16591ce611137c1,8
26c90161d34c34a7,12
1de43d157a858a76,12
db3dc79d9d3be094,3
f692f36ccf22fd38,6
880d36e3ee5fa4e2,12
77328fd733ed92c3,12
b0ad6dec56a5c217,12
aed5e5403c7e19ff,12
c8c74e4c02f44678,12
c69b56ecff35b9ec,8
bc843f5366b6b567,4
3dad75f5db662e92,3
bb1930f56772b34d,3
75afb3c96a3058b2,5
90060eaf80a9eb88,7
226def53bee462df,12
bab66bb56f761ced,3
70a398ddae772014,3
b13f350c10528d49,5
e5500c9ba7a8c46b,4
03b4682062c9d2d2,12
50f5f3fc08a5e28b,3
906f7d67f78e2354,6
7bc069cc3ad4016a,3
d444852bcbd40285,3
db766d428883b3ed,12
2d17883856e4a281,12
9a058f45d5b3cacf,6
dd9d1ab4cc8b1433,4
8a89beafac841d77,5
49a33efbc1303092,11
f1f14c4ac1d6290c,12
8795af107d7b5c68,14
12cfda998a15f310,4
004e29f25773a561,5
c7ac35c6f2a896e9,8
74d33b7cea34121e,11
60578ff0ec8dfa55,12
18102663864ef49d,12
0d67271ac66f7118,6
1ed4c3492810600b,11
6381fd9ab564416a,12
76942389e6852a29,12
bff88944d702734d,3
4801d683e68ec962,3
c936c20bf8e11c1e,5
577107e2d228b192,5
3214db4111171b16,12
d37e866773b55c30,3
809ac4096361e4dc,7
1c35d175dd99ebcc,12
2c2ba1b5cf2e44e5,3
9d28d722d463ecab,3
873c6fe843da36c6,3
632f9c5b7ea36ccb,12
e8c52a3a0126dda2,1
0b80711977c0b24d,3
274a8f90ff62ad84,6
02c5b882b02accf7,7
981010d9da81c4d0,12
420943280ada2680,8
b136b07e8395f385,12
2c00f5de8f5cfe6f,11
b3358ebb87ee9adb,3
935be9b0503f08ce,3
eadc594896eb9eea,4
96caf1420fb8cff1,12
a723fc229d21802f,4
5873af3e3cfccb4d,1
e93ea1cf46ddb68e,4
2934194939b79701,3
b553cce432eb2025,12
422173fb58c9d6cc,4
1b59573603ef780c,5
69e26611b4ec0ed3,3
181eb2d04de75447,12
8eb895988fa0f6af,12
913ef1a965c1a0e8,3
a27aba44f04ca832,12
cf1e4d1599eb2724,3
9f77a14e771be768,1
6d72a15b9f865c0b,8
2895f481a7e72fa6,1
0b75f1ae8ce3dfea,8
2cae6c9ffce8555c,6
8f03fef44bb5fa74,12
4e92b18fde4030e8,6
7cadeece0ef14132,8
4ca8cfc920ad316d,12
dbdfcd83736e873e,3
e4cd987fb9a6db54,4
59c822a49c0bf052,12
e237b99333cc46fb,3
ceae27d45796ed7f,3
da73631fa5d88d3a,12
dafe7b0b76f9a64d,3
bc0b1dc9e4383d93,1
e834eb8eab83c66e,3
568c4bfd055d8824,12
b8a6bd3700e0662d,10
3af4d70a6b628f86,7
bacfd9d7ce084da4,6
756dd48a6323fbef,1
d89e562b7ddf9237,11
2ff4b9a2cafdd71e,3
1dbe7324f6ab9b1e,12
47d0567dcc99c04c,12
0bf120d448d60d5b,12
a4cba7635235f50d,6
2c42648c9deb6708,4
885c26303e37cd9b,3
ff3a99a5da9ec612,11
b8dbe6f8de34f736,13
bffd7e057e7714c9,3
f91854ff13166de5,6
32a3b5d344103f6d,3
9b9272ceffac2d45,12
38046d1ac411baab,3
0a07ad9a9670aaaa,4
3b0194b0e6750c76,4
3d2f81a9a817c7e5,3
2a991ea55625f1fc,3
b251e83fc77b95fa,3
d70308a369302aca,12
d57e1ece13e958c5,12
a46e8afbfae74e54,1
74c722b43db18a38,12
4a0a9948d01332d0,7
f8936717f07542b1,11
b2e405d308e29f5e,6
bbcdfb7e027e2e95,6
7efd8d270750ae15,3
4326cc7ad786921a,4
3609dec714e195d9,12
06fd98386c4ee283,12
178df194d2c546d1,12
8593afd5aafce179,7
fc014eef4b8b3d40,12
08b2fb4fd4af296b,3
e6137cf4bbe43385,12
5dc1dc52a04a895b,13
3ed981f95e100144,3
6071916ffc460d6a,7
9a3386cfabc52ff0,3
b6d2c9370aac33fe,4
2e3ab8c24b9742b5,7
e2d7cf517c45eabd,13
0afbeea791f31da4,12
c41c2dccc3874379,3
1ca7f06d89c97bfe,3
92dbe2c5a65719d4,12
13094b8a3fb560a1,12
932afdce7f5120eb,3
f946d553b291946d,12
490d60004a14edfa,12
05a20620bdd25a69,4
6cb2b9b5ae0bfa8d,12
92ad4986fee03ab9,9
f7c0d7c4a14feaf8,12
c11fa1b0c94878d8,3
652c9e7fde01d294,12
e18769f1974b3580,5
e042b06fff9f1d3d,12
f5dc4821ef6f02e0,3
3acfa605a2054034,7
61bd4af57dd3f6a7,11
c0ea0b92780299e1,3
aab6830b1fe70536,6
3d8c1a1803a638c4,1
c6df242b3f7f2c79,12
f8328393596ed316,3
3d14d74cfbcd1ee8,7
506023f16d17986a,1
ab9d75a371281e4a,3
c1ff552be5c8e76a,12
df6fd15b986d9177,12
0496d2e24331e114,12
cbac861883d63ea9,4
b0dbca98405b6a5f,3
8e0e836275070b72,12
4d7f5451b766a5d2,11
9e042d399eff5afd,12
4c736ffee8327380,5
dd4d863f8868bd79,11
266695768d868bbb,12
8696495b6225babd,7
47e8824828e36a98,5
18e4cbe63e9c31c5,1
c81f6b6f0b9d428f,12
81af7a4f1cb1eba0,3
3e5d53d0536bcd59,12
6daec0e547400910,6
93e8b4df3b0885f2,5
1e7ce5eae2f38632,12
d4b41ec212859b05,6
c295fc8072fc005b,12
27ecfd0752f3e580,12
2d6ed9462865d9b2,3
9763dae60c0151e8,7
6a9e8349cc604967,12
5ca6c3c14219d9cc,5
228f00e006620560,12
bb2acc289ce6bf3d,4
4be4a2243b5fdd5a,7
8aa7109780377947,7
736fdc3c8708e301,5
db310a6fe94bac0e,8
b9ef7c293c5be8c2,12
8f1e03320852cd2c,3
f42da37d3fc5564e,3
bf1c83d361a9b804,6
650217955fd0db6a,12
9e04dec909dcb2e3,8
b45c6f513ff6d655,12
0b8d167ba4310cd0,3
92c10c2b800c2c58,3
771173b6d76fe7d8,12
4e80b9e498aab8c6,12
764d974119989f62,12
14d629bf811a02ae,4
5a60d6e13fb2ef72,12
626f67a4b659f3be,12
a0da3756de038909,12
c983026bb69387dd,3
13a36cfa0109911d,8
fefee4f0da6d623d,7
df8f90a6e6e5fdb9,4
7f813e9c359719eb,12
2178d819d0ab6a68,11
f493b220e479169e,3
163e713d9eb44b8c,3
0c764a50ad9027e4,4
45f4248bb8795de2,12
6f8e030edf1440f4,1
b6e4788523b01332,7
ccc58c5a615741b8,3
d0a08c8fcd99f859,2
673def8b8b0d1325,3
2922ef0fd0bbf56c,4
1c3f94f579c7f4c0,12
bd45963807e1b310,6
1da1aea6cc7c497e,4
9c9981fcb99a0ba5,12
cc70b8c24d1e8824,4
150bb3b0e3b827b7,4
e0489bd75ea7bfeb,1
669446615b03c001,8
7a8831bf472bc063,12
53a52f6ed43e8cb4,3
e63eb4b703725fba,12
d77ab178b3109bf2,12
c9281e7bf2a3e7b6,7
a6f09fa88d3d2d0d,10
0a05c492a10cf3a9,3
13cdc493505d7b7c,12
783823473dd5871d,5
a9d748d0aaefa160,3
70bc26851f3109d3,7
251a2eb03961b265,3
957404ce4ee1aa7a,10
c53330c9de150237,3
d31d6807d4472754,1
f5ca278fdc82d077,12
f05f635424d409bf,12
61357567cd9eece8,3
5de001f556838a49,3
d7fc6bd113c6d519,12
412ffe2f8da086b9,12
fa818fceb91ec929,12
d69f3079b209646f,3
028b0fbd2e652f81,12
9038582ef693022c,5
23fbc37447c0fe93,6
aec2be4a3837c24d,3
90de1ae2dffc08f0,12
f32b9159fbe0cf48,5
180e42450891536e,5
adca048ef0e75f54,12
1844201d26e1e840,12
6ef2a3ef4c14e1dd,1
69ede4e4166326cf,12
a0038bbab9de47ea,3
57ee9058e6e04e31,3
e4d6fe05169c62f4,6
a5a011e90c2f1b21,3
532f499938bf6787,7
b43ffc3dba282e15,7
f57534fa4d0f4157,10
f2062a342c28f387,4
9aceca87618b8133,12
d0755ec856e5b181,9
ffe584235144fded,4
43c12f832f85d32f,13
7504a0118f426aa8,12
ef8609be47c54642,3
1ce99227d11e389d,9
b46a609f394b5265,3
0a3020b28cede236,12
76fa27afef6e8535,1
1e10eb982dc3cdd2,2
df9e6fed887c1eca,3
0cef9ab16737fc9c,5
ec9c52bd69bed1f3,3
5f282f06a9ac5577,12
341d1d1fe9e38606,12
78958f9c9effbcd6,12
e1a2140f36700da9,4
75c388ec5a02624e,4
4039684023f98958,8
2b6192c87b2df28b,5
57d5657b25a3b341,6
5034257991532dc0,12
1f04260618713ca5,8
02a54b8f087dd9d9,3
cea53e23e30cec2b,12
8bb8692dbd31c38c,12
d5daa5d55ee84329,5
bd9ad2e227d564f8,12
2b84b98865af718c,11
8bc9e550c38920fd,7
f516988cc6fde17d,12
fd577a15770ca60a,11
2eb24068e9974ba7,12
0a372da75ae48b50,12
08e8d52df09bec47,3
57682ea3a0c19b2c,12
cc5e20a3dbfe567d,4
97158d43924bb2a6,12
d7dbd56a292e5242,3
daab6a0856a204fb,2
9c90ed735a95079c,3
7e4504063f391ff8,2
fbf408123d9a2466,4
22309e61a31762be,12
aaed47839b94ba5b,12
c4fb7b5cf3cb320b,6
e0488f75ebc41442,7
6572c0f6870f2471,3
c06c299d9b80abc8,3
3c28405b5957fe56,12
caad9cadb34f0e3b,12
75abd97cf2b93814,12
8f16bf35d3a41ca0,3
da35d0f00c458246,3
82a0bf82b529335b,4
0e893164db7cdba4,7
6700e2be15d7bfda,12
7639b50d16de8400,3
45c6c678208ca593,12
fe462b7f3ceb4242,4
1b895360909ea47e,8
1c2fa468d980036a,12
410fc8cf8a6a4ebb,3
44fb5a0c5aba0ac0,11
8e12cec3a79d81bd,10
2364c0153fca5281,6
67b20462602c5b62,6
b1cb7c5d4d89606d,12
280716cc6a418c4c,3
6fe5bbfabe1cb71d,3
ce1e3bd52a44c675,10
05799a2829c9608e,3
cb521a69db875b4f,3
e4bd4a4fc45cc0c4,3
d234c31a1ce064d5,3
a8dc591ab36fd717,12
7249baf23c89a30c,7
bb7f6bb9e12dc350,6
bfd17887d721ab04,4
08fa09e12cbbbbd0,6
439ba582ee556b6f,11
a4595b8365cff0d9,11
5ea407bd295eb7b9,6
7280638b03287d6f,4
91951265b219251a,12
e3ca745ee7ab38db,12
3a382de8c093806c,1
d8d8c2d7b7cd33d5,3
3189b644907e8281,11
bcfb89570a514df2,7
edd9028e8cf3a5bb,5
5d89852aa57c5b93,9
8f9f580769517260,3
6bd836dce05f3e93,12
b140efb73843dbc2,6
0abbcb533998a78e,2
c331cdbf3fb9f0eb,12
904226612b61593e,3
25668718e3001fe2,14
638f345232969d96,7
b86f06a4368d7d65,7
25c8b99f0a1d231c,7
a7e533a00510b602,12
582f4b09f0091446,3
7dae90b61d4b3f5a,3
e27e01799072c547,7
c63680dac6fff145,3
06f9d4fc6a9b3066,12
7ca7450b28441916,10
97bfba74a7ca772b,12
61792876a45f6c58,6
f600015e7d106c94,9
49676f1fd93223e6,12
e4168baaea1d7725,11
7faa6b71a89351e3,3
f9fe6dc5f329df37,4
d8e91386c00b8a89,12
c3285542b6df7f37,12
eeaa0e1458abe036,13
7acf90002aaf64db,3
5ad6f4f83aec2cda,3
f7c757b771627c1c,7
fbb8adeb3e52cdf0,3
f95eefd7225663e6,12
83db6eab1a390342,12
129a2612701565b8,12
1faf21c9d18c7b1a,11
8972d2bba7924cd1,3
2d51961a32ddeccd,12
33e5f04631e5cf0b,12
61b674b97363f55f,1
68631ac06f87a2c2,12
3b10e9137cf683bd,11
587d83076a86fbed,3
6128755bba6fc98c,12
291e4663884860ff,12
0a335aa3a3210f39,12
176ed5746bb36071,3
90663e1a30b90191,3
f77c62c26468142f,6
2acb6e053ba916ae,3
e03527406d10bbb1,3
a218d25fbbffa86f,13
c40a790a7e889ee0,10
9b26abfe4820ed30,1
292010093f89f786,12
eed52068d20b019e,5
de8a324fafe15ac5,3
56bf7a40ff058866,3
64877a9c76cb436d,12
2c7b33d0836762a4,7
04ff177abac5aba5,6
15d6285a356c1597,12
8b89e7700b4f486a,3
441e835d04a6c556,1
fbbfd39796dfb8c7,12
0c91f6a030a37555,4
d8108d4299f336e0,3
1dfb7f2782801222,12
d4e63243b2a9b698,8
9711f5ab0b6b6a9c,3
f2c8d959eaf509fd,5
946bc002e2f831c5,3
ef119546b10e7394,3
cd477b62b9d7de71,3
1f1574d75efafb97,12
405045a089dc4397,3
d48bf1916eaba375,7
7e72e1d54f5650cc,12
848f2cc9cee041e3,3
75db7f69937603ea,3
b40546f2b1d8f0e8,3
fe57a06699c3bce9,10
fdd70a9cc056b333,11
d5cc417fca938438,7
9e28545c78916a83,12
1683932be91f7aae,3
dc0a7741ae823749,3
88f1f487fd2b603d,7
976bd58f1feb865b,3
d5e94ccbb126fda2,6
c3da430a0cac0dee,6
f6c9dfbfc5c78d29,12
57a1450031ac41f6,6
c9486d9f0b060382,3
c20da2e1807c5546,6
75b211c8b75d27f7,3
5e4957413720da37,7
564ebe9df70e4f68,8
25df73bbae45e5db,4
679964f48d4f8835,6
85831fcd02007a51,6
151a5a2fb3391d7b,3
6beab3e6ce73135a,12
3e73e34a2a31894d,12
f6f0b0cd1eb75174,4
722d34aee2b1d98c,7
173bde4f381daa9a,11
471db578e85a9ff0,1
72546d24738a7024,7
095da814673b8faa,4
e2f0b8f9f8be76a4,4
f420e1c10fe1de0f,12
80468babbdcfbd0f,5
744be27c3a13f3f4,3
c844851703c13463,11
92b62eb1deb8390f,6
e00a37ce091ff136,6
2581de9635276c8f,10
1e7622e9b3350f0f,12
73035f5a6b32b3f9,12
2a15fc73c0d80606,3
16bb8e3108737e52,3
f6a383bddefb1aed,5
00fc3ce629bd05c0,2
90aaaaa58c88889f,3
57769706408f8749,3
ecf48572797d272d,7
16f31f293ca14d59,6
11ac3f576ca30633,4
7cafa809effc2909,2
6aa648a990405458,12
5d4bd0edb26ee42f,10
3728daca5a76622a,8
c0885cf583850403,12
9a79c7ece0b13bc5,3
0236a1a1fc1ebfca,3
3b1260e66370919f,8
ac759c13af805a9c,12
8add3b7555ada10e,11
e0ccb3ade6490391,3
5636522237a6a2ce,12
865fae0e41ec08e0,12
97c0cad3e5477589,3
c2ab910193150a82,3
b96041eb50d41e15,5
eca92b826429ecb6,12
878a951f77587850,12
3870edc0fd544d2b,6
be95f4a7bf1d50bc,12
7407ed7f92d79095,5
9633d06fb36a4362,6
bab1dd9c29b0a705,3
ed509a07a8d52a0d,3
8e3235e913fb389e,4
35135b859fa0dbeb,12
18e7896fbbe0ca19,12
df3e00a1c37786ab,12
6e8af9c7b36fcc26,12
ab3885ff614f26a5,12
791bfa62f191fd82,3
aa818fb1c5d627f7,3
f55e4f3c0f3d027c,1
c727e158f28d25d4,5
92b91a97e2f535aa,3
b8841f599d421c9e,10
05f05f9770b5955a,12
02b1cba45b802a72,6
1fde7c4e12903b92,6
edfeb82696254e22,12
33a5c4e67f11559a,11
416c2d21221bf46c,6
0d5eb59a308e543b,8
3e30735e5389181d,5
2fd3ed6544e47e66,11
5e9f76ef1da0452a,11
32d6f6d2d53f1d60,4
d737052b20e958e2,8
db6176719968e873,5
767e229dfc7695ba,11
002e942f7b9f09a7,7
883b559d6da0f50b,3
2913709b2bc0e7c4,6
62975fe56e234ae5,12
f19aead9db764512,3
bc742d8b64e62c9d,4
abd7288755109bd1,8
3fa606610bda8fdf,4
67370f0dba3fa297,12
838a16bd08e8206d,7
13ddc196975e746d,5
01f3942b46993944,7
3b3d0cc774b3e043,12
6b7e858f37bd22a1,12
0a9c6066d32f7397,12
a387d9c45025ac61,6
4f6967e077f26f26,12
bbc3b759fbd2673e,6
9b941fbd4a3bb998,6
a94885280b61d5a0,4
181fad80905d491c,12
bccdde430c47ea8c,6
c4678b18f9f15408,8
b4787154f6d27dfb,3
20fe4d7dee77d6d5,12
adad8e529d8af9eb,4
49ff5cae71238a18,3
8bb0611a38d733ad,5
29e07be3577fcb67,4
a20a30bc6f51eac9,3
5bcc0dc52779519d,12
fef981e9e59bea30,12
8ebb33e249afe121,4
072c8abfc22b18d6,5
b026daf761d13c11,12
d52d6b364d5d5f6f,11
bb20ff47ecd2a86b,12
0966ebd4f27ee279,12
23b3362e9f2a4b10,12
1c9fc274fbb6cfb3,12
caa9f125fec2bb0a,12
5e9b4c6b24446616,3
eb43b223df1d36eb,5
ea13fad4642ab0db,3
b2e69b175badbcd6,5
0f12a8aa16f69a67,3
1080e7bf84fafd86,7
600d98479afdf7e3,3
9f027d31d0d859ca,2
352137b711417105,12
4a7a6645cccde926,5
45173a5900a8f97f,12
f7a49f91e4e0dc39,3
39433709c14f1305,12
3f3b6081408b0fd4,12
4fad018f559c3282,4
9ba63e79840f703e,6
00144a1b9446adba,3
9613f1d93a6d2a2c,12
751fe806facb81e8,12
b9fd9e7ad6284ec5,4
eed99cd59f88e5ac,6
8ff8978986c04846,6
ba9a3cd1a52485d5,6
34d1363452c5484c,6
cc45dae17d1ddec1,12
adbe707eb57c0ac0,4
82d8178cd0f8ad97,12
642c60c09e14cabc,6
4c8d955c9d60987e,4
c0217057f4bd737e,3
77333640cfbc0384,3
902c9738b6d7f396,1
20a21b541f3b34a0,5
624af48d7bdcc30d,3
a6ec3280e341d970,12
f784b5bbb476146f,3
e9495e61890812de,12
94438dc23d60ebb5,4
2419b1fe6166bf60,3
72486e8b81154526,13
f787c19a6a091fd5,12
d5d10d53d50ae3f8,12
b7cb377adab9eef0,4
f3c77238094e672a,12
af2f68c0f1d0dede,6
ea86f60285007e64,10
3f7f558ef8eed193,4
bf696837446a4bd7,5
3d3716986868a4d4,10
78a0795396c80ddc,3
75cdea89925c6a97,4
0d66b1e994a5eb6c,5
a04dccd561889d63,1
ffab03e803c0a05b,11
841a677fe5563001,12
edd58664b9bb5500,11
fc6b66ce0875674c,8
fdffc9b22c759b18,12
1e40763689f3b063,12
4684696d246238e9,1
f5619905b7eefdfc,6
64baaddff37ed366,3
a706d2dcf719925b,1
7bf830b75f9ad2cb,5
079c7a039d884772,3
b4a36501751a95b0,3
997d4dd3a8ae19cb,6
f71d8b2711ed92dd,12
b57ada67d480f41f,12
5c5c1458b03c3961,12
85deed8b1926789e,7
4fc3b0c62d4e7d10,4
0eeb32623777730a,12
51d947d4ecefdeee,7
7206cd35fa3059e2,4
b5778c8c15026d1c,12
a31fd086b3c1a63a,12
0a24038f13262847,12
94cf749da3195d83,5
0d4bf9110d3a392b,9
384d40e6c87cb7d8,3
8d90d4ce1a6b9ccf,12
8ab697acee0de30e,4
c48b6a77481f6f35,3
7029b2376167d230,6
8c2eaf99e370163d,4
6a22ca953b9b3bcd,12
b48e1b5113d643b0,3
792583f30d8da486,12
6c5e8496cd043b40,4
5e0b1461396826ba,12
50a107012c1b790f,7
80bf1fb9a07b2bd8,12
2ff905751fba983d,11
16fe00f1c0ea58db,12
d3801c0f0b30ce2a,3
700e321f678d95a9,4
3550b88b7124fd5b,4
2b164fcd63c1106d,13
a45cf76167b01997,9
ace44e1cae165fbd,7
9f64aacd5eea4d43,3
a2b7f6a6570514ef,0
ef958ddf341cb04a,11
af777aeb4fb51ef9,11
01b7c875c51bf9f2,12
bd331102efb6cde5,11
21e4624634a49c48,3
e06ca4b9cc230f04,11
466808fc30ae5a37,3
482c99f68bc449be,6
d8138237e2fc3a8c,4
c73be7cae53356f8,3
004c628d13aa4f00,12
0be6abc70c179dcd,6
4bc79fe8dc72bf74,7
73c91b5a81397a64,3
6de9cf650925e063,4
ec41c598697f6307,1
0ef98169afb1d15a,8
c36334f40df9980d,6
c8d27bbd8e7f1a77,4
d1d5360f501851c0,12
1d6cdb5dc11bd4df,6
48052dc6a780e4aa,8
536a827d0ad703b8,12
5ddf2f993e3f9bae,5
3289fdfd4239c676,12
052f3be97ed37df3,12
2435272034c290c7,4
800cf547bdec04e5,3
cfe5da0494ee4093,3
2d80be60427cb0b1,7
add8a29d49374d82,3
f703de7441baf2bc,1
184c88f611e8fa07,3
b3de2e75d4febb19,8
66370b0fb93ec619,12
e2bda82969f41511,8
8e69fd5b4c874bf3,6
8f25e78f8adbd94a,7
fd2b314552912ef6,3
8afa9d995751ac94,3
2edcdf956a212eec,5
f0f481e444713f6d,3
6ff503cf803e77f3,11
f0d835045d900729,4
e710b19d5f5be4bb,12
909fd0cd3a7baeb4,6
6964db2f6fb1a0b1,6
a0ad98078a33e481,8
0a71501b0b74d279,4
e2f2c7c253c836d1,6
59819219df9beef7,6
1df19a2b03bc2848,6
07026edfb520fd03,8
19a894c2766c5856,3
b5adfb28d82e7f6a,3
5ccf1989f2154459,1
3be2b3b8c9687183,8
45bcaacc950ca93e,12
020ef229fe8132ea,12
819e81781782fbb5,5
38fc16ce0fa2ed60,12
e870c6d0cade5f08,9
21a4dc545b9cfd78,12
45bdcbce018ef076,11
a62e0eb52b70e862,12
5f49b8ce0cffabfd,4
7b98f7cfa61c8735,6
96ae8702155e196e,8
be3577445165582b,12
9b39631c208b512e,4
994d7edce2c8e689,3
804ec15eeb0b9f6e,3
86c170d27cf83c6b,5
dde5a3cc9d27d6b2,3
373dc08d6759fe46,12
df8f5200edfd19e7,3
d2a496a500346c43,12
4e158c87da6fc714,11
44f5fb8f57b341fb,12
0d7b5379e93e613e,14
b68747fa8942faeb,12
62532562eb778e14,12
f9bbba7b2cff1bb2,9
b24f0e64e9f3b940,3
f47e2bed43fcb7f6,11
d6a9cb1a9570d33e,12
99f19822a1c1bff3,3
8479e876e2c8b93d,3
6319ff7d99a10f8e,3
b37d9e892c1eab2d,12
abb730f7bb63cffd,4
cb6fb369bd5f6a28,3
f8cf7af55aa6c47b,3
d4e59d45b9d86175,4
2ad7b760b1dcf9d2,3
9c8c341ec6760165,12
c7002d55403e4c71,7
f887bb874ecd8a6b,11
b2fe132a7e3cc5c2,6
1ef9b42058a61619,12
8c1a1277c8472d3c,8
d5a405356578cb3e,3
ce0c264287560a17,3
09f7ae58efbacdfc,6
cfee43bdc23279da,6
87e63337179c02a2,4
4a0aed7648b982f2,6
39b4e81ed17c277f,3
cc8065d4e59f6217,12
90834d728c737f4c,7
5de02d3a43a56a2a,3
5193f57f703ca666,9
1e0a698ec1d8554c,8
ede5f9e0ee5d846a,8
edcf5dce98e30d6e,7
ef0c9c1e8b2b5efb,10
0181b4e37d1725b8,4
0b99f037c2b4dac9,11
f7d699c5036403de,12
c4194a834a05bc57,5
18e8fd0d35dc0d9d,2
149b050a6a4af253,8
9f49da42869ed0b6,12
fe2d9f324d804d96,4
dbd5351d2e5147be,12
3faa282242c45abf,12
f14cf1827077bdf2,12
45085baaf9288c1e,9
f0edbf0aa976238e,12
38f66aea0a0cdee5,3
33b32c7474f7f1f3,12
7d4e7e94510c83b6,8
05cbecb9b2570304,0
695d71c87ce81664,5
fcbd88eac9e10995,4
f33638252000eb8a,4
468f8e494039cbb6,7
2e09cd22193d65f4,4
6daefef351277d8e,11
21c64a372a526808,6
1346a4a01171c965,6
d4a9eb3e76951293,3
25f2649c4bdfb925,12
a50d1b1e05ffcb98,12
991e5f5d897771ce,3
ac147dd4eb281b5d,12
f023fdda5bda94bc,11
069cf51942a7b825,3
6dbcbda275c8768d,13
9b38d69cfc5dbf73,3
7f1e96e093db66a2,12
54d5632b8fc2a137,12
4aa170c6e99afe73,7
11482acca3961b7a,6
606b6cd5f84ed57e,3
49997edddbdfd162,12
aa486cf5f6181e2d,12
cbd76037d12473b3,12
fc0a3dccec2b504d,3
736796939610736f,12
49cf8c337cbd798c,6
d696437bb2b6d7ce,5
6c284a062688c02b,5
a6febdecc1b31d3a,4
b3526195ebef267d,12
0f84889ed7b75361,12
7f450dab0b8d93ce,6
44cb208b6503a65c,10
b9591885a7c34de7,7
9e293646472ecd15,10
8a862e7b6b8f1cf2,8
42167d2387dc4478,5
5a46d724599666bd,3
7f87fc6da253e270,3
011cb260bd493693,12
6ed6ee4d10cb6ba0,6
e1bd247ff8e01f3b,8
c03b78914a2b828f,7
56ecf2781b90285a,3
2f45752d8d87140d,4
c043a9092a0aa2df,12
c2293db8a5b740b5,7
c1f3119d4e708a2c,3
951bf3ad914a8c4f,7
4ed53e2c64464365,6
c96b189d99726bf1,6
6f161926af784119,8
37d5696ea726a24a,1
f1c09ad6b93f81d7,8
a40945f23891a56a,11
efefc4a847dbcb59,3
7062a650c8d452cb,12
d8cd12aeaee757e5,12
ef98631bd9838d9e,4
115c4de28f9569f8,12
c480867363af0512,4
ddbc2297f3fca91b,3
866b1b3b6b9cbd76,7
1e9c8de528c2780f,12
21e9382968d67ed2,12
3017fcb173cd7799,10
02b93952abdcb1ed,12
bd5ffc959723ecb3,7
00a4464d9967a5bd,1
4b8e17d37f483ce0,12
4e870c6613180f4f,4
d831114d8b772d12,12
f0f092158069ccff,3
57037fffe63105aa,12
fa6b5adfc81aa45f,5
74a7af2898ff98e8,4
82c5f28a273b3326,12
eed304422069f15e,12
9387f6db5498c4f8,3
47175d73252c77e4,12
838cb915267d71d3,3
b1e692ae8f6cb464,12
b61328b7c6bc39b2,3
74fda575741f1a63,6
15f4fceb79cafae6,12
186007d0d388ccf5,3
23443b71d3c81ed0,12
e6e8d10b43d8ebbf,12
1c2f0ce4791be4c1,3
59a961e37d489aff,4
6b0168bb47e91d9c,12
bedb7c8505892467,12
eb1ab49edd028ecf,9
6132eeada67a5502,2
14de080a4109406a,3
3858a29a91880722,6
aef8cb1491d822eb,4
e0d203f088bff434,3
156f67639bbd5d09,1
8f0480f3f1763354,12
c4afd24e48412739,11
a8fd4d7e52d1c0b8,8
09ab1bcd4a52b22c,12
3259d08b1c704274,4
9e6cefa0e547741d,8
3ef0d41aedd2ef0f,3
6a674dc35de4ddec,6
a17f0e40f31f4b9a,6
a07dc3885cce863a,5
aabf05b225f786ca,12
8daa7c3ded13f927,3
11e0d7b5cef3bcf4,3
ff91aebe4f6fe544,12
093fe351908c9a17,12
1ca14b0f96ab3f0c,3
19ad9861af15d199,4
7a2f4e8730950df7,11
7e8da8e3461bdfaf,3
a59fafe6152f48b6,11
2624ceb649467431,12
f1fbb764bfb79f61,4
8ed98a752ab79679,3
d70201fd37312abb,11
15636485add10c77,6
5a9229fa88f46f84,12
e36daf6fa4caa2e3,1
b9b002d7efc7858b,7
3132e9b2b104a125,5
a9505def2a44e13f,6
be98355f58ed9af2,12
7a6cfef4a841f449,4
1c4ea09eb5479436,3
545e1a3b2438006d,3
9f5ea5ea6d1981f7,3
0135d76f0dfc3efe,10
8fb062493aaaa57a,3
d83e050836bcbb7a,6
71fec683e6577ffc,3
4abdc3a141edd1a0,12
d1a6c288c7dd4f73,11
ade84cd59a6a202e,4
7f738a22e76f57a8,11
77f52f8db55946ba,11
eaed1d61ca2e905c,3
a5da1767cbe6daad,11
5e76e36d6f72d499,12
8e3c7022c977fa5f,3
0cf8049cdb03fcaf,7
3606ab3f628cb55d,4
1d60338f0425ef3f,12
98003d1d4ae0ba98,5
28be9965ea966071,3
afd6cb59204d5d88,3
204a1d4c56806cc6,3
7fb79801fd664306,5
65da20d45ad71710,3
0dee4f419adbbba4,3
d57c086f9dca2aaa,4
6e0109823064591e,12
8043334f23ffdedf,4
f5ad969e5c480255,12
f3d78dc878afe930,6
0fe6607f3b463da3,5
8ca4e79aca2f7e09,3
71ac372a747a0b3e,3
604217c420dad6d1,12
810b0869ac066569,7
3c2163bfb15d34d8,3
8fccba6fb6f69698,6
ac9b80bc7d90a77f,4
4b5249a97e152f09,6
96e9fd67290ba546,12
6573858fd79a3124,4
6e4c879be85c9255,12
b37806c0ecb3b991,7
02977923ee74d649,3
6b15aa4316b104ea,7
b46086da60fdd8e7,8
23eb411162ff41cf,3
f14e5561adc81710,6
c8aeec3492a4f51a,10
65e32c8dbf2f8ec3,3
c87275a1c02a6ea0,3
134500fb45dd33e6,6
e264050f13cfeb73,12
e511a5c369415758,12
ed5bdfb608da7160,3
9e5f7190d8231b84,12
c8984aa5874ea357,3
3f98e51ec1749b55,3
edd02b7d47a8d259,11
1105eb6945633f37,12
9f656622a3c1881a,12
db67663f125c5a25,3
abc160bde40f8bd9,6
aa01e23752b2f874,12
123b0358cdb9d859,12
bdd13769984b74bf,12
bb9163dd08014e46,12
f60d058611cba290,3
8642c6bdfe37be8a,13
8e2adc6885f8d235,12
d2fe459f86d2c603,5
57e9dba7a82ffe26,4
c848ea907a1f1e46,12
2d4e6305b945c6ae,12
355f81c7cc8f98dd,6
ba1f344af0050bb4,3
1fa1aac48caaf6ce,3
c6eefb3146395c7b,3
a2b214328db54a55,5
92e5a10f5b5469e0,12
bad009a3b0167ce2,12
fd49abf654822cb6,12
792d03b8886a59e5,3
72b40281f898ed71,12
4c5f74c4be4d895d,7
b8cfe7383bd77fcf,1
96d763b7287c2220,3
2ef814627ed0f7d4,4
18dc97e26b308a71,12
2444708ac80cfe39,11
eb9b7824e7f74f71,3
5510aa8b58fee3b7,8
950ad686564818b3,12
a38a6168941bd56c,12
0e23cd87d5125c9e,4
62231ca852179f2c,7
bcce5c828b6282c1,12
3e7c12554b0e4847,6
1b6b6030fd3384b4,3
d199d6a176eb419b,4
ac6b268b637b4f72,4
d868cee281890a46,6
0fcca1fbfe8bbeb1,5
2cb3dd2694d5b9be,10
fc91850094281e77,12
ef38c358f4611e22,12
11590b72c47f8d17,11
9d032ff323e0021d,4
a62ac429a4c0f6b6,12
9012aaaa7af7cedc,6
ebaf600dbed7c3fd,12
d519d996b3d3d11a,12
b2d0532650f7754a,12
a1c2c5e1d8c37130,5
ec2c03048717fbc2,12
747f50c878be6c50,12
c59630d53003240f,3
fa28e53657aa2fd3,11
297a9be029c671c3,10
4d384522765eda53,6
15b6552fb079d95e,12
75582be32f5570c1,12
98f870a727f5142d,6
41018e9b52494e16,12
b14cb24a818af365,8
24a76aa767953644,12
2ddc4a38c1bb7b44,7
c412a67cd4f46a10,6
6a4f9f61d7b0ca62,3
98204f26f911f177,8
5df3359af9a7831a,3
0b9f0bcede57592a,8
f935593d120ab871,5
4aa452755a8c5055,6
0c75a8e7c0ddf41b,12
18d81d7c076ce789,3
17affc62a544e959,6
41cc903aaf9c8895,7
b33ad04f1a024f1b,12
3b65184f0c37d876,12
69f46f6d2f1f6369,3
91570e584eb1b22c,12
7036d9b867749d48,8
6c4e8ee91e73ffa1,4
8bba689097d6c6f0,7
b24a8d115a8ca4bc,2
591cf234af55933a,11
624760e6de4ed391,12
5bf015a00c34a919,1
ece5e3ceba31809a,12
42ccd212667f01fe,5
e46172f814e8cfd1,3
df6c2d58d913907e,5
687ca80be9dfe7aa,10
f1254404f6b5a7e6,11
807968d9921a1911,5
673acd198ae6ac11,6
722e0e535affe391,3
0ae44e4d86fd8d10,12
770e66bae98f83d4,12
4b0439047010cdc7,12
ec99a655dc8e46a9,12
bd90e3298076aebf,12
e11d8df2b44c4508,3
887579d9a1827921,8
8d0e7a20617a08a8,12
7196a9e0ecfbbfd4,1
5166df4f5e839acd,11
5d991c0f6e32a1ac,12
1b87028d718841a5,12
7e4b907a8cd20ed7,4
366aaf2450266c98,10
678495cdf27b703e,3
4de656e8f19cb228,4
96b25d4ddab154d5,8
0af5b3d3a0dacce5,8
27de1702aa7418e0,12
4996d67ac65cc617,4
64e1233dc6c0f6c4,10
60f20ece81a400e7,14
40d3ca757192f318,12
c48bfe5562017bef,3
fb5a405af06f0834,12
2db63ed806812594,3
9b1068105e8a61d0,3
4f6f24cae7676394,4
c99de86bec6fecdb,11
9e2676c45b7e42e7,7
e0861cef3abed7cd,3
effc346bdea86fa5,6
16672f85330ad29c,12
396b43054b31bb72,12
ff83c56c0dabc58b,12
b691c3b8cd18bcb5,14
d286c1efa7ed773b,11
7fcf8e0335e193a2,12
86e07407f4f09715,3
ec28f841d6b37586,12
5c96c9cdbe8bceea,3
d5b2728700e59b2e,1
c292b2a796de04e6,3
92d7c63279fe7d30,6
f7bba76e67eb38c2,12
1583ed5eefd34216,6
165017418a7cc7b0,12
d07f606c9d572a6c,7
5bd39486e58ed546,3
7fb3d3f84ea55a9a,5
71bded58f67ea423,4
9b22ddcccb3313a5,12
5c420e238f4e3e6f,6
ba65f7b41e4519c8,3
941b9e1bd3268ef6,3
4c0710e37255442c,8
26ea02f155d474f7,3
e7915727df8b6ff6,5
c2995ef9ebedc579,3
adf742b34cfd425f,12
8fe6982eadaaf080,10
a2d8e2aa86ebcf85,4
5d2ec0c80dcf7927,3
80d83b7c06ab70bd,8
1105e50ee5903a73,3
a1ecfe2858bd2fe3,12
52c47aa6f3fe8e60,12
1db152a5960f0386,6
ad3a1ad7e5ac8b23,3
03424a408fa4adf8,3
d6ca294c59c6167f,6
79c6414dfa36b86d,12
411fdc6e5a7786a2,3
d7cc72f0d7a30dd6,7
9a0a21df1bbaf92e,3
83471ec7a1efbde3,12
d0fc7986551dcdf7,4
14d365d9dca82326,7
02d0b4c8489dcdb3,12
1e6c7c1b3998e0fc,11
3bcce02617135bd7,3
06317c318c2eb396,3
3fc4ebeeaf8be277,4
9091584cc92f2ee5,5
cf2f909c861c0f59,6
64328a6c6b73fdec,12
6d28e03a2cc56397,3
8912cf39a0c29879,4
5b6e71a4311306e0,12
a0479a75d92e4d34,12
672cf9d88be198d0,12
90f64a50672f6041,5
9c85e749268f8967,8
b9c7c16694c1ea7b,12
e80ea5352ec99c94,3
8a5866741705eb80,3
ca438508d69a44dc,6
5996de29ec051dbf,3
55c3574e03929429,3
0ad397b693494ff1,5
4d328b2bae459df6,12
acc854aed291f93f,4
9367d9ab72a7be44,12
1c4c5fa0c73382b4,3
9057a6eb3f62985b,6
f50a05db80ca0aab,12
beaeadfb58a47c4d,11
3def7a45b341afda,13
4211a8a5ac29b157,12
ac153a64674704b6,3
ff4de93608fb82dc,3
9c4a0cbe76b67521,3
7d335a508206245b,4
09d2af85f0e3966d,5
ac7ca8ecf430ef64,12
9daf0e4370f10ad8,12
031d9a3ed4a01d6d,3
f946b1a8bd0a552a,4
c4769590a6f8e241,4
0f5488a2654a2123,4
178adff52a9add11,10
36c1dfcf1d63e7ea,6
57e808d67009020f,9
749f0baceb90975f,12
b1a5ca56753039ec,4
7b0f62939f9d4e68,3
d8bb13beef8720ad,5
b52c720cdabbb175,11
e9320f29ac4d3df1,12
037dfef7b191893f,12
5eaabafc74f989e0,12
9a625cdf18b73a7f,9
0200b364e975cc74,12
58b0b36bed62090f,12
b49bdd9d62355adb,4
72e02c847ff369ff,11
52103f6a9737960c,3
28a8fddc8ff4238e,12
12fdd744bc6dbbe6,12
9744df74065bcb96,6
09290e544cde66c5,12
70aced12a74e1658,6
bd88a24c4c08cd73,10
8fee19e8d742a707,3
5d285e307db512e2,3
0a9a2842f1ffae73,7
9b87d96fdf953809,12
f581a3739d9ef8c0,12
28eee3e71432ab26,3
d520553a3b78e8ed,11
f27d40299257aa43,10
ee70cfd6f821951c,12
9c4fd3042d4d6067,4
ad5a4609b0b3bd11,12
7ac59acb06fbc942,11
180c083be2b558c8,12
5d70e2749fe6feac,12
1aad411a176fad13,3
a1cd9c567d2083c5,6
783ecceb7e90a0a8,12
4e788909111ca394,12
b3b9a77541adebe5,3
ce72541953a60e22,11
8fbc08e563029ab3,8
3d5cde9ad179ac00,12
1c3b21a0bab82563,7
c9755f0fdc6a0892,3
e441bd5cf0c9f3e1,6
8338fda1498a21c3,6
1d46fb34189660a9,5
846eabb1a3391fa8,3
1ff67d3568ed96db,3
e2bd7b8f8de280ae,10
7ad866b40707212b,3
f61a2d73999e7013,6
caa96f3eac370513,3
563d99f535a2ea62,10
863d9484514fdb9d,3
d210e0d42a82e3d4,3
83ef30987a1d741b,12
d4c4dcf030153486,3
c839d8bf95272714,3
e4a3f1a010cbbcc5,3
07b9a862a738c99d,1
37a9fe478fbb0545,6
3d1a3d1ee291761f,5
dd3070d05745651e,1
accb3be1e08cc77f,0
80efb9ecdfddae7f,3
0ab6dfd3d095d72f,3
8e14b70f5a5edd20,12
82a838210d66b7f9,12
82115b50fcf7562b,3
df5e33b107bb4c09,12
f4d8336cf63d6323,5
51bc24cf198fff30,12
d251fc33134c6471,11
d3558761d2b1eaf9,12
b3f58c34e3bc8030,1
e795e195cdf9a8c9,12
3c38657c71aaa2a6,5
751925c3d669c218,3
e3859c6a03767afe,12
4190cc28e6f7f94d,12
3aaea35cc7c0a870,4
bb2b4b370e3bb64c,12
242313648691ea5d,3
80196339823e20b9,4
9cefd849bacffb78,3
3b64778fdf46a14b,4
567892c0536e8908,5
15b2964b97271ba4,5
f273a01bfd8d7323,8
66d420eef6f12c3d,3
ed5d5514016bb5b5,6
84f3c4107226ee57,5
96fe602f793a1d53,4
0982af1b11820da9,4
b103e2b1947059f5,11
fc366f22c13766ae,11
b473553cc40297a1,3
c95ae6685d81d962,3
11740b98c9ec8774,7
8506437310a3ae18,5
9b2bcaca78924512,3
51a8252ff8fd635e,12
48a37c3973b2df97,8
a5c0e69cb223a316,3
2b495481f53cb79d,10
e33fb8cef30f9702,3
776f99b6a1d3183e,3
126cdb44c67fd0b6,11
70190a386b253891,11
a6ba7b86dda4260d,3
c449e4a8312c1c00,3
8d72733326fba7fa,3
d62772a50d576516,6
d56054734155ac1f,12
16f57379f6d705cd,3
348034b3449a1ab2,1
ca3dae2db66027fd,12
fffae8550af222da,3
b2ae5e03656a8fff,3
8ee0e8fc715ec811,5
d2767784fa837340,3
4de8332d5652ebf3,6
fadcd381c2d0c0ae,12
f464c853895a267f,3
609e1084c47ae935,6
d61f2dc6b86d02a5,9
76b2e20553d65e41,11
47d6d387e3a9ca4e,3
eab40ecf8cad0ad7,7
b1467feefa5f0d77,12
2f1d539a3ba617b4,8
50942ae4e9cdb0b7,12
bf9bc2955dad4e0c,6
9d4c93449c26fc06,0
db8ef74f05828e0e,12
e72c4b88ea3a515e,3
fb942248c7c65cf8,4
b20237ff0dccd406,12
5574e694587d0c01,3
67a243cce9272d80,5
fcdce79e718a8b45,9
7e6ea33c78e0892b,12
1722262bda4683ca,12
6934960119f26052,8
ed9fcec666c4443a,12
c16aad2eef41888f,12
9aa94214bb647c49,1
b7feb0f788060e84,5
71c05384fed3503c,5
d18f95104f16563c,12
39b301efd53b89f3,12
8749cee2ede59a7e,12
92a1095d1cdcbae0,4
83113c4afb059e1b,3
e0f0cb25e63b7a2b,3
47efdffdc587eacb,12
7ac9f15003f57ecc,12
67ea223dbc70d233,12
8871dc721074fd7d,12
c09ed26edfbebc88,3
d451ac8ae221cabb,12
31351f9f07531d63,8
d46bb128246c8e0a,12
d017db3b2f850bf1,12
c3d90fc0a6008a64,6
5587869b95cf537e,10
3b78d9f8c20c8678,5
d3c25cb0656f88a9,12
20a24a4c9708d1a6,7
fc40557b30099988,4
02096f657f7ee4b2,10
dfcf69c43bd84328,3
7f85b5e4e7e520ad,12
cccdbbe601b577a4,12
30b7aadee6e9ad30,5
906787b1e445c401,6
9bc5172c456d69e8,12
245218126dc1cb1a,6
7bca0d22b7bac5d2,4
d8199234287229fe,3
1693721d22eb4357,5
18cda40567ed2631,12
fbc9c7f566238869,12
97509f42f4cba28c,5
41bfd3072d109b30,8
6123ce0075ac5126,3
9cbae970a1bc1c96,12
34467bee9d2e73d1,3
a6a37250852bfa93,1
f4a22af96e2ac1ba,9
ab6ce272a7a9ee14,3
0ef74b0e0271f90d,12
dcb3fe340fe79de3,7
4886f2f45f695b27,3
1c4da4a4cb7627dc,7
35053b7668421e93,4
10002682a7e7ed63,13
28ad511d7c8029d3,12
5b3ab2e3d0922482,7
18045beecd8bcd6c,6
77e8d630730e9e8d,10
cb87ebe1e062abbf,8
79c3aa5d0ad98259,4
230be7f8c3cf4549,8
a2cb204e5e5a0f00,4
978893c913e00509,6
a193bdc40553a77e,0
cb4cac558b4660d2,12
6a20ad8ae98f63d1,11
7fa7a608da9e0a0d,3
dd04b12227061c24,6
1aaee0f8653513f3,12
acf9e6e32d59ab87,6
c9402d27609a30ac,4
de035334730cdd46,12
7da0c1e41445ea28,12
ec09ebc2ad5326f6,12
cc17eddb35508b3a,10
9bb56e82807404ed,12
1b3ef87f3eb0c8f6,12
dcfd43f70a765d34,3
7043d460b4caa5e7,5
dc74ae5809fd7e5b,4
c7b4c13aba87b9af,2
664e305cedd0ff33,4
b0d0889b150b7d72,7
a7f56b642f9ca5f3,3
ce3479ef4ae1557c,3
b69220374c21c277,3
a933bd3bdab492cf,3
ed2fc4325e3ba4d2,12
6d7a6792e909e5c0,12
a4b7d488ea11ae07,3
8b5a31c131e39271,12
d5ec3574901cfa2b,7
dcf9b7ad0d56252d,5
eb72c3dc1566b299,12
999b03a6f3c78b87,3
98579da31e43537e,4
e68d6b68fb836a0e,12
3aab4ea213874e87,12
afda51ae6092afa0,7
3acb0a1a497b207b,12
f6c0808da936d056,3
611166cdc6086e5c,3
a1c6156db9109e2a,11
e7223bdaa7a40f07,6
0045cf8b1154d37a,4
2c9a4ce3640ef922,12
48b480594486ef50,12
921eadd9bb23cacc,12
aac02e9144349bee,12
15d84bc33e584e97,3
e003ef026ac32ed5,4
388065c10816be85,11
27efcac7b80e43e8,12
80b02c94bdbf7128,10
cef32bd08712e048,3
79582100ee37e8c3,3
c00e4ce62bda7dc9,3
983f5ff2797be32b,4
0c78843e397ec911,7
232d9dcde5de3ad7,1
1e31a2295dfc8988,12
ea6cdb34879f9793,12
9c6b80a339a6b310,12
0fdf22570aeb5025,4
d9705ce4725eb7ed,3
7acd8351f616b278,5
6f0eb5b197831be4,12
9c9b0539219b89d3,12
eefd2a08069c4542,6
460ee7630705293b,9
2adc520cc5d299b0,11
f3b25dd6244f276a,4
21c9d677bb5d3702,12
d4460763b974ba9b,3
78ffa197e226292e,1
bc86ca903a123ed6,6
61ca89640556542b,6
39915a519c3d25b3,12
8adc27f8b17a4f5c,3
9e58d19fe36914c0,3
a72564c1fdfbf905,12
59a4d09ee7b001be,12
c4f5b285e5da63d4,12
32047aa4c70f6d80,12
048527cd70e9d1ce,12
702e4a554272b4ff,12
263d9e24888cafd5,6
65dbd91d4a335b0f,1
2fc7a37df443074f,7
0c931f12d2e89e04,10
d7a0b614dbaf1e12,12
5b0a305c4b53d454,12
1ce301302ad99966,3
0957a378c6ab5857,3
34b6b7ed177ecca8,4
f5d8d01f12029e0c,12
cfb78434916d93f2,9
793560c8639e8c2f,1
000309db937b1611,6
f94487bf7f642774,3
16ebeb9c88f6e50b,12
d71901c28543b3c3,5
bfe8d9c33d5eb2e6,10
9baf2e39816683e2,12
3fadd9ccc515bb02,12
bbdd6d3efe89b950,4
e697c995764afe61,12
3f7a0b3ede85d5e7,12
08cda8d4b4f75e3f,6
61a4dbcfb14b4630,10
67989691a805d432,3
1345bc28bd37fed0,11
af2c960272ad5806,1
e2819d2319195e5a,3
ba3887640ccd09ee,3
614cd72559ec59cc,4
eb7800871da38309,12
1e4ed99df52eae6c,4
a71e3e2b9102dca0,12
6aa0aa9dd3ca1aa4,3
ea8af9b72fb0e9fc,3
59673993075d2922,3
155e42410a535f9e,3
723644c316ddd2a5,12
1e8305a485f722dd,9
2c50b41e4f27d8d3,12
7dd8751de0072986,11
bf50ee73461473d9,3
3ca0df83d458876f,9
b2f9bdc80d57d2e3,3
39b6dbd5f5ad6168,4
d94909a4dfaa77ae,6
f6ebac2c2ade9240,12
18e777fcaa766e1c,6
7005bc12a2d623bf,8
373c5ca3cf5f33c7,12
3e24f932fcd16dac,3
4dc5ff818213affc,3
1d8863b1caca3a53,4
9a6d5043c38e930f,4
ed36f448c9bc92ce,5
fa1d2613a46749b7,7
68559d68e9a528e3,12
7b430f18128b3642,3
935fbff77354ef3b,12
0c597c031d301177,4
eb5d67dd20c3cff4,12
0c46de32e14a4fa0,3
19debdcfbe0d687c,3
54d4068dc4697245,12
51fd9f92e50c3ff6,4
f6d0c6dc0b762319,12
d4226141b7bca626,4
f11cd7b1f88e908e,3
6356e61a397f97f6,12
167f13809192fc9c,11
0f29a5466fde7805,12
e13e5da41b5fe60d,3
88cd3da8e1a43e4e,12
a5d8adfef8bd42df,12
7522438576fb8bf2,12
18dcb67d60a9ac2b,6
a12a9f092bb011a9,12
da3102218fbaf070,3
062cd62ea088f470,12
ab6efa6a00fe215f,8
89da8a525f58adce,12
4dcfd7d3ecd57a91,4
65d98eb250caa86f,5
7322e235491ba777,8
4621ab927640c64d,7
6891c7165af25a74,12
1a51991e24b2ebc5,12
802c82422c11211b,3
0426cc062f79bb9c,3
5b666a250dce2fad,11
6e1bdb6718e545b4,6
aa9ecb6c7b00f214,12
173d254bc7c01868,4
679ec75bcbf8f6e6,5
e5a27fb2eeb86ba7,4
51ce115fb103e7fc,3
1f6479852cfee005,8
97720f37914af9ff,12
7a274b79fed2e01a,12
7df60ac858f597fb,5
8faef957ad5e6477,3
bb5d5d08c1ddd038,8
6e77dfc92f41bed3,14
8540da48870b72db,5
95ee183025943501,11
9f406d03aeb84773,3
8da7613268586a25,3
b2f5fb66edd7f881,11
2b2c23e628301011,4
253ab497a301e66d,12
fa5f1d229f38ca28,12
716597cb519e7648,3
dd2d9527fb49d36e,12
b01de660c48a07c1,6
df8e815728df5d23,3
418a6a3d5ef9a902,6
d308e2c3185b6a36,5
8f14f7902608b072,3
84a7760a23c327e3,6
9b0726f206c53bde,13
627d5e93c19e88ce,3
218494eaf329f76f,11
6554a28ec7d5c177,4
894a51265a5aa31b,12
db86e1ebee6676d1,14
ef658787f2aefb93,12
a32a7cb245025e14,6
bc69cade84908a79,3
538af21a396b728c,8
538045bdbafaaed7,12
a0464fcd8cbc0123,11
088641dcb8dd2c58,7
7f5f27f188030fe0,3
e545ec9ff961a151,12
68371f8036187820,12
7221faa39a7c43f9,3
b313bf277f65519c,4
6a2d22208ff9fa3f,4
98c7204a65a4c702,12
c1f85bb6dd0799f3,6
c6ee0cea82ef52e1,12
9a00ce52d08ce960,13
e6bec72bc66d1796,6
853b2f4371a37af6,8
718007e3cc7640a9,4
d26cf2bab767601e,11
42f7bde77c0ef998,4
a8c2e9b40887741a,3
a70e3d0f2890604f,6
0f76bd1680bc4021,6
da9cb94fcd7ef005,7
e61437933336750f,3
04be87b4662042ce,12
6d77a595ba92f495,12
b88e4b812eb00027,4
4f757b2f46047b15,11
5d944ffd5d961350,3
18d4d6333a8915a8,12
583031da08993c87,6
62a6e111162c36be,12
de80177520974146,4
f16526944b3508a8,3
279d371684edf09d,12
ff9d2df92970050e,1
3159cfd5c297eefd,12
e29c56e070f40ba6,3
cc74ef594b2be23d,6
689fbd33b3485ba9,4
64ecdbe696d06551,3
b5546f07c3257706,5
560e7e5cdd7db41c,4
9a838a7dd16dbd7b,4
1badc0e1b77c594a,12
ab12c17464bfa185,12
b7276c5ad9a65503,6
65c7551e530f3dcf,3
3e660726459f5dca,3
dc1c53508b30e140,3
57403664c24b54db,3
cd818aa8a06d05c8,12
ee5c135de0b781f6,12
6a8f2f36d2157fda,12
eb7409497453f059,2
4800ff19a8573582,5
412162010ad278f2,8
4b98cc06377d2c09,12
71bfca880381310f,14
6a1b07110d560047,5
11216eda059249b8,6
bdd1d8148e947c58,6
e0a21e9ebb0f7369,8
74a4d9ce7d4c450f,12
80d8f6d95cd08930,12
7384dc28cd57f8d5,3
cdd399eba9efd1f1,3
6986d7ff189dd196,11
4480935da2b544fd,12
c57d777615e26208,6
dc2842c433136403,3
1a97f052210b7490,12
acb5934c0f8b23ab,12
87f7eb2d7417c3dc,6
f7eb42acc0262e63,3
31ee5a69c2f25692,1
b0ee156379021010,6
dff4de5952d26507,10
cd547ceda3b8022b,4
9ab727f4ec326eb5,3
a0c3a8efc27b09e7,5
32d9c3ca661142cf,12
f4b5e2e1c2e019fa,8
ab26939848c44992,11
de23d0643ed1b042,6
385d012f6a25c6b0,6
601b51ecd2b2abc6,11
3b99e2a654a3d0c6,3
9441fedcf97afb81,12
73b1cc7da10dbce5,11
fa9e19a35e94a132,4
27b0815b37408a1e,1
0e38be29f2586197,3
36cbf1c81aa4f3bd,3
d39644fe27df6fab,3
adf3e00e52f6d8ff,7
4a5556221be4b2f2,5
6e3640dc59b2985d,4
884bea9b8be3284b,6
3478a9ad2b19d72f,11
01952f768e547b0b,5
1207f545e47af6a8,3
dc41575a27f70c9c,12
26bd660db4a8827e,7
4fa5c6243c3f56ad,6
dc65518a3e6da853,12
8ba18ec4a08cefb8,13
57ffd13b8cf0d4de,3
a3729740da23e7ad,7
9d9de4ef80324a63,3
840c751a688aa2a6,6
cc2076d24da8a1aa,12
6fce0ae974049733,3
891549ea73f7b88f,3
76987edcd6fdaa00,3
a428cd8af1975626,3
a57e058939795848,12
684c070608066ae0,3
babac61a4dd8f47b,4
3dc63a925dd2f089,12
b501bce731a994f5,3
4201435691d47d41,12
17b6bc9dd963c12f,10
9afad5805b84d62b,12
c77e835db66f5d18,12
b346bbd055f357fa,12
0a298900cb1ccc79,6
cfabb8ebabdfc55b,7
63c8875f9150cc03,4
b97816c60f191c5b,12
94f0c9d93bc33514,9
8b0b2d637a863aba,11
fb87bbff081e8afb,3
1ddec32126ad7144,12
ed925bb1b3f856ac,6
c11d74e034c791fb,11
89a6bf9d2712a24d,11
7db9135818ce0b14,3
61d0bd76bb991519,5
9979ddf3eba4c051,1
64254ab3602da51f,4
4baba18d03433cdd,12
1211ed337513b416,5
47d83a242f49e069,1
f17ed4709c4aff00,3
69c83a2142b009c0,6
c38196b436c351f0,9
3ce239354819e166,11
af764b393f1b908a,6
656ebf960aa175be,3
27827a3c024ad92b,3
bce5a6765b872b25,3
92f4bea763c91094,3
009decc08add1b86,12
989be885c4d7cc33,1
866fda89c36d9a48,11
a2148aecc95e5afb,12
bf0009efcbd93652,7
b480c6087254fa08,6
4ac7742d06981ff0,1
dac6a09717ff2884,4
b65a889df2cc8d2f,4
4c10f8d87b05267c,8
12e777f17641fd5d,1
aaa05d210fb59f70,5
348ea7c9021cba18,7
27faa5d95389916d,12
4cd178a6bb0cc9ea,12
1c71293d11dab969,12
ff83a877c213cdd9,12
5a4dca6605c32c69,12
30b70f6d8bd4aa67,3
3ba4633d064d27f3,3
258ce2235667a5dc,7
23d2b8c87584af00,4
49c0d1cbf042e56b,12
5bc2ef3a624b46f8,3
1150521fe7078e47,12
3ad9411401e21dbe,3
a9dbd61168eb42fb,7
dc1af14d688928ea,4
136e19e35487b4cc,11
e3ff00499b072cd3,3
4df04f0f7fc05d42,3
1855d851e9a1f11c,3
0b3c6908e990b94c,12
19b01086d4f22527,3
20d7907ca321b025,7
9a4434970f6d71a2,1
96acab5c45d66658,3
5997d9a8e94ab3eb,11
883381460d70eacc,12
f358fd082ce3b5e0,5
726dfe9a2a6dc5b9,4
6a30b9e28c2aa99a,11
2e65d2d1c2e7b169,9
e4b98a302395468e,3
95cb90c403a4cfa4,8
ee29f0380957f827,12
cb1cb92314add0ad,12
830a7351d18ae6af,4
1c6a703b6012f147,4
a3f550ce7d6ca1e6,3
10e49c2f61de534d,4
cb61f2bed0f1687c,8
9cc611d5ef21eae1,12
64ee7cddbf2b11c0,12
4e22ac71453ed0a6,9
8181517a1450cb7c,3
bf3ddd60bb4133c0,3
31439a7082f09d75,12
6d0035f801bd4d03,4
925ae2bd336fe2df,3
0ec101747f1ac07b,12
ae6b8e3bff3b8fb6,3
fbf5921f2508214b,3
d1795f03ee97844b,6
887945a101c6682d,5
3b4a5a3d811eac6e,5
a450aa98bcab299b,6
a1ef5cb9061dc663,12
0009b4b8a2d98eaa,12
48e128df3338ead5,4
dfe07346b7e9b96e,3
6ffa7fa0923c1161,12
537d0da00896e995,3
b3265d9eecf9b923,8
eee2398fb9c65fa9,12
3d00279779d0ccd4,1
a0ce6118a4591819,3
b23964850b5ebd4a,3
beec22212733decd,8
512bac42cc652731,11
0c58363314154344,12
75f640513e82b5ac,3
9d26fa90f99cd26e,1
86b800b6448cb16f,3
e399a5e7202fa9ce,4
fd45405991ad7a0f,11
0e6006157cc3a604,12
24a2945e5aee7e73,3
669dacdc25540ca6,3
d68d338b1f9450de,5
6e2d2487b391aba9,5
459276f4c119c93a,12
313806bb37a054b8,12
e63d1f2aab4098ba,12
8fc8480ab8d39aa0,4
a77d78278df9907e,6
de3a1bc07b0a9bc7,6
7673387633a4cb68,10
64cd0c98ed4615cd,4
1d9e481a6c244b9f,12
8385f5f9e0c4fd12,7
deedcc8c5ee7aeb1,6
c8bd6293016ca4c4,6
8bda0df4c6894e51,3
ee7b185c1c0f7027,3
3c4ce847c0e2c758,12
ecccc1a614e9ccf4,12
479ea836f99856a6,3
a0563b260337992c,7
70e084a4f68617a7,4
a5d1ba558e4ea95e,12
3f0af28083415a8b,10
5562cc52c2ded21b,3
d58dffe5088f409c,12
fe3c64dd4d1903b2,3
37b7b33688fe1f7e,3
2beee8d733fc82b7,3
79dfd2a7432f57b1,8
99cb6de6f001b782,6
9015128f27d6c78b,3
cd0999f37b2cbd6c,7
3ee56c8953f41d29,11
c0f985f324a36b03,4
cbe33560ff7ff5e0,6
3a3b167d40a45cc3,12
0e68bf018428602a,7
d8e5a56c0d98fef3,3
8d017ff9fdf3a1eb,5
8373874e2b58e6a6,12
331cf7885809dc44,7
505e7ec3fc8b491a,12
707aea173c7161ac,3
ea4f49a62bd95c74,12
2055717b1d42e0e2,6
9645d10fa1070f37,3
fbc294fcf17f9636,1
4d0267c747172753,7
9d6c47f36050e7af,12
df2a150334cd4be6,3
f1e0517eae1b7315,12
1bc53a33bc837e91,12
a53943c01c8b7622,3
522ad19b8180f451,3
91b049967c49b40f,7
8f2b61ed2324c9db,7
dca4f5a0e7cf002c,8
7f00f87c4ec8a384,12
717e15cc09eaa68c,13
6a11d4ad8bf14a61,6
8d12895f49a390f7,3
d7bda863ea1b3623,11
2f9f0b1dea82c74f,4
52bdf0ec1cb5e664,3
1b32ff76292a3528,3
d6abb750ea543dfa,3
6320d5951cc154d4,12
9b8d9c3b5e9416cf,6
2e2fd1f311ba77e1,3
1cec72bd277d0254,10
0679489e2abf15a7,3
2e5536b813e60ae8,3
71d99cba01195687,3
8faf85fdc2dd2fd5,4
8d5c50db102a9a96,12
49bbb925e0dec630,12
09c937a16e209715,12
6b6848b4af5f9ff2,4
c0d5b7fbbbe49394,7
60970329134d0c31,4
aa664732b0b408d7,12
00d283172a4e11af,3
6588dd71735b8d40,8
3688573f5a9659f1,7
6da71dc0ccb8c70b,10
88b7821a3c53d25e,3
16c7c0e72bad9d24,10
e3ba1be119f97fb6,3
894f28bb36883c38,10
bda9902c18fea011,12
5e9430409cea1643,4
f6c02f1ed25ee6c4,5
fead55e740a99714,12
288bc8760ed9b6d9,8
2e10a9c62fb1fd23,11
82240054297713ae,3
fd56ad698af2d47b,6
c393b77ca79f4204,5
8c34b8f38a34c4f2,3
c5d5d8ba930815c2,3
de06717f8d0e2a1e,2
5333db63bd1e3dcf,12
bf582666bf564e81,10
33f57150853418fb,3
1710742ae8e657db,12
bc92fc3e47dcc27b,10
2e180e7c904955db,7
f15504292d4b166f,12
fb85bfeb5fd508a5,3
d7681932ccc0f666,3
883b00bf0f250928,12
96b7aa4ae8718240,3
972505b7da35d2ab,6
e02ef566b6e41160,7
25787f066e070098,3
a30ae3885f4b8966,11
41c3903305fffd66,4
2622fb8ee0e28434,12
bed9870d506d1ce8,3
bdfd0343cc81343b,12
ef25f0fe80b50da3,11
142b0e2f9995f560,6
3df004535b0b4ef6,12
1bbfc821fd191323,4
3bcbf408479ad059,3
545043260a4e33ab,12
8f3122f40bad4d28,12
300c5798809b699c,12
ba07615e649158da,6
88f7ae6ccb7a1306,12
b76a348a46e14cb6,3
48f7935c5e232277,5
29e9278bff1c347e,4
9c5299c0f7c004f4,12
416ecb4971281d78,6
325bff953c891bca,12
b89f26238599705b,10
fa774336341e0f22,11
d31136dcce61471b,12
98f8f7e7de96d0a1,12
68a722d1ece4e9c6,3
1e21b48fd708de37,3
d79bfa98f6b27f91,3
1fd7d62e3ac9e53b,3
2514e521b6b80d78,3
9c01bcc28029eefc,1
8a5ce203efc53ac2,3
3949210082157198,1
50d671054c3b4879,3
96ba12f0ab262d33,3
de37d707e7edeacd,3
7da657058e4cc188,3
bb7cadc28854ca05,6
45b4857ed73a7e79,3
b4f7f5ed9a481f65,4
6c53058fb0e3b0b3,12
7a041bb9e56a1c5a,3
c36cd56ef706c27a,12
d8ff95046116219d,12
4722bfa98a63c9b9,5
1f2ab639a15616e8,7
162e000dbc656cd3,3
e81d0d57c960a6b3,12
828406435cd5eaa5,12
b0d52d6a11de9aaf,3
df27c58e7104d0df,3
5eaa3d5972bbbdd9,4
e5d02c55508b94aa,6
dd1a61d6edb0b87f,7
59a0c49f61d98aa5,3
7f41adf4ce6c9c92,3
c9057360b4bde1c4,3
bf13286dc88e4129,7
a95c2be426dbe2c8,12
f79b46e6867e4244,8
de57bbc432d45056,12
c7b807ee2cc0c305,8
29d79ee75d5d9634,7
eb2da119bd447a75,12
93038327447c9422,3
bfcd1889f2a763e6,12
707498e52a091b9e,12
f9843180325b68f7,11
c210778dafbda5c5,3
b4b5a575eca88b65,10
aa6a35ddcce006e2,8
0b08946aecfee026,4
80db29370e241dfb,1
a5a717257e8840e7,6
da2be6ad158452f2,6
88cd21a5505527f4,6
5615e8a7aaa6d892,6
547814af6036ac8c,3
09aa71355b45b419,12
3c732ab6d81e79e9,6
b19cbb281f57f6f5,3
7048b15c04da05cb,12
b9decd298fd644d4,12
1b1e3a2259b138b5,3
d232c8ee0bc90612,4
e0ac51b8f78b077e,12
3b02f3faa6bf97f9,4
a72bf425fdb0ba40,11
7c21b6e7fb59627b,7
be8e91e0a75270a4,6
a965b498f8016f9a,12
dfa4479216f475f1,11
dee73304391de406,12
817703996d467bee,6
1c480674e63441f1,12
a9ebf22265cba1f1,4
6cb43135218b8e4d,3
7bb7d34ef27e1fc8,12
fa9e67dda6399d7a,9
e7d07c9f05cd4c64,12
6f6ce8f83dd87db8,7
10ae114067310bfe,10
bf38e8226ed36c0d,11
115e82c3bfb17998,6
6802bfbc6cd02040,12
f4ce97e5fe3624bc,12
8f92fe0c141e6ea9,12
413f1ea1856383a0,6
444e0853a464902b,6
906ea6c8cfda57d1,3
606bff9589988ec4,7
57f0ae88df2c308d,12
3c42ed1f946ebda7,12
b27332b80e3d08d7,11
7effe82fdbe67bf5,3
9d5296a3b556ba3b,3
7e5c225c481c38b8,12
2074bbca36169e45,3
89688bb01ed1a7f9,12
dfd1a127b1260a08,6
63bfd733e5dcdd45,3
0e726e1c224efa99,4
93845ceae5ad2ffb,3
61232a4e2f1cf020,12
12e844f36af01fcd,5
8c0ad8bfc47ab4c8,3
e2e87e732da7bdec,6
cc5a4e1e3963c14a,12
df33e20ada60a749,6
13ecf46895a053ff,3
9ef118b45e66c41f,3
d207b01ca5322de1,3
65b9004f469dc5a4,12
cbf5c8e136aa1795,12
92e0e8807e0d7b19,5
240d41e7ce8e6729,3
90e58f972c7718aa,7
a60864ba2ed23f2f,12
62a9a4f8bad9f8e4,12
936882b4efe0b444,5
fc6f40fc6e3d5a6f,7
d55a2f6498bd2115,3
78b182f09f4b97b6,3
b1db11c8a134581c,7
f6bc34c9f59d53b1,12
87daec9d1b3ac03b,12
e98312cf444b772c,3
c2df3fe5368c61e2,12
fa56188424f855f6,9
14d04a0f5cd1780a,4
64164f3eef4be044,8
c9da94f7daabf233,3
bf11873ea407d7be,3
9d37da23ec10df31,12
bf899128a9e03d9c,3
286331be72003270,13
8f1b6324aa5306c8,3
023a82d220e144e4,11
d99e9a6cd8ad83f1,7
1ef7890070a7de54,5
0e7dd35d4a936427,12
c345d5a5dce1e533,12
d5786d458c2e5199,6
61a7119b448a7bc7,3
ea19e57398872902,4
20d1def9aec7b180,8
f946e0378bb413bd,12
f529a9786296cb65,12
b05f4c3fd11e6d00,3
71382895e9789b37,9
525f0a2236b8fdce,12
dd599cc1a3946661,3
c712190f4fb3a00d,4
9a2d768d98839d0a,8
fa44c3aa5171890f,4
6324b81d7d07429d,6
312982ef9032864d,12
a6d03f5b07dee301,7
2a40d39aeadec772,5
64d8bcde2cff399f,7
d60d800a6969292e,3
75d69f8e4c704128,3
5dd5c88ea9f5a040,3
51063e3793240fa2,12
60ff8e0ee710ab24,7
b162117daa111bcc,5
0d9b65bb1210f944,12
12ab4e7023906b43,6
b77cde8f74167b4b,6
b925d2e1bd2a57a0,3
b72b12785f2b5ac4,3
6e36403e86154482,6
45dcf2b1127ca86e,3
4029dc0131b75d53,12
96ca573fa693720e,4
1460c500b2c370ff,12
1a2449061df56f19,5
9a6cb7903eec100c,12
5fc2fa060e8ce8d4,11
560e580b8f1b3b7d,8
5699bb08e1586dda,6
dfcd7b29615913f0,3
ae713c8d8a282f5f,5
d95c973488147daf,4
390ec029fc0bead3,7
e5b91d518ec21dac,3
d9c704772960850b,3
9bb58c27fc291f20,3
c464412e71a6d59e,4
311d0f11711191ac,3
2cdef81dc3e468a2,12
9944e7b1e416d48d,6
51d6621026a61ad0,3
64b609bf1b33984e,10
fc71fcec6abeb41c,10
f2872d3c25e95db5,6
d2db3fe5613ea9bc,3
95646255f84b5264,10
8c7c571c72724103,12
d57a20c67dccb7e6,13
a664915ac7d704c1,8
fd49c77b1322ade5,12
7686ea11d3273447,8
27d3b479ea2958d5,12
ff2c4f36556d688d,3
f2fed772511af57a,3
099447823a5f6667,4
b0bb98e90126a01b,12
cb4db8e1b1195bbe,3
f6097714f4856a0f,12
281bc39bdfd22467,12
8b4bc01cd4dd87ae,6
68bffa4aaa1bd130,12
d577132f11eb09d0,6
8a8c7e151fe30590,3
d14dbe16b82e6e21,7
1019516090443713,3
a69232dee97279b5,6
d68b8a9a4b53c105,7
86c6df6a9b7e59a2,6
3bb38fadc29d2dfc,8
9e4a20e6c49cb4ba,6
a2503758b3982c17,3
6700b9540822cd6b,3
65e2244d6acc02a6,3
b9648a2c3052f5f8,3
2e57f2ee60869303,12
28e28ef8ac186cf5,12
a82354497b0ed29d,1
7e7224365505002e,12
9a9e4a119fca085f,11
b697780a0a651786,3
89bae59795f9537b,12
3d260b7ed32aeb83,7
05d221b7ff801a83,4
7ca191dc4b44c7cb,12
ed33241556ba63e5,11
2ba234627031edb9,6
ea2dcc143e2bea12,5
39d94b959af99e07,12
fcf49ec6ae88b003,12
13b7f52c492f6333,12
7a247b431b8809f5,7
fc73d6e1dc8e7e90,3
71e692e2ed7638d1,12
eabebdbcb3456cd5,12
4b094384580296de,3
bc06f189e0b4a541,8
e9c81aa52f065cc4,5
858a9f73c7625767,8
b1e314ae4b1520c3,3
b0d9d38e99467366,6
d6d2d169c6e7d573,5
c940c08e3cc79085,12
f560bca12f71cd4c,9
9b32a06ebc236b3e,2
302de64086732eeb,3
4292739beb6a9eb9,3
0f6c7b2c1ab94824,3
d95bacfeec3686fc,12
2b10afd8b4a6d311,6
3f379744ba3df929,12
df1127a6386537a0,3
1e987bc7df95a9f6,10
42f45633bd87f629,3
ef90d3feca3f47c7,3
6fc5f9a6418f9bd0,8
6a57cb694705b7fa,3
9b60045a4108dd52,12
bbe723dd07f0a79d,12
355f8e36ff4eaa06,3
df4394a8cbb9b6ba,3
9624f5539fdc198e,6
9dc849304f20c4b4,12
65633dcdaf26c4ef,9
2e88be06977a8d62,7
dc42a2ca9ab34c6d,3
5564fe98797dde0e,11
c516c939f657786c,3
c924d6062465c6ac,6
5778dbf65dddab10,3
1a0a66392dcba707,5
0d7dba3bc03502c8,12
20709b5d4502aa12,9
15ca03d385d02eb4,3
e92f8a642891ad6e,12
006daf435d59c06b,3
05c86f0beef794bd,1
cf150f2d04eb22ea,12
b644d65d190bec9e,5
c64d4d6c9f17da6e,6
c8f7449212289541,12
4693e5d3c721e2ce,6
28f5ee6c220940ca,12
b665da430755bbc9,12
97706badd2102341,3
7dc7406df263dcbb,3
de9446ea090b7d7a,6
6c5a3c1d1c14ac2d,3
f2ade7d7ffe102bc,8
14bab33c9cf1b1fd,12
ca3600ef8202dcfe,3
78de97aea57be1d0,11
3e56f90fc2d1724f,3
33d340abf8a99c5f,3
fa25a2a3743b6493,3
59b8eacb8022c482,3
95de38c2e35e4763,11
7837bec3fde9cb58,4
35d23139927cff80,3
a37f2e1b5bd49a64,3
7d5d516b4bb2495a,4
dcaf1b9b372bd59e,12
6a4360bb522b1129,12
f0d4ff595df729d4,7
d0acfd63469ffe79,12
8ab19baa0b8fe8c2,8
56b62959c1531efe,13
94e51165ce7e22a7,9
cbffe7c16b3ec7c9,6
4ac8f6b6009fcfc9,12
74e15422f40c0649,12
99665b10d376541e,11
553fa86002b0a87a,5
205a17c18069d7c4,4
853483400dab094c,3
8c215fa8b98a8a39,3
c37af2125a11f2c5,11
db5d350431aac24a,6
f724f990f5e309c7,8
0385ab6664021358,3
acaa548fec2fddee,11
89c15815c092187f,12
6fdd6e22785b61d7,3
525a6cf940410848,12
ca816a9db1137612,11
8e6833d6a077f97d,11
b1639e07c0710e3b,3
df046a9aecba5fed,3
38edfd41218e00d4,12
f544783737998761,3
9a47bd66df6dd604,12
13e98009ed937b7d,5
a5f1c6958036c458,3
67d5f747fbbae3ad,3
98ff87963806a846,11
44ac477bcd07a036,4
35d0557159c363bb,4
f58dbdb9819257b8,4
74bbb96107e26cfc,12
0dbdc11c7d628245,7
bd03e1b75f1be204,3
aef516c7cd7f438a,10
c2aff3e5b7650155,5
08e9b85d30e8d069,6
18147d1c84b2926f,4
c7b7860026ee455d,3
0e55dd9ab6633b0c,12
e597717db7fa19ec,6
4c84de550a9607ab,3
29d10f4c8f0b713a,12
df09351b0e617a45,8
b450ab1db4524472,5
61bb12b561ebb039,3
efae796f9c4b7451,4
6d8ba739a2051ec8,4
5ff380e4bd5795fe,12
9019ccf65e7a9755,4
ef3b955a48bfed31,12
93c49cc20e67d906,12
4e3de0984492d41a,4
33f407ed4481fdf5,3
4d783c678c8d82cf,3
dd44b1baff625bdf,3
42316b219fa890ea,3
ec245eb12263c1be,11
e655abc48f1f89ff,12
0300fcd068359e62,3
6f26e9d6c193dd3b,1
a7bb581480144380,6
3f5194342385de49,12
0908a57140e624c2,4
aee7ef4f4a8ffbe0,1
7446ac4b8761ed40,12
07a382f4262fbaf9,12
413be45397c864bf,12
d58107cbd3d615c7,3
c85cf982fbbe2fcd,12
c0e2ff55262130e5,4
eb0cc260df216af2,5
727ffa9f073426a9,3
2c600eb1c5073fe8,12
b5f38116fc8f8e78,4
72bf5a6d7363ba6a,3
d4c82f2e7dc27bc0,4
2dbaecb38fc0257f,3
9c00c23af72ed6dd,12
62fe53905bbaf609,3
141004f3b3960c4e,12
9bfbc1efbe3c6ed9,12
49bdd0b933e36269,12
1998d684355c3342,5
8046d9a1df4217a2,6
bc24b2e24dec8dd8,7
12055a287da1313f,12
0261093e0e410274,7
c89ef6ba301293c3,12
a27e0621e0922c2f,9
dcea395f61e77cb8,1
dc370d85c40faa29,11
624c60aa8c41c7fe,1
5cc7c323ab8a5485,12
dc7bbd0f9d561e54,9
47f1b77ec8b1df23,12
a4a83dac7998b96a,12
b7cd67e88a350258,3
b388e9dacf1eef65,12
b214fcb22b456c4c,6
029443db89a6dfd6,8
893e4c1b3dce5047,5
5af003ebf25d6c12,11
8e0e4fe4327dd649,6
b6b156f5dbb8f5fd,12
a9deb9e1665aa483,4
b97851f8e7103b31,3
258752ab152bc7cb,5
3313d7c4262a228f,4
ae3a8d8faa0f1664,3
63bbbaf452f7113f,12
0e6896bd96634165,6
d17d842af1abfb41,3
897758baabdd1a2e,12
bc1b2115a628c45a,3
a7b89e009d4bd72f,3
a7e4ad3b24fe3596,3
e9c617c3d8978def,3
2d0633f07728f07c,6
85c42d6ad6b649ab,3
e6812ccdcc2fb4f8,7
d4a09c4681870eb2,12
43121e6c964d4375,4
16a534a44d13c46f,3
24ee54faa0fdea81,12
263a62f8cb6f61b1,3
1c8f71a566e4c5e5,12
a3cd69bb000f4e5a,3
0e97900b83124fb4,3
a737c72ddc973d65,12
1d9d8d90e8a61705,3
a542eb39eae56888,4
7f4c92f14508c376,4
6e3e7ca02d89eb49,6
14db40e1a2cc9069,3
4720cb6cec9a0e08,11
f239960497cf6120,7
6af47203be2a8cf1,4
66686f21231e029a,3
3117f850f471b8e2,7
e0c3a0eaf211b638,4
2ee2ca624fc41fd1,3
5c689e5f42b2bd1e,12
344cdb69fa84f2b2,8
70c54c9ac5addb4a,11
8681e78bf6401ec0,12
3db6d207b1da61a9,3
9f48de114590ac4f,3
a628750ca8a6db6c,5
4cf48df278e97aab,3
7469ecf570654dc2,12
dd21da83d8acd4ec,6
2675e9570d2f1a1d,12
0d8faa2099e947b8,12
06882432e5f211ad,10
aa9e017bf945cf59,4
981e08e481181cd1,5
9088c5dca6dbd9fb,12
cd89b1b8e01f826e,8
93fe2b50ed5eee7e,12
ed7a07082d5c133d,12
182140d197a24069,12
104bb68e8d27bbd9,6
48582de26fee88a8,12
50763533fe5daf22,3
109fb153378afb84,12
2dac599ff87f8b90,3
561b1b61d8d83e83,3
93c4a7581842cc50,5
9e20ed02262d97ad,7
05b2d92404d33bed,3
c18593d03645fded,7
f4fa735ba03c1492,3
299d35a92fd2bab7,8
bf00a8fc3d88901a,5
7ea130de9963f75c,12
edde9083069969c8,12
bdc1290ce3883a4f,3
c2f656ac1339d932,12
d99f91e7c488b877,3
8652a92327313b64,5
65e34d2914347977,12
bb0e4e9291ad951d,3
d2c1e8f3030a6dd3,6
4f9a4caa07300ac0,12
e232759aee6365f0,8
3f84b1290e5061bb,12
ad3ee3fd9baf64da,7
ed454ca0af23a4d7,4
b78ec3c1fd814e09,12
eb5ebeddc06730d4,3
54f11da39ed6416b,3
87f06d196dcbf0ed,12
60177227b4b1e8db,12
20cbccf52d0dabec,3
431a8dffe60c322b,10
55365a0b5db2369d,3
2231b5360fdae6a5,12
69aba4434efe89eb,3
93a8189cc1537e41,12
a2deea995f997ff3,11
461d86a4eb1488b3,3
b3f33d9d21ead7fc,8
95662615493aa134,12
db9c537996a1cfdc,3
b606459ec723ce19,11
53bd697f5bdce659,12
a17a3d7bd0e97fff,12
ce0342de11172a55,12
51999503d30c6701,7
eb9ee88cf34694b6,6
7eeab24742038556,3
781ecd9bab49e651,8
065bc553f9357942,4
a3dc10194938d8f5,12
f64457fc29969f10,5
fe8f091a6a3b7a7b,12
be06ef3e9a2fe357,3
83e3e9ada4db7677,12
fd4b854c6c356d38,12
c5867ca9e90a493f,12
42a6d0030b8b61d6,1
353fa69c126cf93c,11
ecd27fee3c43bbd5,7
3c1e60ddfb8abef0,3
3a5804d38a02dc49,10
14c407e634590e70,12
88238fb0f13c5e32,12
4437c2afba20d4db,3
43b7b3c3fba9f2ec,10
edade8d5368eea86,8
75dc83866f84a309,12
8375837b0087f739,4
b3ac23e92773fce2,4
ff53c0e9781d7964,12
5321010d08528a95,12
9acd59f83a613a99,3
ac654df1fd052223,12
295a91450ceb01d2,11
25ce0ddb7c8b073c,10
d33686728491928c,4
f4dafe977830637e,3
dfabbe2eded52f8f,5
195e7f009f0da52a,7
f6b24c3343e5a022,3
ac742200f353515d,4
a53d431821c4fea8,7
0e0899665399465a,3
e2833e270ad81b76,12
53537d769df4a6b7,4
37f76727f025ea07,12
fae2a4f553d9824a,7
864b78a9f2d39336,4
b1abfce8ff1c2c2a,12
8f1e2d92ebd26e1a,4
ab1a7056630bac6d,3
50f8ae0b4c6d81a6,12
e5458f133cda8bfa,12
c8e5374e60d60430,3
f986e696cf68149c,7
350327d8dfd25353,3
69cea137bbe22be7,3
2aa3dc54fbeea016,12
2f5c48524a30fc07,4
ff340a72c8353b9d,6
c97e42db121dd1fa,6
435fe7acccdc4f13,11
ef95eb9672dd4ffa,12
1a9d7bdf27088845,3
59d6a3497aadae35,12
26d6f7d992c8e140,12
dadbb48db6edc1d8,3
53180db84c5b5ed0,12
9879ad1e41c189cb,3
4618a3bf849a4fee,4
56c15831243f496a,3
9cbf5ff01be58531,8
2ba1dffcb618a757,11
50c5b36321fb019d,7
e069550ea6392ccb,8
f09f2c596e65dada,12
8d77919afb61044e,3
58aea721c7756c04,1
81dc24e7851367b4,3
dd11e5c5806ba508,12
0c7ce4b692b1680e,5
95e7b1ce9db681a8,12
72a05d038620ff5e,5
9f84e3caf8bd89f4,12
7eb9cad5f389249e,1
8680138d0d25fcd4,10
41d0f0e325ad4898,3
4564635b20d39ba2,3
9c279022d9fd295d,1
4db6d981cd712386,4
ed729a01a51e2224,12
c0f6cd7ac2bd5fe8,4
640717643719170c,3
6d2b00227c992ad7,12
079824258d409870,3
e23f2d9686005c5c,12
28c5fb6798eb665d,2
90c8f24c50f75b08,5
d292c5f978370cd7,12
6af65171727e7c4f,8
fa55f624ace7c6e1,3
f116d43e12980267,3
31467e57a31fbd97,3
994e2ad50f9c3603,6
9fc014bd4c8bffb3,1
7e959c3cdf268c6b,3
7fa9cbf958299158,6
8b73ea40d63edb58,1
8122dafcdf7cf32d,5
5057b9a4c95a145d,3
5207d80cb73121eb,12
54376e55672118c6,3
d0c0e44f1796bfee,6
98228a9be753e3ba,3
9b7a81d48ec86b3d,12
c235942ab3e74385,12
a407ec75cc2c72e7,12
ad68fc11484552e5,7
22c3feb0182c2198,3
e0104361e82401c5,6
b7ca35520f61cf1e,12
dc755183f358eec1,6
bcc0ab698f2555d4,3
a908bfd52b42e12e,12
58304c727a2df1d9,12
7b3d43952caaab89,12
a73e5d947ab0977f,12
e93cbbbfd39787c3,7
75811b917ecd7bd1,6
5559c70c3e0850c3,6
3e1f23611c999b0b,12
5b3a7d27343e297a,3
c46ab1fda2b956ed,3
a95946da9c3eed65,12
ab0f05fdc0134420,7
76101322d7d142d8,6
a855d7d048787940,7
4b7458f394665b02,9
233546e2ca2d080a,5
a0dc4efe4f8fd37f,6
f7efe2201dbe4736,12
f9e61e5b5a4924da,12
98a7bb914018fd36,3
d118d7c4711ffe38,3
96721dbd6edd0504,3
4a64b75986c307dc,12
08c6d03d200205c4,6
d1d4de8d99c9da9f,6
29950f5b734c2124,5
42eea4cb03615b1f,12
b31235e2700bc28c,3
36377e40a8f676dd,12
5615ad287e4eaa08,6
1116cb19f19048ca,3
6fc9cfae80694f65,11
3c18223361926637,4
7a7956116c248ea9,5
b5d242a778523a9d,12
7a4bf340673dfafb,3
13ee7d69b0c93b9c,3
b641eb7f0ee3af91,4
32fd210696759069,3
cda29039a20ec355,12
552a6a34e82ea32c,4
89d78a784d504c14,3
92e9b5c39a9c43b0,12
289c02a83a69f914,12
371ba210b5975365,8
d3efa4dd3fe8f973,3
2ffa89b7bed0df34,3
15deba47bcaca67a,5
05b002102a0bcc9b,1
4b735bbd8d1087fd,11
30c90a62185a1cce,5
e7b4ba3d215864b8,1
46363b1d1942ea35,12
a4285edb21afa57d,12
2b0e72c4a051ac32,11
0fa7aeb24c588442,5
967d6543e9677fc6,12
a4637dd452e18ddf,1
d26bd5c3389cc5e0,12
096b24894c679e53,3
807ec5d61e9cf919,12
a49356429fb4a75f,3
daaad1afe4931b7f,11
cd42a6282c411a4c,12
535f34aa076f2eac,3
e9cbc31978f721d4,12
2300f7c7a8b6ac8d,7
23b01ba3140c4771,3
5acb754f50c18195,8
31d5500b345fb157,12
69066273786679dc,12
431112efcbe6b600,3
15aa0f90afd82d81,1
8410706025e38093,5
e47d106a54ee108e,12
6bbf23bec4988e74,3
82d900a35a091453,6
85c193856424c3cf,7
7408aa13a4cbec0d,6
591dffe9ef986aad,8
1991fd829820fd92,3
1d22cbe09f72fa12,3
0055a70afc629788,3
77b45782724bc280,12
c3aefd8067dfb877,3
1653980f319e320d,7
41b84f1c0cb06af1,4
f2e3aaa703a33c17,3
0bd6346604ea70e9,12
9d49e3d800bc67d8,12
0f29a4f549af8526,7
9cab65c6722e8879,4
4aedc415bc64a935,8
6e8fec27ff7708ae,4
8ed453aa26282b92,4
adb14c3b6f19c555,7
1656f46b4be6a53d,4
0be4751a68d6cec5,3
b996254d01455748,3
d7a8ef8fb7f713dc,6
e8aa782bd90de371,12
68b52033c144599a,12
89c0fc7f8f92bc66,3
66b3c605ad4af62c,12
1cb45400657a69c3,6
d8988ebcd96b6579,12
c64cb125526498d2,7
65bb298d3fd5cd32,12
2a3eeaa573906f7e,3
bac81e972009e360,3
20e064f5f3213739,6
ba846fcb5e971f61,3
98f722f5f619bf4b,3
12b7f7b59d920409,10
e13b6b30e561c9ce,5
a1dd03543abfb1db,5
69b7c08deeeb3a19,7
9994bc72cde46abb,12
3f9a00011aef05d2,12
5ec1a2872b626144,3
fb1c54c7c3ad2efe,4
0f6661edbb87114d,6
9bffa8ee9e47e3b6,3
3b171fa2e8bf5078,12
e7598dce03f80c70,3
83c6287ca65858fd,3
2a07d9215b2a31e8,12
bc53a664e822e483,5
670f7dfeefc40a18,3
71801fa9e1179fb7,3
b4d1961428918530,12
07c0607eee603e49,12
1d5d04ddc1000639,3
199d776faeb270f5,12
dc2d1202505f037a,12
27a1670f05147eca,5
a298f6eca3f9d9b2,12
0b1ae71e1f8a9920,12
7d37b5da4e10ce6e,3
cbaf7b0e4c0aa7c5,12
8195c3b9893075b7,11
81d93ba7e3dd3027,7
c0befcc1e5c51214,12
1fc272ba1f5acacc,5
da6217883c4e7baf,12
1500864c1079d4d3,3
87a6362c6d286881,4
eb0c37b5dfa5940a,3
c5d81903aa75ab73,7
ccb501e7b4e4b386,4
1f9bddd7b0801a82,9
0aafaaa51c751455,5
800228cdfcfb8be2,3
528cdffaba364c2b,12
da3d58eb8e6ba82e,6
c4d103d33f113e58,4
167264f2be8b2895,12
2af20e0f5bc0f7ef,3
67b526c3df1bfc61,12
984631dd7e416b89,12
d80a50d10e246bda,12
9b980a64deee00b5,12
55331867248c0e9c,12
77f4eb68962ff713,12
59c2b343b72d1197,4
b910934abfd385b8,12
b1d8cc1cd41f5aba,3
6e0e04957aea923c,11
0577e945e6aa6028,3
730d70cd984db814,6
b37e905a7db3b64c,12
c56381d1c420788c,11
c048467ac90c70f3,6
4673a1ff29a6e766,3
8d5bcd59ea32fa43,5
9a5dfb5e2c9fa0c2,4
e36f37508a096844,5
8a7c2cd12c8b1828,9
679e61a8d4d4c84e,7
2041dee089d76d2d,3
181266b84947db6f,3
77a7090c1d28ec1a,3
a7e0bbfcb59f3c2e,3
6879f21a222ba29f,3
de0f73b778efa31a,3
adcaf531248ca456,6
9c4f93a0484f0d9a,0
d7c46b7bf7ee1edc,8
fc18aba3bf3ee9f4,4
b95298e94a50abdb,8
51126e0aadc85525,10
f7c4026eb0e5d104,6
0cfde0f63ce209a1,12
71b1cbb4359b62f9,1
6bf4c2bdd1d3076f,4
5492ae814c608133,8
63e28e9891ce59aa,12
7080971053d1d747,3
fd7c962604c9a986,12
909bd0ef6f539211,12
30cf748bdd5cbc50,12
15f5cd58d9f26b25,3
5a87a9e82229d8a5,6
23362573887df32b,12
be9207736423128a,8
b3ccb410d5f2e0f8,4
e43032e9e38889d3,12
b5e2b816c4cde537,12
d036345b252dc6a1,3
b0bb557a13917c4f,5
0ee6125368cf4fdc,4
c296725dcb1ade04,12
3f2da79ccad4e436,8
8f96ca3488d22b3e,12
5337c9aa7acdd38b,6
0a75a5478cfb1559,6
6d5313a271e2e66d,12
5f836cd046c7bfd5,12
91ac11483040f8bb,12
2bd95f2664136345,4
eed9f6827ef8836d,12
a65fdc37caa95064,3
e7fca51370a43e67,12
36df156c2d09134d,12
fd2ff3215717af1c,3
7729c0b5afb06df5,6
cb3aed4ef68647e5,12
85be8febf4ee5d8e,12
8d7cbb848c42579b,2
f163b7398fa87546,7
4cf794bfbe21861a,7
3b96996a628d4a02,12
7f6b1eb02e9b14f8,3
d0347a975b1a5007,3
a656a251cd23bb89,5
488e8d8af96ba760,3
6d7921982f3e7acb,1
6e609b2bf930752e,12
20c36306dc9e2d9a,12
4923eb6efceef70f,12
aaeb860ae0f41e7e,6
3504ac710ca417a8,12
7bb435ff4e57ad62,5
3532b773fd3bcfb9,3
6bcf742101b96bce,3
f7d2dcbe2a921d5b,6
4e4869e86c4ed78b,12
1aa2d8516732a388,12
2eee7cd5203e4d53,3
1cfe8576f78d44fd,12
50b786224c2bbde2,0
d5ff189f98b6c52d,12
827683bfb0c2a716,7
5001fd34f23b1544,4
96fa7bad2779e211,12
cf36cf55ef19f44e,5
2bdccc3a47d07bce,4
7b284f2aaa30b91d,12
9e77b7b3cd8f470b,12
579522e6f4c9b7a0,3
637455b2f0218a34,9
b4cc327a830710d8,3
8380d2c1e80a61d8,3
8d85da74d8a91603,4
2e441314b4a56c14,1
62a34684bbaca523,3
a65b7ba0919293c8,4
ab40ec13327e5e3d,3
5428a00e2b15c4eb,3
c08c8571a35a2f2b,11
7310f948f10aa20e,12
f6c30bc797da081a,3
9266fbf811ae81d1,12
7b74052016aebce1,11
1d11bdc649be23bf,7
0208d2f39fa37147,12
de0e7ae57782de68,11
d55e913694943401,3
cb8f5a67b42d8d5e,8
0184db0fd58d910b,12
6b4c47329e4e5eef,3
4593fdf244e7af08,5
b2544e2dd342d8f3,6
4e3a1e2fce36b914,5
9d7df6be4cc03712,4
599b77f5cae4c209,12
923fe61a64c4559d,10
0d9b132717cd09e8,6
60ecd60b08d67417,12
0b98fc9b93ca3fef,12
063b5b8b304630ae,3
11cee0b0647ac27b,7
9b91c3932b771fda,12
f5f70f732a10cf4b,3
e6d013fc20588e2f,7
299bcfdc2f9bfee4,3
9ed276c9ba61cef7,8
3573550c480652f1,6
c874874aca076954,10
033e8c5ec707a73c,12
edeab2ab2d4513f2,7
75068860af684246,3
22169f92dbe5abb4,6
0d3b415c4519c3ea,12
cbcfd3f0d94be645,4
8d4668b8e508cdb0,12
fe3a85ebfc6e1e05,3
e7fd34b9f18ac7a0,12
4867a14f345b5fc9,3
1afa7d7046ddb311,3
676f31798583f2fb,4
cc61c1765d296840,5
5473397d519cb2b4,11
d923615aa4048e8a,7
e4eb96335938254f,12
82fbff7c8ad2b081,4
231ee7cdaedff34a,3
a9c266f3b13bba74,1
94bae12366a7f2e7,12
765be17ed8a910bb,3
1ea13bc5675195a9,3
c990ccbe9bd7d051,8
5d403503db153b31,12
02d28d38117ddce3,3
180d809bebe96c47,12
1fe51336e13298b5,3
e07a659e63428d37,3
9f52b5a472875a30,1
4f12e4c24d28452a,3
c865f56deb85fef7,12
33fd5e6368e0a2b3,3
6ef87076ac2b9575,12
b687095b39857236,12
b5d93f441435655f,12
e67c9d2874596e36,12
6940ee685cc53c59,11
7ae7993d30a2bc1b,12
f7036f0a4a8ecab9,5
9eebdd3044c18470,3
bdc2c3b7ec55c539,12
2589e46f0673ffca,6
27da737b9ca24432,12
7af6018bd47f6380,12
e51d8e2ac2ac7a04,3
6338e69b824f4915,4
6fc515d03af08830,8
dcecac6b8e591702,12
f530be1cd591f214,4
526f3bccd72469bb,9
c17acd8e7863c33f,2
09072d4fa0f79c9f,6
39bfe33c03682c28,12
b6ebc1f845fc206a,10
1eb0e15d0ed8df55,12
da52510f30e75ae9,4
04273badb27b8e8c,4
273fef300b494a6b,8
5925524e96bde0e2,11
a1516e9c7bf9a4d8,3
c695b88826190807,10
2c4b7b13f2ab1014,4
433bd82c10aea0fa,7
8cc880f09b0923e6,12
511135880092b3d1,3
24366e54bd36c158,3
dc663694067a8f47,3
b77f84070145e21b,12
99be952b5b838a18,12
b165d94b2b126a57,3
4a28cc9b502eae48,6
408a4a756d7213e6,3
8618db3afe270c1e,4
b31f18ee362ef956,4
26220519c3465cb0,3
651c12b51bb35fcd,3
1bdebe149752ea07,6
b47889cafbd50a48,3
fa62813eff53e02c,10
7e33484ae2337493,12
0afced67ab4ff2e3,4
89cafebe922bae8d,12
6a568a77bf84c999,3
fe3d6f88342265a8,12
8c81eb18eefe8ffe,12
a0403002387d7b71,5
dbc0375cbc651016,1
da38e34e92357e92,3
938b5d0244f5cda8,4
fda7a42021930226,6
db74950062eac3ec,3
1eeb77ed2631977a,1
2522d4a14fef1b1b,12
d3144ede84392384,12
ef4bbb31253074bd,6
3555a4971f708ce1,6
5d1b6a7961456a37,7
1111ba217ef86dc2,5
fa462bef83ff5b32,6
0fb53601e5cede05,5
2259f1d548a6ee40,12
498cf1510b239a87,4
0058a12928440af6,3
ca3ff689985056eb,6
f18f1b455b14b1c8,3
c826540c18a8e3ec,3
1a051aee3d00a1c4,3
04a09cabcca7d108,3
d403bad309bc7b9e,2
181a5dd810b2b940,10
be193398018429b6,6
008c124180ab87b1,7
946da5130bed6736,7
7b1b35e6dd665030,5
5d72a4d50aae49ba,3
020f862cfc4e04ab,10
00ef50a88aa62eb6,11
f13407d0b35f77b2,1
69feb988fa68e8e3,5
61a2fab8ee5fa4a3,12
5056466baf05ea3a,12
67fce1d5d3b9d272,7
8ed7f93a8f82a221,3
34b37931b5cd11da,11
a36285d8c6dfa643,5
3991614c69a6e46d,11
1391f1012161bcd7,6
31b05fe5672a6a17,3
6c71f1f202bea0d3,8
21b6e34a2c5da449,3
7e9ea8962c1f2e61,3
a207018acd3f6e2d,1
357f00b0c6f6be28,3
575811e6672f113b,12
2464570c9ef318d8,4
c97e562f53a864e0,7
0b5ed1fd457e0e73,4
0fcb3dc9cbf23007,8
af14e7900ecfef31,12
a93832f5c85083ec,3
32138fdb23397e02,11
8ad0d330d81f3d1d,8
dad42659f3535c7a,3
baa789dc38f63f19,10
533228c7431db0eb,3
915b49501a2d4843,7
d0181970717de462,12
3510d4b44581cc01,3
8410d431c57c84f6,4
ccc61cbc542a3304,12
a50fcaa78f249e67,12
7eb81e742656af5d,12
14cc781f86dd383c,3
46f975c1e8760519,7
708e4428ecb09b60,12
32ad3bdce258ad08,3
ac67e7a3c2ee0df3,3
639bda9ba3de050e,3
33d5584668c79847,12
116c6f266350794e,5
d18b1f5e33d233af,12
cc136084037b4471,4
6ca3234294defa85,9
bfe2867d9830caa3,12
3cf5b29241b99cf3,7
e0e564d2af1e41e4,3
42bf4cbbefe25a46,3
41989657546ea6ad,12
6fc328cc692546b8,4
f0c2df1233ec80a0,5
84492ebbf0bd5e90,12
50be7eae8d048892,12
39dd4a274d572b4d,6
db0108a36cfe01e5,7
894aa1806da70b4a,6
8ca21cad38890276,8
a1b8c2646feb3859,12
393e891a325dac11,12
6c075eec0830d2bf,5
74045ffe32baece6,7
edae987e09407b32,12
c3bc4a4d3d43cb49,3
661ec86bd67945f8,3
c864b8a3ac57b454,12
0ed3461b75810186,3
a55e64d8b90b9c74,4
85398c6ce48f9998,12
33f3b5852602fb98,12
e21e9cb0c4822189,4
131e100d0ea7eae0,7
cc38657b45cc1b3f,3
aef025b932be600d,4
88b2d565147d6965,6
322ca972fb135cc5,12
82fa8b3863db077d,12
8999f793fd2f9ff6,6
c4dbd2acfeb91f35,8
3be67de8b91fcfdc,3
37d1d293fe69e485,3
8d4100c41d8ebd53,12
323a65ea19e2139f,6
e165b344feea7047,3
5fa576aed72f6da7,5
26ecaf76baa968a2,12
376fa351975fec8b,12
b078060f61ee9658,5
b324cb09269266fc,5
034ff8fd9079927d,12
43ffa8cfb197c44b,8
bdfa11655cdd56bd,11
2dad3474360c9807,3
c7772d5878b4934b,3
ed26de9b9371ae5d,12
fc436e777fb18c77,11
f80af62a54c4a62f,12
f4cb28ffb50377bc,8
220ed289e5c75530,3
dbef41443fabf6d3,4
2ec98468b76b0d5a,8
24ec17dca3c31fd7,3
3596aa2e462efddd,10
07d5b7bb72063bfd,5
2f97ba28f0cd8ae9,9
5bd1bffe7f364e13,5
94eecbfe7472a79e,11
7c5225016aab12a4,4
aa3d1b887b363e31,6
466781a3bc0f0a7d,3
ca950ef52952b1d9,3
5df346bdc1594641,14
62aaca99f7a67b14,3
fd0b2bd97274a169,12
0264f534f2242838,4
985b69be0a52617a,12
72d10ef47b233400,12
2a7b716bcffaf1dd,4
5b5bc106fad347fb,4
165efa87b497f611,1
a10d9333d50313e0,12
eba2af4f91deea44,3
940b957c0a2344aa,3
535b0c0f7f550cdd,3
68cd91b7886d77f0,5
3b6d2394eae5eb95,4
05f5688c8b14e15b,4
ed7adab4797846d9,3
9cbadc8d7bebd855,12
1c07af5e5850a143,8
53f29e0f5e34f40e,8
9f275a218991cd05,11
5d6ab675caf6aa53,9
ecb758d989dda68f,12
b87be8e5f3312662,12
63c50ea4fe6716e6,7
1574a5913d1748d5,12
b0b4df76fabb2a52,4
919565eeee7e8e02,6
1a702803ee6390ff,6
22d12e1f1d94ad3b,3
f7d37a8a19ccc7ab,12
f53859d07ea66f82,12
9ddf517e92374ae1,10
1e2d29325080c02f,7
d175704bdc0f0cf7,11
b6808382a6f25bac,3
8accb3f1b753a3f3,8
6c84f8bb0236ae82,8
f4a6133d9d39933c,12
365bd20255fe88f9,3
20ca848096bde170,3
f24f82d29bcd83ca,4
07e36150f3473e54,12
fa463ad1aa347e8f,3
8990499fa83e492a,3
e72e8d4d260d03c4,8
8dad643eae1e0b20,12
0e98d8e44613639b,11
baef21f9270d1a61,12
0bc1108c77cb3863,7
0adf52dccb7a3215,9
196164d3906ba10c,12
8150fe888884d18d,12
ecb542b8205c28e0,4
a42c8ec513ee7c60,12
2a880f839cc30430,11
04ca37bb484fc97b,3
d073ef3f18bd609b,6
34f2a9f4db4405a8,12
9e3306c8d5f59fa9,3
b96465b147f999d0,6
587bfb7847b4ee2d,12
080b0b4c09db7c26,3
db67dbba58a01a9b,1
5cb164996f6865f4,4
5b6cdab504d062ab,5
680d5be253ca68ee,12
61b6ad8b120dc1a8,12
da628697403b1b03,3
899f0bf7fded794e,12
a969eb1d76648533,12
af5977317576afc7,4
cc5c92249c29d9aa,5
ffc6dd5bf08926a5,6
fa2b4c5364836425,12
0812cecd9161dc35,2
544e98349344593d,4
588c105e6a7ca4a6,13
c61e48a7d7086691,10
cea2fdc23a30e8ad,1
9150db2528421ead,12
3fddb027a97ce4ae,11
74235a741414a19d,3
c994a3f463c4aa33,12
55d80f0099b86c76,2
9a2b07e6045af967,5
8b9157f6f1700892,12
9e67d0a4f7e84d6b,3
706b753a5554dfa9,5
574162a3fccd3cd4,6
98daaab74a50406d,7
4b8be08f7fe8ad51,3
f36dc1c09fa487e0,3
00b59d1a28f403fb,6
1d864a39d446fa50,12
b8fc8a1ae7711c0b,4
b1c2fe5ff5f88112,3
6500df183fe7fd50,5
2a56410c3534fc94,3
c5b734b884b5c91f,8
724580e01d5c5184,3
d48d02c817d48b56,12
aedb9289bd80b71c,3
ba19a365fa62719e,12
25f275f8817b3775,4
298e7d3c2308a2cd,3
49410a105ad04f3b,9
5bb96c4b9ab164a7,5
53648163c941ac4c,12
8591c3d397ae6b03,3
c4c379e3ed8cf8c9,1
cb7d1233ca67604e,3
91df16c2516c196e,6
8e9958c67018cea1,6
1a4c7d6e545640d1,6
4fd33b402fd3e16e,5
fe8c24b789c10e4f,12
f3f72d52a72257e9,12
c4c9f43a0e419910,12
ba25a6739ea1980e,3
7a9aa1680dbc85e2,3
5bf714b5cbf268ae,4
1c8b4b2a9224fe1a,12
7455f17741b49434,3
b319508938698747,3
4ab4d2ad0e4ba479,12
f68f689e000489a4,3
fd73e1d19bbd0832,3
056f319d4316a82e,12
7ad413812bcbaf60,12
4f246308b573b1d9,10
e650ee3535d8b02a,12
fa1bef5230bd4582,12
7a6cf31d404330c6,3
a33b1018ccfff132,3
5e642247dc14940b,6
7c31f3386a83c9b7,12
3da3602eb773ee61,3
485f26bf7f452043,12
e59918d64798d2fd,11
923ada4c2e76c062,3
b37e7100337981d3,6
0ee73cb202b50ff8,12
a6f56ecb067973ce,5
65bcb6ffc7dfab1c,5
b911a2adc654e56c,5
07f0db1dc5204888,6
4a96bad972ab50a8,12
492ac031104e0f31,4
59a2cca790f8303b,3
c4abb12a6d4600fe,12
91b46d96301b7a00,3
a5b9e8132dceeb9d,8
d98c6a2a826ccb78,3
24a4274f17549f77,3
059b10e9d9987856,1
3422b2cb30ac71da,12
2753707fbd530bc2,12
55fd988923ec1ee6,1
3b746d38d238d46f,3
e2a1cc21c900c431,6
4fd6fdce69cc3818,12
4e32f4769e6e8f00,12
1966b3bd99ddd436,4
d6a176a7c76db1d3,6
1aaa86366b400754,10
ae0d42af0e123792,14
0475f8e73f56ac37,3
0832e0647271c7ee,4
0667c3cb10d15874,12
a09561e5efd6fe71,7
e06b25f1934bf55c,3
595bb30dd9b3c5a7,12
72babbef9ef447fc,12
513c48a07aa17568,12
83e86a9b4dbf1310,6
8231ac754e1237db,12
ee74c1f792409826,12
826cdfe33bc79c9c,11
ce9a51b322e818dd,1
f5c53b1114a816b0,7
d83f99494a6de0fb,6
e2e06482e7eb2d57,7
c8519e70354f19ad,6
ec0e299390355382,3
56348c9edcf3dbf5,12
b877e4556c153f33,12
6c501f86aac6a7b8,3
d5e161ca72eb45b9,3
6c06272badb4b01e,8
f6015f4afadfb99e,12
ae69150a4bcee689,8
765ed66ffa13485f,4
7ffc4f15f75b9d0e,3
e3827da5f3633517,3
73dbce135e6a7087,12
b4639eac02991780,6
69e0c97d184a7572,3
9fe52bc28a681e95,12
ce467d27f155d7bb,12
a29f075997e34c35,12
89d3526d4c6a4a8f,7
803200f2bfdcd221,12
626bb63b987d0dac,3
4e92772fed3154ca,6
a8f5561fe2a62abf,3
75d0ff46cfcd3790,12
ec6beca57a7509b4,3
a5145ae644fe1325,12
667519d78b08d2fc,3
89d2c10e011f78e6,6
6b087eda74e899f4,8
29ccab077968065d,11
fa3a1a51f11be040,12
4f237f5f4e7b8231,3
b7856d7c5a696fce,12
e7b89dc9675a36de,12
2e6c5169df88022f,5
246bd5df85f6a724,12
f6877edfd4431dfd,12
8f12c89bc1a716d7,12
3e584577db2501ea,4
85bf6545cc59811a,11
350e5570002214a5,4
d0c25a12ef1c57a6,3
df8c1401cd4eb4b0,3
0ac6ffd168ed74f9,6
8d4f1bb90be5a45e,3
ddf2be1da524042d,6
2cb18b0b4bbed599,12
498f47e4d8b4eaa8,2
fb266750dfdb9127,5
f6b876b2cae81fac,6
3040f5c98de127ef,12
efd5f1e5a926c99b,13
22e28b5e1e215f30,3
cdf43d1fe63b10d8,5
2aefeeade98a70dc,3
6cc87c56eff4834d,12
a361c073592a5e9b,8
7dfd868ab9b303af,3
f2133f08da43b0ec,8
0fa35d38245f1e59,11
7dee0863f59343d3,12
e0083166f636b495,10
306ad4a3cf903796,4
c1b2c55f3d89a489,12
279e211e397ac70d,12
34a58811c18a52fc,10
659ea60292762890,5
922eca8a49e738fd,12
b17c9b5a8b350b72,12
9fc24bb4660ef854,12
63efed66a0c5c642,10
2863c7d2fef4c7a0,1
7d9d83b5f74b81ed,3
d6bb1a9ea52fc93c,8
3fd6a8dc900efc0f,3
e4a713e17008d3c0,5
b816b1f005ac9cbb,3
10844da4ede18901,12
da8c19fc916e2ad7,11
f3ebb229c683dc35,8
16f0cb153f636225,4
ac62fef673aaf645,12
1a4ec6f82a301baf,3
ede80710daf8bda9,6
3f3f55225bcbe6e5,3
002646589d9cac1c,3
83ebbe33a07d2699,4
9004a8a28d828b7c,3
07a0cb00024ae0ce,12
c01f9054ca5f592e,1
f1a396826f773c2d,12
4557f651a1c55a4b,12
db026061070a7e7b,12
1976d5cecb04118b,3
9d39fe729fef0f0c,3
56efb5c1375c9bf1,3
0950a4282dc6fa9f,5
8f387c106c9692f3,12
6b42d04309b80c24,4
d5f35f500d30252a,12
6f705b3ab92fe36b,6
9b8918dbb7588dbd,6
f4ffc643e981a100,12
c0cf5fee3be3f56f,3
48c1506f7cbc95fe,3
423ebb7dea97107c,3
79b0770e101d21eb,12
edf60a122a6cfb59,6
d82e893b545c0aea,12
31336a2335c312fa,12
645b65f243674272,3
7785ab554ddb212c,7
5fc2bbd869354322,12
e0e014036f2c8fa0,1
9001b2216e059e03,5
be924388722bd629,1
300b1f51fbbfda25,6
0140bc7b034282d0,12
e2153d4c4ed717ac,6
1b2b3363662674df,9
9e3ca5d431bbd37b,12
2beb6b678fb00925,6
ccfc754e54013c2b,12
51a9350a4261b03f,3
87218793b07a0fa5,12
768999da89a7b52d,12
8aa9f0807c22f539,4
41176facee21ddc9,12
40b20f2be9f50938,12
b281c637d503508a,3
e43df5b6f2971b7e,3
04efc7a8b13cef0c,3
5d4927c9adb8cf09,8
ddf54a539127fd5f,4
5bc3a98b6ac3d816,0
2b10ba99b7f23928,3
cda1b2deda8ab1a4,7
390d16dbc98ef7b4,12
3667b3b0753f9e3a,3
e80d0e35e1cfb1b9,4
38e0b4f17509565d,4
3feadf7d8cf7caee,12
68d488242a15ca41,12
6338d96d865185a7,13
693fb7b987648ba6,4
0444aed9a1cfea0b,9
fbee7c356192fbf2,12
eba41835298e5777,3
5a0fe26e12d86442,6
26b16047f9c127ac,3
3cd63ac70ab233e7,4
1f1779bbae5dc1b4,3
ca85dcf312709849,11
ac259bf090b65fac,7
dac6d42bf4c16cc9,11
317fc21d00dee4a1,7
37ae9ba59cf5a33c,3
01bd84e227361dbf,3
8de592175ec5b935,12
dd5176419606feb9,6
1eb46f9e2fb2573a,4
c0bf17819f62d390,12
5f61714b14226ceb,5
773d4d8de9bb75e5,11
f4272def8559175e,3
56b68ef6c4cd2b09,5
cfeaae504e1a574f,12
2308a7ddab07d3fd,8
c54d5075a4f5abd1,7
5c6696ad26ac97da,12
33261a00f0171c68,8
47184e6ee3ea84f9,12
5ce6ea4b2acb31ab,11
e7a3448c63459415,6
f78c03f1364f33e5,12
e0a7e1dd8bb3f739,12
de294e45b3e6c0bd,3
50ede60551d4ee96,6
f0723551dd1ad218,6
aaf84b0ad6d56d38,3
ebe66eebd8095001,3
aca7acafca65ac2d,3
b83292b76406cbb5,12
8f8e42d6533b5f14,3
a12a11164bce3130,7
b033f50553d73d28,3
af11baf0631b9e1c,4
88856028d87ede87,6
2d515348acf2d707,4
46f7a5b0b5bb1b31,11
cf7dda096cf7199f,5
ecb0639bd4b36db1,3
9112c8011e72b75c,4
e925d70d5bd484c1,12
d897ed9ced93d98a,3
395835a27722c09f,3
3bca5b818b84061a,3
650eb2a73315179c,3
471fd14eca47ea56,4
c4e459f5434b9c6e,6
9a12383e73f74e90,12
20b267d643b2fe5b,4
d1e84ff4d67a9a65,3
1cab0f4180e28c4e,7
49899d449efed538,12
e5bdaff6183cd8d4,3
5cbb5340c33d3b7c,4
d2dee70b1f1fe499,12
d4d0f707243dcd87,3
a919b0f56e04eb03,12
76318d195172a97d,4
959cb295f7a11fb5,10
5c029e90cc1d43c2,3
6cd71ea0323804c7,3
cae0fa05c6dd1210,12
6ca5bd24709f5de5,5
c43bf8dbdb7d78b8,12
1b3bd6eb54a64bc9,11
a3235f4d75551f81,3
16eeafaccc17c81a,3
98bbf765095e7018,7
ce1a70e7509c91e1,3
1bf97645eed6c96a,1
1619babcfe1df45a,5
3c8952e202fe67ba,12
abad18d3a78d8be0,9
970b3d1ae142ce3e,1
4db2172b9f08363c,6
56d338dd980b69ad,5
5d17032019b31525,12
b9181014617ffbc8,12
15aa6eaf4fcc8eb8,3
4638df1d3e7f3411,1
98d865790699f207,12
a8152c8071fbe5e5,3
bfcf3203b85f66aa,3
0b10707506d23c9d,3
581a8ffbdee73cc7,12
63287c683b8223de,12
5a986b3ceb882247,8
d477ff32f50366a0,11
5430b670a9a85134,4
2cba46c4687c6e5a,6
3000a268c8a6da59,12
a88ca3c0064ad0c1,3
ca54c93c7a1219fe,3
9a7e8dfa2ea5d9ae,12
a5053847caa0d126,7
fa476c541dfcc2ad,12
30c30ce7c41e4a81,4
9957a8901b0959db,8
eb00868d628332ef,6
5b27bae1e7123932,7
5415c25b3944f8db,3
496ec3fccc9aa58a,5
6d57f00a2e017654,11
cc3052d55862babd,8
43dd19cda3f5b104,12
9c0a7f09f5beee39,3
ee63241beee4894e,5
10b623da819ed10c,12
332004e1e1b98292,12
9f5b469767b5aaae,12
13ac47fb98512a52,6
733992cd82150adb,12
e7f8bc1f5b089f40,12
9b1c46ec74bfaafd,8
e15c7c9050835691,3
15623b025af73853,3
cfa6dfdc3d812704,12
fd18c4d95eb2b69d,6
cff1aeb713233dd2,12
3006fcab3594b3ee,12
479e02b312e0c46f,3
401a950c35fee768,12
51e9d783484840b9,6
8a9699676ad58ab6,12
acf2f7d333f487a0,3
30efe12ca6d689f9,3
20c8c857fa1ca3c4,4
a56a7cd07c538aac,3
847541e4cf994513,11
08ee9d19453cafcb,12
b1275851e41dcf76,6
435c28539f5990e1,3
60c0b54cb7736a18,4
a42fce66fd8567dc,3
04abdea371c818ca,3
4f3ce0ae25302142,5
4f7e2359a530b21a,12
232b85e26b5e8207,4
b8f55ef76d0a4b4d,4
d848d291a416e772,3
f56699c529cbc510,5
1f61a4270642a10a,12
e7836c6a3aa3fc31,3
55e57fbbf40f32c9,3
1a87deff09bbc053,5
aa9c04143f4b9633,12
c5b8dd7b2a5584f1,12
1fb4d17edc0ee8f1,1
acfd7a5e8bbfcf0d,8
34f66d252e4dd583,12
74f9b6cb34727323,6
b23480ac49d16968,11
194b12b3e3559d52,3
9365a08058164da6,8
da889e28008e23ee,12
ba52ed5a8f086289,6
8afac4c78540355e,3
45a03bcb18b0569f,3
d7a135be477d6dc5,12
41f74a137b3c261a,6
e53082f13ac6f397,3
b9dcc8ade9b0a79b,5
8ddbc60ef28906e7,12
080cf148f9065e6d,5
61cfbe980cac65f4,12
8ed9b8578bfa9476,4
f509b243679caead,12
cfecb224210da90b,12
6e0d850118c6ee0e,3
2b384707756f86dc,3
030c46a938ae5cca,4
d65a72d46f097962,12
d7c7ce0ec940a097,4
614a3c187983f80e,12
18886ee494ea3dce,6
8f9e96798bb3656e,11
41c7c67213eab268,3
e6c649bb90ea5a6b,7
86357691c75f5b04,12
4a1ada31bf60f95d,6
903b546470856a2d,4
d0ed814d46f20740,4
78dd8e491b5d504c,12
ae68c8bbf8e5fb8c,3
3fe913193097f1ff,12
980ee8a25aa802de,3
8e2e8169261e62cf,12
5450d0d367ea1a8c,6
b26d00676b706089,4
682f10eb9459dec5,4
f91dc47aad77e907,3
18da58e33e264bf0,3
2634006354a83ba2,12
2be1c66ce3bc7a06,5
2127d6a286cb9f77,12
9d40d24fd6313285,3
4976665272b85769,6
594a633783f16034,3
06d6f3dcdbe6826e,1
14309d28b68ca39d,12
8ba2684519b3297f,3
a6042728948584fe,7
02fd4163ab0d9abd,1
3110b975e1a1d1d0,6
01aec9a361d1eb84,3
59d69656cd0329ff,12
ff2cdb8c5be91d29,3
9ce286d817847502,12
d17067fbb8dece9b,6
24f124cf14561a22,3
cb8d8c8385f66174,12
951ec86a1bfa64a5,11
107f1659a9e06b26,12
5e33bd494ed8bfa7,6
cbbc82a2e73c2bd7,12
7114aca6e8c6b813,10
e36a890769ebb876,8
83a55cac4da6c27e,1
54cca8e38c110ef2,12
d04da2329abf4b1a,3
faaefe1a6aed99b9,6
f001b151de1b3c6a,12
33be3f9416565880,8
3fc3b184ad8e7393,3
97b2c950e8392ecf,4
89864773754792f8,6
4fd9bc4d5206880d,12
2a519b3d982a26d3,7
2a8132428b001989,5
8665db2a0783ccd2,12
0fc80f6324bd646e,8
449616c9e21063a4,7
81fc9ae8bfe09070,10
45d98fc8f3a3fdc5,12
37269aca55be5cdc,12
257a3404b279fe6f,9
180d48517ac0001c,12
80ca45a718b7e91d,12
b62206b84f7fc457,5
c6c05474322daf8e,1
2c34300d689d415c,12
c3af32644466c4c0,4
a4adbe49500db606,3
6d148bf53e816e55,3
2950aae69be2293a,7
29d3e6ff943cf554,11
33d14d4a077d14ba,12
0fa3f511633e7fdd,12
61ea745740edba80,7
79bc648e4c537cbd,12
5f4824a61e0e8965,6
d0ddbef32468908f,7
5d77b63ec60aca2f,12
80bf65d163d7ce32,12
f0154321107f5467,7
25d7091b7447a7ee,3
21b6d711775e4101,4
e42a22c572a36c19,12
e4e9e8b09596deb0,4
2357506a7c023df2,3
d0653dc3a41b1043,12
fadf4de9cffe81b3,12
f5122deb4c66c4b9,3
cb70e6ed646e5913,11
a426976aec03ca9d,4
784a02f075661ca8,1
fe861a3db59b974a,5
20d760bb0e19d5c6,7
4fb3aa578636ee7b,3
fcaa199562158348,3
08e4f5faacc7be93,7
2b4260cc1d659735,9
7564beeb6980a6e0,12
3f78b916ce352672,10
4e20480c1c1b6921,6
0003cad89553f07e,12
9d0101bbcd8b9159,11
9584a389495faebd,3
020fe9a5881538ac,12
dece0970c2b6552c,4
e1f2eee4acc09719,7
fb1ed65db26d6320,3
e9c7149c3a8c4427,4
ee6ea14cc42f1695,7
9e89b8b2fcbd8b28,12
f48663d5df06fc2e,12
e4973ff2ea13107d,6
95a230e1ef878b57,4
a608ebc455c2d59e,12
38212dbcf8636714,12
7befe8c403a3a12f,3
b26d27e366dd1457,12
26f698fa49c401b7,12
0836a12341951f03,3
f493f7e1f43eb4e7,8
ae376465a7b62c70,7
b7bfcbfa9be2bc14,3
42137ed1d08c4b2a,5
77e4d6472a5154d8,3
9fcc3a1836d7ce1d,4
0816707a80ee0add,12
08062e46297d01ce,4
fc653e6f4cd4a2cc,5
d1b201f61d156077,12
793dafdae556ddae,10
2d68ba77d9302c62,7
b5d206b512baa18b,8
0bc17d31c00c6479,3
f273c6af0cf003dd,8
dccd967e4142131e,5
61ccaffe2eae939c,10
a2f90528177d1174,3
f65ecb79dd60830c,12
a5038a3605ba1d01,3
2eba56930db96d21,12
51987871c4bed5b0,3
0d27cb6ddd0cbe4c,3
1aec4499dec765cc,12
555c304227ce4f15,5
c423d4197ac30666,12
a020913bfcdf3cc1,3
b26651487f7ecb88,3
d197b7735d9343e5,14
12635915cd0adfb1,3
d11041a36b8fc5c0,3
0f8491210edafc0b,3
addd8d711a654268,11
75d447a6c51707c7,12
c11f8f1514e7b6d0,3
8264c6dead05750d,10
66f3e8900980d2ab,12
abac4a829903f83c,3
2266cc420c7c9838,3
5d06e8e22efeccd8,3
292d7d4b7c4f5b2b,12
303141ae1aa2bb4a,3
14ed8a623dbefe41,12
a8ad0cb92541e3f1,12
901c15c467253d93,4
67fb102ba6978049,12
a35264c2618a09f6,12
c8f0da0c2dc5938d,3
03995c1f849e86cb,8
415ecf9d79f7d2a8,3
2718bab7ab7f78c5,6
2f6dcf17fb47a980,6
9accea6b440b8127,12
e6c2a3150e1bdc8c,12
fc28dfdd03ab2be5,1
2092d1ff7825f68c,3
3c9d6ab6c06a5150,12
63fbf86c005e9448,3
272e11f9659a65ba,6
f3d46f6ba5de3efe,12
3d314877da42fb68,3
7698f1061cd19ba8,12
1c5ad3148d396963,7
cf8184dc58c92343,3
79468fbe2007b0f5,6
5a58a49098eed87d,12
d136560e662181c7,12
0381624ae9fcb488,12
00171f1c41c7f0ed,6
6f6ecef71281b27b,3
b5e4e6dd183798ff,3
51806781828d752a,12
15a86f018a24d25f,12
dff0a4b8991d26e9,3
7682380b2e21a081,11
02e97aa748e3e62a,12
d6202506bcbe5563,8
5ca696ccabb9847a,3
df77095b8123be1a,12
22da8bf38f012e4d,7
d2d48374f5d9a97e,3
72ecf6769094721f,4
a2cbf8ac42b815cb,11
e87511071bf6bf6e,12
59662e34e2b09f20,3
f67251a7a4cea05d,12
7e5f74cc2f7cd37f,12
007ecfe6030749c1,8
b561a8e1bf6d1750,3
9d0bd020a5c1d9cd,12
fb74d1b7ca758421,4
02fca9661f5a4041,11
5286e2162847a3d6,12
eaf9879d8a139c57,9
313e7b36ed433459,3
ec6cc689e5815ea3,9
d285aba20388990e,12
4425a37bb6159098,6
f0a58475a6b81507,12
14f20d80f6caf1c0,3
7b899f6f0c87576c,14
aca2475c649e5647,7
e8bf9e2bc55560c8,8
d6371e54a0177674,5
aa14266c17ccff5e,12
fc86b0a43a5c504d,12
eca873f14df05771,3
7b8237d8835d1151,11
6d89d60772417032,6
0c4b12c268373e68,12
aa52cb6ddac45b9b,12
b24c536e84793f20,3
1f8c83a2af40a1db,3
d113f0b774b6127e,3
b0a5222b4b6ee40c,12
c4d1f41243cdab2f,3
f4db3f295efde86b,5
c5e030364baa8be2,2
28d78cf20fc4d2ed,10
90caad07e7cd9ade,12
3d37b3b9eb2c797f,4
b66f5707356169fa,10
1a98bad3e75c9953,3
03e5a52cc8de3f85,12
318a35b0be41232c,8
82f831cbfb084458,6
4089651e90be3cb5,3
424b8e6b5ce74862,4
84173f5a1d308818,8
f36959a23637d2b2,3
b0f3112122d0cf9c,6
97537a0a938fe348,8
18c81d035ade9951,4
62b3e40d42da8cf9,3
0fa55083c8bafe0a,12
e18d97857fc8d2d4,9
cb73c08f7aa39165,11
ba47a076bf90a9e9,11
c6cfe5b7e72f1a61,5
d1b3e5df9d8f1944,4
789af76975114c49,7
da3cc25533d89bd0,9
4d1a78e96ddedd2b,12
fe72bd07975c651b,12
dfef47abff5b2aa3,3
3d1499811b71e3b6,3
3947ea00b007da96,3
29331dbed95781c5,12
0b1e74208ddb38d2,12
311e92d69d033441,3
a79d959c4020743d,6
0f291c6127b5e729,8
5922ac8b0f1141b3,3
183b0bc77e6ae338,8
842ea6c9a6916bfb,7
ea3b7adcf15bb020,3
a8ecafa46015f957,3
32154c6eb6665a02,3
06105864de46bb09,8
7bf74b0b1ae75244,3
4ff0a56429cebd28,12
a6e8c51babdedc6e,6
f1618b384dea5fdb,3
b057abfb3b427921,8
3f75b6c19afc0b70,6
e2acd8b57e6ecec0,12
54943208c4724272,11
a242db1c6742ea90,12
5cfdd7d14d2db7b3,3
51a972aa95e8c655,12
d51127cba284e2d0,3
59b0182dc14e6230,7
756f31f23d409654,3
e957d381cc67d498,3
2db5bfe3f534c4ac,3
242b5609f63ec831,4
109778a66f5b5866,12
9e8eaa6e7fb2101f,5
c974b5b017b27d99,5
c485b2df48d3ee64,12
b1ff3db902425153,6
741545c20d5ffd43,3
f0cdbd33c5c99771,3
04af7870c1b5635e,3
3750c38ef39379e1,3
4cf655733b3f0f42,12
5b47d59dcbd73117,10
2612f3ffeca6b7ab,3
c113d90f322ff8a0,8
091658c32b492fa3,3
bb80b13742f5ad01,3
5db8f12454e6aa26,4
d7701192a152e7e1,7
11d326943de50b39,3
374f668cd1947105,9
b2056482a92e0d76,12
b05b0039fb101c4f,12
03597bf7e55fa221,2
5dd7ba56e156cc47,3
0eaaa66a5467b1df,4
2c25c5bcbd058b4c,4
78d27160aa1cf6b4,12
b4880e29f2ecc69d,4
3be53747a6b7ac33,6
f2300242043a7ff7,7
5c7dea1927ca9a36,12
bf6b97fd27a36142,12
364bae0b45a490eb,3
a24deb60e4e16fea,8
f250ddd2ce4638e4,12
d93e70bc31126e77,12
5f5fde34163690d4,5
4b152e131b14ec77,3
83c0a298ca96096b,11
63831041a86d4e9c,5
f66dd2e51aae3048,3
a7237e1d1303c69e,4
f11a5b290e47214c,7
9ab4dd5a9bff38f6,14
b9545c3d85cba401,6
a352dcb431619d51,3
178d0263eed9625a,12
8b492da10d06eb76,12
f5fcc9e2a3fd78b7,7
12eb88bbcd1fecbc,7
0259c049473402b7,3
6566cc2d3948e272,5
478c5edd57fbfa33,5
7dcbf4892aba59ac,7
9c7970aebbd54312,10
aa1f4cb57850fc12,12
afddc7ecb0607ecd,13
24cc8ac71e21c13e,3
e7c75c1cec4c6377,3
b9a364d9cb75f1ba,12
848425f795c0f408,6
347b30bcddfd8dc7,12
57678ec9b7d3a343,3
8e0194f103d86416,5
c4cc2ca9047505c6,12
8647aa479f33bebc,3
dd4338c96cc5f6ae,3
54566215e169aa5b,3
487934974a2203c4,12
366c685c89c5cb10,7
4f92bbbc63028a39,9
fc21bb97d7447008,3
423f196d81f30f90,10
b3f636b170834fb8,3
f02170d220594b24,11
80930fdfbe7f5d6f,6
67854efa99197782,6
f91c464d09bdf93a,4
4d1b0ad6d08be3b7,12
8fff46b8fdd87058,11
45f96db0131ed97d,4
a4fcd2778d2a83e4,3
3c1912cf1af45a7e,1
5b57866a805fe9d9,10
c5f5e1ab371e9319,3
465a12dd8e50481b,3
2f1f0cd005f83f54,12
dcfe93213de6506d,8
65e52de1dd433948,5
49cec6935b98d52f,7
1c30a96a73065049,3
3577127a92e26775,12
fff4a37e3c802852,12
8b5cc08582990c4b,12
4dc6fe3321360af6,11
0f971ced08aeffa9,6
001c41e3de79108a,3
9aca7a90f2bdb271,4
c7816943bcacc4b3,3
5532651c7093c403,12
6677d70bd16ae950,10
1c907c4b5fb18cec,12
3421f202ec059fc2,3
15f0e2f0a6697c02,12
303fdf3c15034e37,11
2c9a05853688f212,12
22e7ca4a3df16033,3
9e557409f6d2f3e6,3
ca5c64078c5f5638,6
1965289e577ae0c7,12
d3509c7a251518b8,12
ddbf8461e1c05580,3
dbc3348e2d6c0b24,3
278cd3f013d10358,12
49bc38bb0437fa6f,11
6512c602d420b2a1,12
8e988a423d832749,12
7f295c509189a5e4,12
49a3ccd77f373077,4
cdad8a8ce6b78d4c,3
73e780458a04c306,12
7397d45832855c77,11
4c61a8a59e4c68ab,3
29ab6a1bf408d0ea,1
fdb027b862e2c1b4,3
82173455889566fb,3
836bc16473d70737,3
f3a0c081c309be9f,12
43c04e00f02c449c,12
7e7fcb1cbc5abdc9,7
c41ec2302ce086cb,6
deb026cb31d99613,4
ec2fbb936d4dc420,4
caff4c7f94e74936,3
4aae2e8973165822,3
ba8597709d273d9d,4
239bdf04f9e53cda,3
909321af8114c80f,3
cba65a3b8d749c1a,12
02cc8cd84f485098,9
34d070c3dc7c8092,7
34d092ab958c2a4f,12
206246d9039f4f8b,12
47988159e02816e6,12
de3fdbc50b7aaec6,3
40f8d4fb91ff4c95,12
0c8eeafea94113cb,6
9b7514e2b7e60db6,9
15142d2ca304d91b,5
e7afba99169a3385,11
10845959da1a12bf,11
a15364c4008a6a22,4
8546f10e0aafc63a,3
b7b10993882c0b29,12
f965e9256d22b29b,3
4ee6a11994a72415,12
bace900983210f95,4
35e796bae3915b6f,7
aa78345a38e6459b,4
e05208f114b76581,3
73882065121cb68e,3
c4123d538c0240f1,7
8a3c32d54c648e8e,12
b231d29d6f148b2f,4
b97612410e4dee80,12
2d6a499281b1c172,3
4021688916a92c3d,5
43ef84c6c339c45f,3
039c1065bce365cd,10
0f5606c72e3856b4,12
e89156b075125843,11
777e14efb2d87604,8
c5d0f6960f78bad7,3
534367e415811bc7,9
1dacc280cbca4669,6
3db66e5c75b53dc5,12
551ca1a494494e56,3
f47871ce72c161c6,3
9eb63316c83cdc3c,12
271f3cb7fd782e21,3
1cc607c7f34f69d8,3
3492a24e8138fa4f,11
062e74af3dcbde24,3
59a392dd7da57530,1
d484a31a274344d4,12
8497a58ed8c8a00d,8
276143cc68d14f64,1
46b5d35f5b35e75b,10
9dc35bcd11ecb8c2,12
1985d514bb586ee7,12
449ae4ea302ee413,6
acd012f2ee9813fa,3
71fb7267fb276bd2,3
0f7dbe00255c10cb,12
c2b30b0119f3afa0,6
ce99fa09dee7b1c9,12
e717565e8c72fa9a,4
73f5b2d635e6b36a,10
af0e307c425abd3b,12
1290849140c8fded,12
7f022c0aba135d58,3
345a3fbc2f9e005f,4
a417389d654cb994,12
823f16a316182d37,6
ce296e1fabf653c5,11
f9ee178332395d49,5
77fa54711cc5b52e,6
1f708160348a35fb,12
a8a3fccf38980eb6,12
b9ec306383412edb,3
7d65dc7abce0c38f,7
a9ef55e88a6b6ae6,3
7d467fe72b549e03,12
d7cad162dc6a30e7,4
96e420aab8b89046,11
f4d4f54d8cb9c870,12
63ced213005fb104,3
ed88f5293a83ba7c,5
f0eedd460fbfad07,7
ea85c6f5436de26f,12
0e5f2357e45e9c99,12
7acf07a8c15d61fc,4
9224eee44a95fa17,11
f2b816ec8d78aac1,3
3375d5c804eb10ae,10
693e35e358c56459,6
2c2c478920dae50c,4
041cbd67d1d2f81b,3
17b241e27ac924bb,3
21f17af3caba78c7,12
66a9eaecacee2268,5
a7ec81c30d5b6387,8
58b66f8c4b69720d,3
6aa971d2f9d1767f,4
e26eadc08a2abfff,13
802db12258c41845,12
1fe7a2f7f040c612,6
527a9997ebed7bc2,11
1adf9f0031431197,4
549a6f7721e73665,7
fa9d041e773b629b,8
95fe8b5c2cee9c7d,4
4c76e71003eecd21,12
f0997e740110014d,3
860f3b5ec8d6e91b,5
c7f8062d917bf523,3
e369eec559b644ee,3
404402ca4dc8e5f8,11
2d2a2efe87ff843e,3
418c885d73a1d4b7,3
7dd1207b8bfea9cd,7
315f3e8aaf0f8a5a,5
a7fb7a8c1da92c01,3
68c4470690496d0f,3
9453f5ca7e1c8307,12
d0ac5bdddad421a4,3
3dae22a5f647320b,3
9e732128170e8db5,12
fc886767f5487467,12
438b4a840c150607,12
9c31d9c587473b93,3
fe2dfc7d8dba3219,3
6e00292c184daf34,3
b0c39688f6124694,8
680718a11c1e5063,12
e2eb1aa32cff679c,12
bf7ab4e6f866cbf0,3
efb3f01e38ab60a4,10
9cbc5ddbfa886947,7
14cea49d6308268c,12
5c95732699c78cef,6
6578a706cb92874d,12
abb2fea708c35742,12
c168eae0b2ba3218,8
aa8f03252e230677,8
c252688672f40efa,13
ed7687141b49d546,4
c9f9ae33ac722b6a,4
7ef86f271e044dc3,12
5dbc953b148a9739,12
9e15eaec277d4e77,3
a3d5df0fc5fd38fc,3
3a0310f227f64f14,3
2f16ced651f5e1ac,12
cca029e44574d846,3
29793ed92eb0e28c,12
437ce53bfb1c672b,6
e377622a28e596d3,5
a040bfe696629704,3
22bab7727de4e4f9,12
475d966e3f95265c,8
b8808533ceb4547c,6
9702819e0cd68d7e,7
1a437dcaf280a1dc,6
cdb7d7ee4184474c,3
75459477101886e8,12
507549048c7aa75e,12
db9a8d98230d6036,0
b417d2848d879197,7
c2406b5d18e3e2b6,11
4de843890428f2d2,4
16ecb4807377a893,8
adb9e325eaea39f6,8
45af38b667ad67f1,6
582d2d6e3bccf349,12
7ed09b1f2addc56f,11
32b82b52329fce24,12
98bbc2e57051604b,12
29df4b363935fe0d,12
f1eb4213017715b6,3
f193f5de51b79952,3
b3e3969324716c03,7
126c5e8ad3a5d932,12
f58e1703ea5e33e3,6
046b11c35248ae77,12
578af04de0927b39,6
a925d70774b07f25,3
19369a0f5182b440,9
ff62e51371af89a0,3
79f74e8e87f6cd76,12
9ca453296f19aab4,5
0e435215e1aec2f9,3
77d71e5495a1a815,12
3ace96e4b77c52a4,6
1ca5709e96b57980,3
d2ad6232cb13ba4e,6
a1da0b20f19f406f,4
2a191f84d8e4d5f2,12
dc5c7d8693e69f1e,11
4da4bd9f9a754a48,12
7d9eaba03c3d3c28,6
14b554c9beaeffea,1
c4374cf0624f9a43,4
b16e458fd34313e8,12
060b114113cafa44,4
bde5ced60a312d78,3
c5644da03552cec0,11
84c7425fd52dba11,3
388c963c3a082a9a,12
2c86581f73d58b3f,10
584521e8198605f5,3
c3be49c45e3c349a,4
fe27602cffa540e2,12
3f22d81f039f88af,3
2165808957179390,7
266c376f748db89b,3
be6712dbaefb5d05,5
c7ba9cf1874baec2,4
8a2c60e8d1b7fd9d,12
04dded656dd936e9,3
fc8ef7c2f917b628,12
86c2930f4143cb06,3
7940ccb72eca40af,5
073ad114b73ae1b2,3
cea2a54cc51f2081,12
47b0ee6796c3ed6f,11
e7c79228247d9e60,3
c774bd18d318ee38,12
7f9014d377a7b499,3
156711f6f28a1d23,3
57e06d10383314c4,12
bd5490fb5cc4efb0,6
7883fdfe0be1b239,4
21bbc66a645879c3,6
8d96686d61cf18fd,10
d7520c5fd74be1ee,3
899f184201922865,5
cb3f2125589d6df6,3
7563e17790b9e865,3
8bb8fb1d14f5614e,8
d03c5f84b28ee7a1,5
412060a644dc0ffb,5
1c4dc0698e262c1d,12
446fd37715314db4,12
c477b9fcd9d5fd04,3
7d8dcdb90726e3c1,6
e809ddb413b83f91,12
babe9d17f3eb5fad,3
b3e5ac7e4c9ac2ca,12
c6c3c180f534b6ec,12
209e205a6e93affc,6
c8c7009072b1251a,3
c5b2b895491454b6,12
92dd900ed197c4c5,12
edc072c10da5be29,5
0b87609c0f3dcac4,12
f9b29451a2362a17,12
76b5ce7e554662ab,7
18fea27493b15067,12
c2d4ed1e2bebb6f8,3
cd6a31b737ca3fc5,6
3e4111c2f8c21b46,5
4472b046ce04eb76,12
75963f697c6d5f16,3
9508ca9c173390bf,3
58891557b3e9787b,4
6380cde6df173def,3
ed689c0214ecfd46,12
1959e37f1897e72b,12
4e43c1128361e812,3
18223dc2ab8bb50d,9
c096d586867259fb,3
62dd4a191242294f,3
4f5f9d9ea1dd5891,12
bbd64c23501638e9,3
934ae5789adf0872,12
2cadd1f6b770b187,3
93f42de06ef3e0db,5
1bf7353bc6a53158,6
728260dbe8ae6d4a,4
8743f097fa4cb514,6
81a7d809ec0071b7,4
9d3b77fa72e01fd4,6
0c90cdd3f52ccac9,3
856dad10b7224ba0,3
d8bcfe8ed7aa2ea4,12
d12d0cb26ddacd14,6
a9f1430c074787cc,4
21cfce98413431db,5
05eecdb60ef15f50,8
e9ba4525b34618b7,6
910b31ea2c405aa5,3
d0e7a1f48d1b6bf9,6
a55967f5fd6e94c2,12
de16c93fe2b38327,7
31575eba039e2b34,3
ad5286be224c03b4,3
476353409ed3d976,3
5f55ae8564d8a192,7
8e24eba62d3dc206,3
75aab58cb611702b,3
a4d28177fae42808,12
c5e1fad9bb9eda53,4
e0f1f0e44260e273,3
74453fb9f1bd453c,12
9d985f267dc6c111,3
e9ab1cc126cacd6c,12
d5486e680cad1149,4
7dc2dbf6118e099c,5
e1b087c2e65a373d,12
f9578786e28f3edc,3
d4c741b0197e57eb,3
e89aa22b5b7fbee6,6
d712f51bf48c03b6,6
d31c503ba7b78218,12
6d2bb3ad7dcd8729,12
20eab84279379d76,11
b61e9b8f6277d36d,5
8c44cfca67873607,11
d1a0a22fbee95f65,12
65934d3795c95893,3
fa94b446d5b9b3b6,12
4b04e94ecd937cf2,12
155d3ac2180899d5,4
fadd2a23e8eb6d51,7
34136abc45de2a31,7
e6a3b178c62a2d3f,3
b03d03f107a4f8a5,10
61199cf011944436,14
df4b713a6894662d,3
f77db1095adda633,4
c6072954ec80037e,3
789395272248e19d,4
b78b833e918ca1ca,12
9f31d84e0fa8bc3e,5
1f0dadb602e74f28,4
f396f507551877c7,5
a43330c83704a4c3,5
2f209592b0aa5e82,12
10b4ba89a12bfe3e,3
267a609859099b96,12
8ceff8fe3a5f57a9,12
2abb826edda0b044,12
310c30a525344a28,12
0493a4bfbfbbcf47,6
e474d55f0a87f2e3,12
ddbf4e3b212e314e,12
12b4e36df9a96de7,12
59a0353759d777b4,7
ba805d79d06ef8ce,8
d0965003d59e296c,3
80ad521d9cfb8a1b,3
595e98626b408b87,11
a0897122352f8fb5,12
ab6554fc7f2bd7fc,12
2fb5388d63664c90,12
fef4113d918272ad,7
580afd503e5d8746,4
b7a9c12ebb7888ac,12
c000bf5da2986111,3
15e13d96986a55d5,3
39b293b3249b77c2,12
a51f8a0ab97988af,6
4612c9f9e5660cb4,3
cac4ee98ce30da46,4
8c719a05dd89f261,11
28ccd96e47fdebff,3
e8a4e08332a9808d,5
e0294fa7bbb66b42,3
34a30986dd0e76f0,3
de57bb7c16c529bc,4
9535413db8ba2e3f,3
342aa28151dbfe6b,8
07c419e87340c55e,7
29a8f4a2f2b113a0,12
9baf15e13a81df4f,3
555ece51563ea517,6
a424f6745ef286c2,6
829cf64777e7663f,6
6b5dbc9e461c7ab4,12
43a5d230483de275,11
dfd4146bde0668a5,4
b5f1d93f119542ac,11
7a1de3f0781ade4f,12
9b27b35762437623,3
73842a0d0289b940,12
55730e056dfcf804,3
bab780856fa1d3ad,4
1e62eb4e352b1a32,12
12d243a6ddb423c2,11
f4bdf6bb7f694295,5
068be8a737cfb977,6
c10fde6ed54075ef,11
34015a54264f257e,12
f64f1f270333458a,3
2ec9fa2136c0fdb0,12
5e936fb21c38f30a,12
03ad03d8142a1c15,4
c1ce2a665fd8a9fe,6
36e5dd3697b6f90a,1
eac47c1b9e034d3e,12
44d485f41769bd05,14
98b54bd56c255845,12
c4fef57e17e87c04,5
0fef2ad075ad2c68,6
3228f7a764900b39,3
00a83fee310eae4f,12
7a153796be2aa609,8
1d919e1c1c4cfa89,12
34e71b3fe5c2c224,3
9d9b230cab5b0a1e,3
02699c7c1a061cb1,3
5972fab0af677d0f,3
1fbc0472f6394b74,6
9defaa1fd58bd4b5,3
2b2cb3aa4e76a28c,4
8fab35e8ebde90cd,3
2919f9bb7f1b2d98,3
de2044e4595a565d,10
b9a3222b56b91ffc,4
0a86dffd5318d02b,12
236f1ee4213f0511,3
800c5f1fd4262f81,3
bb0450da38701258,6
25a29dff22fb451e,3
9beb61a5256f3a82,4
0c2f847f0ffbdf5d,4
2ee4cffff2f3de77,3
e2ee341c5b9322c0,11
111561ab8c97cc51,4
ec7647e6701e9350,12
d4080f75e34c64ab,12
8a6417ea4e3c9381,6
61068ab4d3a2dd82,7
7e83b65314b6da2c,3
e6c051a610e5d955,8
1577acea72fc1edc,11
a4140592508fee7d,6
163406a22a99ed0e,3
0fbf2755b18922e4,8
5de17ead6861590a,3
bddf4f77e87943ff,12
3e0f656dfadaf67c,12
8ca5791812c6933b,8
386117c5d7e67253,4
94f9b62ac07324e2,12
654da81611d3e6ba,8
fc067276f97fd7c5,7
b07b128bd33e2346,5
410ddf3b18f8e620,7
0bdb27b31c8db2c6,4
f5dce1e1e91766c0,6
d370634c958fc1a3,3
be8b56da3ccfd95e,12
0a6ac10f559a73c7,12
4849872dea43e712,6
706ba238a83fb003,1
6c84cb4320f15732,10
a2b08c7cc1bed770,12
32f2dea7c9da9487,3
7400e672f194158c,5
9531f7f5f6c97a59,6
bd23ca5a57b46025,8
e6df51c887867dfe,7
caef1cad83aa0769,3
313f6eafcfb43960,1
658bf1c0c4b57d86,12
063a51e63701d1cf,6
9d80179d17d324e4,12
1fcf7878711d1ccf,3
6f810a1831693f61,6
d6b2fd3e72ffd8d1,3
5f9b1b3612ce4e76,6
397b2051c17bd921,9
88b69eac5da40c1d,3
46064db5203d77c7,7
0b55162a15be72d0,12
10389466409931e5,4
69bcb67189150ddb,4
a05436a68f26c348,12
60b2ebc6965d6454,12
317330606fe3573a,3
aa6800fb9002262c,5
51bbac71dbbd45aa,4
ab4b25dd5cc09681,12
6eed836955c48565,12
362d4af0cda243dc,10
55e70788fc37d0f7,11
d91c135b696e7afd,12
c8b17244874d4b57,12
5e49e75f5797de56,12
1a8c5e61f7d669c8,12
c329e200464f5405,12
039e05bcb87b7d87,5
a85c1bc8a4074999,14
9984e6be55a1a984,5
81e3f94403f9ae40,12
a82df38b450b669e,12
1882b1edf00539ca,3
aed210aee5bf5e72,6
bf4a36484ee86558,4
a1746685cb63067b,2
879a1d04fa518c30,5
54a8b17107bdf8cd,12
d70d96c808c2fed8,6
79828549907fcae1,12
d1915758cdf21187,6
e00e8a7277a7557e,1
18adeca0c30a457b,10
6010810feab5a684,9
93509a7bd2845904,6
d1a2584fa59f5578,12
13d2720da9a1002a,1
dcf0f60947596c73,5
fbd789d0135525aa,12
cbdcbe48d30f7786,6
e02656302a63f95a,12
94e6e7093b6609ab,13
5fe658a5841ba8ba,12
f78661293d8f7209,12
fd4312f92f8bb7d3,3
61a26a529c98bf36,4
2c2cd848debff277,12
be61581581ef5496,3
e74d40c7339e8e3f,4
28206b916165e4b1,11
f01df7418d3bf201,3
72911c4a02166b49,10
64f5287baf5c7268,3
a75ce9b42f7466f1,3
3e945c31d4ef9522,6
1d089036f40ce51d,3
d88e4ef68a4ca193,12
b7ce104378ac7f50,3
287cd1d15641668d,8
4df08f002ed21736,3
86fba0068a454bbd,12
f1b0e317a99f7290,12
d2572ae958b08028,3
f169835fb4c22cf2,3
00d7d13630b7d30d,3
b9bad7a4558f7dcd,4
7f4f2e8832aa301c,3
8106a26caf2dba09,12
ca0c2c741080d4f3,5
cd786bd009e4c8ba,4
094cf10b170ec8a6,10
ff746403555c0f25,6
62f2a34e9fad3417,8
f200605c8c163f25,4
fddd1a05d06be3ec,3
8984dcbbaed8fce2,7
948b8c8b3b7bbfc2,6
d26a02750505432f,5
9d816ad6a1860da3,3
20f6d43a7f2d4303,3
ce331e2863c0a4d7,4
42f02935a5b7f4ec,6
99518d464fe525a0,12
3c23270c701bf58e,3
9b2438d13ae4f5cf,12
4ee8b4dbc742e65f,12
2b790cf0eb7518be,3
136e583c551fffed,5
c38e5afbfb22f3a9,5
2d50615e3b2f4d0c,0
168dbc17fb3d5150,3
585d61f322423a11,11
3a494bbaf1c7b52c,3
38be2a309cf54edb,4
0775f9ebf0d2a5c8,6
23643f62890fb483,3
cb622ed5b26acd41,11
19e3e0bd9bf79efc,3
56dc8badf69aa82b,3
0bf90c5e691830da,3
69a54ff0be4e8b47,4
335e74923bf5ffa4,3
be829ad00a1f8e50,4
8369a14dbdc85d0a,12
a865ef9047b22d69,12
01d0b93c71e8497d,11
2515d1df641079fd,12
ed18df600cd1dbe7,3
7f1d496a388ab274,8
0acf883c83335044,5
08db09dcd240003f,7
a5d6f66f2b95303e,4
06f6ad8d92523d6c,12
ba846354119cafda,3
8e109ed04ffc60d6,12
087d64cd5ffac591,3
144570b43f58304e,3
e53c3983217383bc,3
1b99ee95166c07e7,12
cc18df9fc4cc70b1,12
e0e80012e0046ff5,3
5d25314939529b21,3
c7545d87026ed000,3
0ddb4b723e76d3ab,3
2e2eeb116dcffa49,11
48ef38aa1e499109,12
2be8fff88699470b,3
c1ceedc6d23d2f41,7
23d62660dc2b9df7,5
ddcde92553ff5dda,4
4875a7f6be0975c6,3
05e026de48960e21,7
11e98973ecbb61d3,3
db920fccc850d0fa,12
a596b32cf29a0b79,7
a80fd0a41f3eed14,11
764dd8c122432554,11
edd6005dafe1cc3b,3
ac3728c9bfd3f34a,12
f3f925d4acd190f6,12
ef2f1334e4233775,8
3ed0c35e21dc3070,12
977f035da080766c,3
449ce67b8e97c593,12
d15d21c9e28886a3,3
f0f2c6f33eb12041,4
ba35b2c49c20a0e7,3
2c01fdb57d46f769,12
d41531676848ca9e,10
b12f1db829d4ef7e,8
03d3c750b3010eda,3
bc78e18a6e508b62,5
d712001f2ef8ca7c,9
23fb121a5bfbf8a0,4
95a1946b9740054f,3
a1748c5dcf01532f,12
e738dc1b21075263,12
dab6a44166ebb385,3
462f57936e6c4b09,3
3eef5a9c45fd03d1,4
4dd5a6716830d53b,5
e270d3dd4b74ec23,12
aaaeba722822a9de,12
bba2146a974c394f,3
045f30176699f39d,3
8ae109e3ff5a4a2f,8
b8ec7f774262347e,5
e32ab7ea1ca1479c,8
55fbd55e088f5df0,12
de95edc5405ea679,3
5cb4ed8a87e7181f,6
b6e1a0f336fc7fa2,12
f84434a5f8c30953,12
7cba9021ab5d62a4,12
4da7050ce16f42d5,12
bda7a5fe3f2700d8,8
127f00c73349e58e,6
93ea3199a240bf23,10
fe157ee642d9ac1a,4
ba903315aa986ebc,3
bbb3be0c11f0fdcd,8
1366a4a3ae8b285c,12
157b79b89333c487,3
69ee1d0b8a3dc89c,11
5675f44ce36834ff,6
e55ef834b84eee8e,12
bfb81a68e4a96f9b,11
5a52fc103202eb5c,12
33aa67e554905cb6,1
fc24866541db8bd3,3
6433b57ac700bfc1,5
a36d8c836fa8d2fe,3
9bb401a41875cae6,4
a3c8d354c7f3265a,12
7b740487676395dd,4
7a8b9c88a705c108,12
12678c6bd7afb5ab,3
61122d244ea38bf7,4
e25b17f537e99360,12
16de387740d189a3,12
69fcce19f17dce8b,12
a93dfbd2a0de26cd,12
6a4d8f3e72a3cde5,4
c608e77dbe003aba,12
a4d50a873ae2488e,12
964214212b370e28,6
31a3d035270df559,8
331573bbe6b62d93,3
87e4573ca60eeb29,12
bf95dd2f8bcc8bec,12
477e506b278badf3,6
6675041500d99302,8
59a1b0cbc1a42fe2,14
de770c55d013ff67,6
7aba55b3d46bd21e,12
0ce138f351bbe50c,6
44cc3fa58d3d50c9,8
da7ec968018d4824,5
1b717841b25985f1,3
443ef35969a6080d,7
3049b74cef9df8f5,12
ba8317a427b50060,12
eadd170c19f44e5b,7
f570e997070fbf75,1
1685bfd5284421c8,12
7d130fe411680035,7
759bbe3f36e6f295,3
64d04be539028861,4
3746807f3650585a,12
5bb7d2f43f5d9d7d,3
689d65a43882f3cf,7
075909bdd8a52b20,12
6a5b1e10f38e0172,3
1afadeebc2aec527,3
ea97d1b4e434fb3d,6
e6fca0d06427ad23,3
a08456c82c78c28d,4
21b3b54159343e91,4
74d651a45cbcbc7e,3
972d59bb50d4c1b9,6
9e6b868a14a9e6f1,12
b53ead1a7bbc8479,1
1e51ab8352c57d5b,3
04ba5cdb2b19cef6,4
2af47eeefc4541ee,4
3c0e0a460ae3e4a6,6
f30e1ab576af4f49,11
baff3dce0ca4e429,3
12261afb55b761a9,5
4d72c1a77415b28c,12
49e22666dee8adc1,12
89e2aacafd00c8c8,3
bb0128d98e86deec,12
aec10b0cc79c58f9,12
c5f768d9177dfafd,12
2e86f49007c67cbe,7
e8dff45148d5400e,5
765bc482e865cca5,3
43564d2b27869215,12
b494ebf5a6d28964,3
ff87cdbe410dea12,12
d6941f381aaed010,14
ab3c31020132fec1,12
a716e5478998a369,3
1d3b04842eb00cba,12
655737fe4df77b26,12
0580a345915df3e0,3
52ac43c60e85f623,6
89cf6b83e3e94817,4
24b7819269c71b25,9
2c7e4b78839aa23a,12
5ca456ba2700f588,12
69feae560afbe7bb,11
7a217dfb58fc7dc9,4
41f869502dd8cd43,7
77a8b6ca60a0187c,3
37e251b78485bf6a,3
347e52dc8f42ebf3,12
4e65702e0c5d6d08,12
d5ef59da783518f4,4
6f888d5888e7e131,4
4a142233307b74bf,3
8c3ef82164867c71,5
6a49cb5018fdc3e6,4
d555a5fdbcfbecb4,7
6c3c75b11fb3ac59,12
14d91ea082162931,6
1b6c1766b703e557,4
ecb9ac16d1a10e88,12
86a7e104a1bd4f84,4
46646445063759af,7
cbfcb5dd2ec9a95b,13
24a6e112453face0,12
b2a59d4a42faff02,12
8cb12d5af27659a9,5
bce708fcf105bae3,3
7c2ef6ecf76542ed,3
251cde593cd5fb05,7
a688c1784365da22,12
9e0c8a795676e30b,1
034f48f598c0ae0d,12
bca458fa22918152,11
33d3ba7d67527713,12
3d79c6833b935276,10
e30aa5b3472e385c,4
ce150f2cdece1e13,10
1b16a119853349af,6
337590c4ef70b2bf,2
ea635588e7c58a1d,3
aa01084b72edb9c0,5
03b6547c71a4aee1,8
fb77f2db29527302,8
8ef8cfa1d655dbe2,12
9da2342715643812,7
13976d29e23d7719,7
0e191e233baca7c5,12
0e2e09cd9f9aad0c,4
e54a0e87fbe29ce1,5
24d9389612f81fd2,7
71657fff4676c808,4
3112dced43c547fc,4
652e611d75fa8201,7
809c8d8be101657c,9
bae28774dd0d890f,4
76200f1543750e96,12
ee0fb69188eb1c1c,5
847e0867475c68d6,11
68b3c4041e8b3641,12
ec614b278cb89360,12
eb2456f0d55a4e0c,6
6c843e9b00888df9,12
514b43da974454c8,12
75f094076d15ba62,3
40504d249d7210d3,2
841b34c4df0cc1c9,4
8804c89a4a6e213b,5
8581d027e46f57bd,12
f79a0e500228660f,3
ba9be0eb716b0487,3
eaa702e3cc77dc49,12
d4521c0c17282012,3
6163e74dd7a865dd,3
4d9965da1631620e,12
e14ea6c34dbe97a0,4
bbb400eca9cc9ac2,2
2f1ad837ea67f4db,12
b867e8e60c57b1f9,11
aa7a47f2cc65ef4a,3
23533af55aec2a41,1
440e2bc57657553e,11
227f9b09e68f54a4,6
9da1502ed4215339,7
770a9b07baeda52c,3
1ec51c829648df8a,11
c65c990b8dca3c4a,3
f73d50e52381012f,3
c1b6cb5fc4ab7dbf,12
b99582d9931d720c,12
d3722bf2bcfba9f1,12
f495a76a346df81f,6
00db6dadafc22ddd,3
13b02ebbf87d6f9b,11
16521c7dad1914ff,12
c005125ed06469db,3
f6a1d2f85ff6ff30,12
aa714bda57d99645,2
5eb7039443d41310,6
5f379bbfc2ce109a,12
518bd69dfa3678c5,4
de8ecd2b188b2463,8
5551b22e5115e8c3,6
cd2ce7a1cb9dbc65,3
729b60d54a7c7f3c,12
35af2aaf38376d61,3
a5c96a8d85eb0582,5
96ea2d6fa91886f3,4
d7b87233e2ab99f4,3
8ed9d0cc60d5ffdb,12
1aa2f4dedeee889c,3
357295810cff2d30,7
1dae7f9a14186c16,6
ee17cb62dcf0a8d0,12
bd7b49813a103c1b,12
c86ad4ee2a8be86f,3
5eef2e6aef722862,12
244443610ab5d945,12
1fbd6125a14b67aa,11
f8232ff0d2cd66ed,3
e3abd47fe1867d51,12
3e102d798cac897c,6
1fb31aac4e5e755c,4
b04821430987b1f0,6
f371e10fcae3624c,5
3da1b5627c2f0031,12
55fa09315fcd23af,8
fc4a0783c2bbee7c,12
f4942437c90119e1,12
aea71124c7b4b1ed,5
5f33bd81f0a6d8bd,12
05f824261cd501cb,2
19dba2b2b0b3903c,3
2309d03683a4a953,5
e0a64737aafc52d0,3
b21691c309f3053f,12
f862cb2773cdf9aa,12
ee3572731d2319b1,3
5fdf9a9d451d074a,2
0f131ed64eb06b37,9
655bee0b02340a3f,6
00486091ff3e47e9,12
65940f046d05afe4,12
1898eb2b0613cabf,14
c221c4d38c3b4196,3
10a25a5104eb682a,12
76b816b0b1cbb83b,6
57a2d6d40336b1e3,11
567ea66f5e8512ef,12
a3ac09aca0710093,3
d6ac8de105bd3876,9
328b9bef25b065d4,12
4e29661d29e25eb2,3
568d3a11b5a41d96,8
e189376a7895ba00,12
c6245cbc247f87b5,3
f35cb03a712f59e5,3
2575a485d3f9226a,11
4264878140ddae96,12
83c875a46804cc42,12
c1d19a5bc0ef7c08,12
9ce7fe6b8428bb05,1
466da006a7cfde3e,5
7c459b92d54e1f5d,12
d038868cb25e589d,6
28ce6664f5db7146,3
674e1a8e3aa756d0,3
624bd512a33ab7f2,12
cb2c83a24fa580c1,10
01b74db409bb3323,12
bb51cb99fad70736,3
ce88e76b512c9871,3
c8821a03c45afa8a,12
ff0fd3dbe3adf3cc,12
5f8aa318a31a2e01,3
c108fe5618062a67,3
355d2c4a0e3d9986,12
b43a806dc7ef8a6b,5
47615e416d65845e,12
2d97dfb747730be3,5
1337d69d7ddab6e6,3
382e2ffc214f1357,3
382d5cb59bcfe19e,9
1250aeb57103b9cd,7
3793c524b14a792d,6
7caf0740febc4f89,12
caa0343d7329eb1a,12
4003835dc73ae2b6,6
d829ddb6017e55c7,12
51011ccc4871c2d1,6
2e632d7d9b47a83c,12
ee35a6254cb66442,4
b7b007e35833fa2f,3
fe980f14ded71159,3
84ace08a786e395b,6
e878b3c54ef3371e,11
cb5c5762d804d85b,3
18ef8a16f5b83365,3
02ec6262ba0d13cf,3
da256fc89f8ef430,11
8c8d3af869c2469d,12
97e6c9768c525b34,3
3c13bb0a7406578e,3
47967773604c8cd6,12
724fedef8c8065d3,9
2e72de386bc42a92,3
2c3b1ca432b2f4ec,3
f27ca5b674437b37,12
ad2f108929f17732,5
0186a44d0773f702,7
b2a2bcf95306268d,4
5ae6acc07a628e13,3
b18d544cf574e657,4
6dab149bf34eacd3,3
94ed2ae3fc762304,12
c48446f86cf07a5f,6
280fdfc36f6733ff,12
724aa24f9bea9693,3
654e006179d94f91,8
5b5d1a99aa8ddaed,3
87895743f2e6281a,3
c618342a27705b73,4
f13b40d562dca4e5,4
020899645c381707,12
35bb764aa101284d,12
4794bc6e9e9ea5d0,3
8b85fa044cd7b668,7
f3226b19dcacd1a4,6
5941160fb3f061cd,3
a07fc690198cf10f,7
8a02ae32045eee8b,6
4e4c1189798a6701,6
00f2d4c711dbef24,12
a2219e95ba99e06e,4
6ccae38156674dab,12
642df7e4036e7d84,3
2fd31f733309fbb2,2
721a2d1fb017851b,12
aa9bf497e6a26580,9
e640eb10fedc05ae,6
484c288e60d7e7be,3
cc751573a8c5103e,4
992c823030667a9a,12
942b378ec850eb7e,3
0219034add1a5c09,12
8e2015226b01ac66,12
a0fe056603604a74,6
36d6cefe958eee32,11
0d90de272fdc3921,3
2fc3b6d0743de4d6,3
3cd3b4fb86148519,12
10200c03b44605fa,3
0439db2326ccc2ae,3
cddc31b9db9639ba,7
6dcd31e8df631046,12
2e26df106e9806ea,6
1abfc28565213c86,12
4538cf96ae46e4ee,7
492272086c78c6df,7
1bde51c5243962f3,3
ee59ae296fb4ad4c,7
4125dbc8b5492cc8,11
2c61ca653f9ce760,6
94c1950794ee70e4,3
77f4b80bd6273023,3
8b0ffdc9c4b18af8,12
7e8ac075b26c107d,6
9a1711498665c9e5,4
3d8f4eb98996d567,7
45db3075e7706dca,12
00ad23c2532e6c4e,10
c447d3d83f9dda9b,4
26404f1981ae4e26,5
141cb18d915132bd,3
811f1d85d2e733b7,3
284e5492dcbf89ab,3
fcd3f9baf2d7f2bf,5
2cceee93043d0658,7
1039f05923db71d9,1
b243e23b2114e17d,8
fce9feb8af840a17,3
5239aa4a2ea32e7e,4
5d9195bbbf825caf,7
da89ed7996a91240,3
e18540116006c763,6
db41f6b7294ea9ea,12
bd2b0beebb6703ab,12
c1992044f9c14e21,4
72feed61b1ae660b,1
3e1d309da7489274,6
bb789698c94fd491,4
eb973348cd9106b2,6
79014e259a3153ee,7
5c68df237bd6a131,3
a37cc41da5a92608,3
164866706b4f10a9,3
194d69cc2d1929bf,6
deba759a2e25273a,6
0681823c2e28cf74,3
4a33c7f5b687ec97,9
2ff35f282184e5a6,12
7d59adbf3c71cd03,8
f9873d175496046d,12
17d214b01df612f1,3
4dbaa21e4332bb97,5
30f19e9eec87a4a3,7
77181d36352e2979,12
6c9ae6bebfd8a5f9,3
e3f7178ca3a42a4b,3
c824bd4ba7902edc,12
20fd092623e986a1,3
aa48eb6f3517b5c9,3
8f1adae7db80aa97,2
a8b420e5400f4f4a,12
f72f3fbc2f6e7052,12
5f940c93a5522b80,12
426f031d3f196dbd,12
39b258062bf300b8,3
d6eab3a8e49af2ab,3
9029050833aec959,3
fec60dc18609441a,8
badd336d88181315,10
dbb8d4645c1ef3a3,5
b39aa1468a1299b6,6
40bdd5195cb76341,8
da5db0f124299751,12
520b390adf5e81e0,4
bcd1e2728ad8c118,3
d82f6f51673f4843,6
f29a67ac89939ce5,12
4a85e337408365f3,12
0cc7385ebc6ceb08,12
18f5b2bed2fa7288,12
64cac898d58eb5bd,6
b28e38f9b018a50c,12
519f708f255e18bd,3
3b078683c44ffc56,6
c2d09be8a3abf2cd,12
b8215916b823b8f1,3
d1ea3089081b2259,3
298ab42d4d6cf967,4
209b8d587faccee8,3
f30ab81ac4ae87b9,3
12f7bee031c9b0c5,4
93843d47e32b197c,12
941c2341d654f11d,4
94d59b20f18bb1a9,10
31b4d708c632fca5,3
9c707caa373b49dd,12
6b3a3c866d7dfc19,11
27fc75dc916e9bb6,4
3d17d5cf5a12a0ba,9
fb111835cb107dd6,12
a5cabde11696dfb7,5
d6feafbc67fee447,3
0d5daa2fe741dd2f,6
3eeeb9485e07f49d,6
56ef6aff2aa88e10,4
1a02a342ace9094b,7
038c4ee6ad04b4a1,4
670abfa268c48304,12
8b1aaf9dc8ca1c10,12
c6b8785203512bfe,6
ae37f1886dba4d31,12
53942f3d6278c64c,12
0cc8c8e0b1bc0499,7
673505a8c7b5ae15,3
5cfcc623e33979d4,11
6d763911ef5ee8fe,7
673a89a8e73355ac,6
7cf7e7a87bb3cf00,10
f1d04af59ee2cc6e,11
caa53a2bb4d3b40b,12
dd50a8b0d91669de,3
65861db3adaa07b6,1
41ec8379fdb3ae8f,9
7021f94d22967b4e,4
3fe023d981a6237f,3
43ba2b7fdda3a135,4
48f825591690aa38,5
836e01e6dee0aa60,4
3b0ff3303de86803,12
e93127b607dff309,5
39a5a0ade2230725,6
fbb8303e0928d4a0,3
37c1a94138e7f5d0,10
a29f3f57a886ffa9,13
94c134d857d1833e,3
19e14c70210129db,1
204fece1a33340a8,3
2dd56adc5df5c2ad,3
5175670bf78dd367,6
1058324ce2222bfa,3
ad592d077f6c9bea,3
02e9a6e91c546c3d,3
01f95513d66bcee7,12
fa93061f2ea9f57f,6
e85c08b06a0471f9,3
7c4ae4eac7c7e3f1,12
df88a15a77df50b6,7
0a48fb4b15b1a841,1
48dbf3f99c374dcb,11
319b3420791df020,3
f3b07bfb53735815,11
f3c1c44e926d3475,6
9ad5884cb1c96176,10
ce0eed3c12282e46,12
f568bf62ba722e2e,3
6d4e96bb78288be8,3
1c56452812897076,3
f890b49fc088fbb1,8
59e893f37f0d8f45,3
0eaa77e0ae0d2533,12
4d9360cfb95320b5,12
dca371370fbbdcf4,3
15126a44a42bf45a,3
b56f8d620a1fa628,8
cdb42a8125eef127,12
725112e963bd2cb5,3
c411b422ecfd0667,13
cf0243d3b49d7066,12
61165ee326f7e91d,12
5c21e73114677df7,4
a9008d488cb4cd93,3
0ee2e728c019195c,7
ec639a0aa94d5e7e,3
29b869943f8e292f,6
072ce803a695c5d3,12
dc9553cd1d675525,11
d60d8b6c056ca5d9,6
673dade179ea1f48,12
c6f95c81abf27a38,7
8e5bb6d80507b293,6
e4c760349cb44310,12
d5c78f19cc430d18,12
de0429371ab489f1,1
f1a38df80e528481,4
6d333b798cef3017,4
fd44fc1990b4a325,12
acd476f272f3d8b5,1
8b43a3a1be2d3b30,5
dcd986622d7f2fcc,11
a2d9ec3211f21b5f,12
69c82a26fff1932a,12
66d3acf316713f99,12
516fed7d5447b12d,12
07788dbbbb01f3fd,8
ac9b480dc8d04937,3
4072ae780100d886,6
4e6d726522af4558,10
2fe8c0de7d30dcbb,6
ced8ee144c3247c9,3
a5a4dae444098ccc,14
83eab6eea9ddc0d0,12
28e9cbffabacc283,12
ae108dc371e667f5,3
582ea89ab45fc451,12
b4d65f765e6f1147,10
9bae5d10537fd840,7
eea8c73553e0815f,12
0284cd46f8a1eed9,4
035494a143fa3a04,7
d540aa27f74202d1,6
ee25b0e4e99ed3ab,5
e1949fab267f98f7,3
c6fcdd64b6d6c6cf,12
7325ec9c5ad94eca,3
6c4fc6e35f33a3b6,3
54a1a8114c7f98ec,4
5fc1d30b225c7584,7
e80239a18ed8c6a4,3
ad26e09c66380c0b,5
da71fe3411abe2e9,6
cc5d276517a9f093,12
caa774e86fd8164d,4
515539c7d100c6fd,3
8319af59319e68b7,3
b5805eacbfd3bc6a,3
2fd9ded94fdb8fd0,5
c995ba8f0ac97ca6,3
cd51f83da5936642,1
759a50d8f5169f1a,12
c86e39f0646909de,12
25e2c8f174db5c27,6
c4e6233106822eb3,13
a78de3b8797bb416,4
c626481cbcacb4f2,4
74039f75db5479f2,7
92ffbc34f2a9fcc9,12
d544956cc2a4aab9,7
9707f8c134282736,12
c2ae49a64b1a8a12,3
d169d1923693b6fb,7
c653e3631fa625e5,7
e4384dee90935432,7
73f739d7cadb0582,12
14ca3f8cf1b06f8c,12
0b3d5717748bb35a,3
006f04c79de8caea,5
b1876b0d7c3198ca,12
fff0918097feb3de,10
0ad60f95a4e235ef,3
0431013f85ee2d72,12
aa64c0d6cedcf37c,8
65700a09a96cb54f,9
9f727f8e9a3d8b0a,7
a52e3f60617555f5,8
ffb82fc132c1b5bf,6
99c5421303c3afe1,12
867e94d126c3cccf,11
74de9b957f1d05de,11
43b0e5f1b14ef1d9,4
81c6d5d10c6bb617,3
3e168b22ccf57aa9,3
68a0fe1f1cf7904e,3
9acb534759d88170,11
88d849022ed53e9e,12
3d601c742df4fe22,3
21e0d11e469fc6cb,12
8f7fcccf35480218,3
5ab180c62cff312e,12
9a2d9c1b21dfb9c5,12
a8380828d24f9a2f,6
7f808087776967f1,3
cc59a49c5626ba10,3
266abb5c17ab04f0,14
7f4d41ee5b559c57,12
9346c478719a84db,3
7e44f767c6f2bece,6
4450af17e3aaacb0,12
1f994b0518bc0e03,3
9c793bbc6f06f54b,12
71734c8cc112754d,12
e4aed906c0ef0336,4
d3287a7b254302cb,3
3d922c24ac9e1009,4
add421ec845588b3,13
ce61cccbbe001bcd,13
371e10794de919f4,12
5ce132360daaf9f3,10
9f44d5023702cfec,1
e57ad6571949b3ee,12
d83266b4673ac865,6
c7cd99afc8d4fdde,12
b957b6270fd60ee1,12
127762e4c986cefa,12
f39214155732427c,8
484558a208490000,3
73db673f06d77ef2,3
36056a74c12d2ffd,12
b3071a763dd31bf5,3
2a73b47207dc92ae,5
7d83c96bcb6f58e3,10
1b5295e728009e43,12
44b9e3b0ec4e97ff,12
a15b13be433def11,3
fe7e2defa4b20b49,3
7220d505fd235679,12
19710d121cb0d10d,12
b302c3e857179897,11
793422db7877cecb,8
faa7e9d15e1f085c,12
b04c4f83817590c4,3
1128ee43353bc2be,11
c3f526e52174a41e,5
32da2ff56e3e57f6,12
1e3258e6378d16e4,3
ce923762c3f05093,3
e181d58d00d54f33,6
beff1612a23046aa,12
0598d0f77daa59b9,3
14b6227bbec81cab,12
1fe5999350d684e4,6
85fe20252a92ab1a,3
f863102af3f95159,12
5fc1650374549ef6,3
36f11c61d4f46988,5
b678a85685b124ef,12
fa13ff1a604a9c41,6
c3aab548eda13565,6
6b9fdd5d166c51a1,12
963f578d198fdeaa,8
a823a3b14d3b3052,4
51abfcf3772e60ed,6
c3a70126bbd54a78,9
a5bbb07b5b34155c,8
7704d9d804bce261,3
9020af56bd4db9c6,12
a97ddd6e9234a128,3
7218d22d4e12713d,3
04bd5659d90e48eb,5
76f9ebe7a97fc417,3
59047307969d3b51,6
96fb15525f62aa0b,12
476efe43ec23d5b8,3
36fc99ce07fcf102,3
3119c6761d442191,10
35d2ae9821dba1e6,3
d134b6a4fa486bbb,7
c0fd7dd2d4fea112,5
97e3bdafdfafcce5,3
fefd25156b608ba9,9
652c86bc36119a57,12
31fe349058346a68,6
3af9c52f9f6cd5f0,6
9036901726fa66ea,11
803e1cf590a033bf,2
b8ba21929ec62845,3
fb7cf7731de77109,3
477f5312967b6793,12
aa9c66588c6d2d4a,4
0737f31358655347,3
fa3a577207411f7c,11
51fdefeb19def3d7,1
2659f3bd0ea540bc,0
3ec2f54e1d952fd2,4
efa1041e598218d2,1
b8d232ea813dc015,12
d48f3a033feaeed8,5
c537fa35e9fe7b9c,12
6ed961719b7079a8,12
2ae205a5c7af188d,4
70e19e1a4a700344,6
65233d3fd51a0236,6
c4cc7baa7ba77fad,1
4f075c1311d9be4a,12
e89de099d16cad1d,7
333fde22f1f2151c,7
906f80bbdae11d99,1
9a9f1febb0013c20,5
cd47b87e1c90aff4,3
56e988b638cfda6a,3
775c90d7d420da58,3
34c653a9e0425ca2,6
a708ce0b15b15920,6
f2735112e8049210,4
14cc1741d331cb09,3
0cce2f325a0cf7d1,12
cce8bdf263d2828a,12
74782dfbbbf9b76b,3
326dec2fbd8474ca,4
2f96184cb16c1c52,6
e7fc6cfbb066d328,3
288a710e2e670f17,12
e12fb02e5ccc9e29,3
a34e49f381bfc392,8
40d47138c96cd866,7
ad835f5645b10e42,7
670ff76dcafad69f,12
564f7d725ce95927,1
cc0ee79cf48d087a,9
73e2dfaa27056092,12
154290c90dba7522,3
0ba203351799aeec,3
a1e32e12dfa28739,6
439b073ac3ec8e24,3
85a689cb5796dbc9,3
41ff6bbb38f1cbc8,3
14f24b1d6ecc5722,12
ffdba7b76be4c7f4,12
13f750d3f39a261e,12
9928e4154091292f,7
11b07e8d60849fb6,13
57f82d9866d74733,6
d17513d14afd4fa4,12
52422c132ccc771b,6
bc7d570c401f95f4,3
8184dadf42674bba,3
3a206ff61759fd68,12
abfeb5ba15bc0456,4
a29af3ee46475144,12
ad8c17a901011ffb,3
672af4bbd8796cdc,3
b4b5768412b411a3,5
0c4b34282d94da69,6
2361a4b5199cd618,3
8e738934bed0c273,5
62ec195d26edaf71,5
85370862b4de4476,7
15209504a5e32e93,4
370c5e0f66b969da,6
210cf271cca63eb5,3
5edfd021141ea8a6,12
5a47041c7fcb9a5d,5
b3accf9c73db2ddf,3
3707f33b3f700a60,4
e2fbc1ed7aa0ad2b,5
526a74dec295348e,2
e17954b9e8090f66,7
69ff2adc7d01096b,12
5504be19ef0cefc6,12
dfec7addcd6edd64,5
6875c37e072711bb,6
6f8b07c63e689a45,3
9e305f8655d88a26,2
bc9fd0f34ad9bd84,12
863f5ecfdeca2ead,8
1f89e0c9f2ea3593,6
e0a0f1afa4c92cdd,5
3dd47c3c505d1384,12
47d9c4847f20f0a2,3
079e68ef94b01b68,8
b79fbaa7b3eb0be0,3
1d374ea909f297d7,6
abe31b0f09d8ca8f,6
d36607115631fcc8,4
18aeb7f5d4dd030a,12
90291b7785233732,3
32e9ee56e2644dd7,12
f953c35d7ef06ae8,3
7fdd5f63f30ef835,6
e9ea084d07c017de,12
224b20befa2f091d,11
c8d65aa88dfe723d,4
a2feca505d229277,6
0101f6bcdb66fc2a,5
632f775d6439d343,3
fd8b4e478c0024a8,3
32eda017c4ca2bf9,12
31d77311d2600230,11
f40e75c4676cfa27,12
59882855da1321dd,1
9f0968fece9f0dbf,11
f5cf27fa4773ea98,7
27a0fd97622ce7b1,12
5eb66a1c64d5a2f1,4
513433ac93462978,3
45a538b50278788d,12
2dd7a8a222ba9378,9
dba7a2b1a3461e55,12
b2071a25f004f7ed,7
056385e7102ec7f6,5
af2cdc31c6e9d8e1,7
4cf69dad0b96b483,4
a88834a2c8354304,7
4d207ec534e737ae,6
afcf67542fc2911c,3
83a4660399dc1ed0,6
b7a6ba74da9c84d9,13
82490b0b80d95861,5
bd5cf53cc6b7b8c9,12
b3acb3f7b6f729fa,12
bdb59a60350e002e,3
4e21f36ab4426875,6
1ba66234f9b6dd69,4
1d480649019d8311,3
6b5d9690f8a132b7,3
79efef5630cc8711,12
e82721dc3607ab74,4
7261f8b76251ce34,12
41dc297ba96c8367,3
baa153b616dfad34,3
229bedc7a3569e46,3
59d53edf626029a8,6
4ce0ecda0512fdb1,11
708645bbbbbbcf63,7
0ff9bed980bbe4c4,12
b526d9a050a2a390,12
3ceb9aa60a974503,14
8699250927fd757e,3
8166375456075694,12
d54b657b27da6d93,7
d8bdd96f3b842c0f,12
23294b91d975cd93,11
de2b43196fca87c6,12
e5a3d3061d8cbdc9,3
d245a43c90e61f6d,3
d027e9b44526cf22,3
976bcf3bad74386e,3
fad8673585839124,3
468e4dd9c47ad217,12
2f6a322e0c304831,12
eb6c800715c19324,4
d8fc3f2d1a59e138,12
cd0a150831c52a32,6
549460d351069578,3
7d7582b19df4a234,3
90ef643011e53547,3
46e09cc8f665060d,3
e181a22ec94b6b74,12
239d943b5917ca87,4
a52784a2bb30abd1,12
deeaa29d3600b394,6
878cb6707e1752bd,12
0672a87a3f5e0bcc,4
fb5abe84012bba52,11
bcf3e71cd39844ab,12
48a1362724fdd60c,3
6080f85ef1df1271,3
8b85a120d9f6a495,12
5721a40617a574ab,7
dbfdc2d15414fd05,12
b7503bb0c5635ea3,3
0207c81a1657b409,3
55f33dbc6a38b745,9
c0d8f55bf35e3b0b,3
dcdfacdde933d81d,3
fce28ab3958401f5,12
66d12b9f8a9ffd60,3
a681a15d97d749ef,12
2c2b7d2121f43ff5,7
57203d38ffb9ebad,3
a6295015bbfe6b80,4
5a49bf83885a591f,12
912be26df8816b04,5
b460539b613e6f51,8
272fbf9c9a385109,3
f32d50e62c364f18,5
de60728debc61209,3
7d431c3fc3c45446,12
db4d382625c14898,3
49315832ce3808d3,12
b3c99d4dc3866b92,3
d7f083e50f999b7d,12
41d157b72f094b51,6
058b37c1f4030a68,12
956ddfa97518b45a,6
2bd0002406178b3e,3
611ba17d1a0fe141,12
75950c515aa7058a,12
fb345fe05562fe7e,12
b32eabe1e9461ff7,3
12a7c3964b16dec7,7
2f5bcf51243f275d,12
f5722c782a4a0c48,12
6312c8e1cd6e3392,12
7cd9fb54a9bbb111,5
6f642bbadf81d0e3,8
f3ff962a683c2a78,4
1500ccbfee1bacbe,7
44a6dbc4b8be3299,4
c086c661e95f5691,5
dd4536b782650958,12
c36b397b392b9e26,4
26c2e0e311e7bd32,12
5b21d4dc804d6a00,11
bb9ef2dde33e379c,8
ce92e70bea638232,12
8c5ca8a13e283df9,4
127cf4bf7e1951f4,12
c543c60077672469,3
120cf4702a675683,4
7434ff9788cbb8f0,11
12a1b321e408b54c,12
404da91a756fa13f,12
e7f7aa5092e96d44,3
b975470f4f833129,10
7680ae9b6f601f55,12
5407ab7d70b2e79c,6
17339067687546a5,4
d3a5f62ae27314e0,7
0a112de0a61b668d,4
937dc3e6b98a6be5,12
60f21e35a17bbe91,3
5c48fd963de4826f,3
ea54868deffd8c89,3
32185addb457949d,10
7479e41d51588407,3
23e9be6d69c15a8d,8
1da3a19444913b3d,12
17607ac203290c9a,4
4e979e7ac1b13777,9
a3ef5f879fa014e7,6
149839cc91ea36b7,7
0a5af32fffcc3049,3
64ae415cda447e48,12
f24dda571f37e109,11
46ccaeb044a8bc87,3
9596a4740f430d96,11
7a49d0479c694d80,8
85842123bb9c1364,5
1eca0e4c3017b13f,4
b0cacff7eeb9cccd,3
62573e5e30a370db,12
8d4f9dcd58b2a57f,12
99d97e2a0d819e1e,3
46c55a137abfd25f,12
45937899a402abbe,3
d17e1ba9db51b5fb,5
1a15b11f1ea3455f,3
f85e7550cd55b21a,8
9c43b09532ad57de,3
ffb7aaf0f2be6a0f,3
a0cdbe130b135681,12
679eb9774eda5f62,12
9f54b94f6b73f7d9,12
88865b918454bb91,6
208ca1cc7acd655c,12
3e3ff60a0ce380d0,12
c629182395d01a0b,7
b90c1f5af64180d6,12
6714e291b4defad8,8
f7ca06a6ba49edf6,4
6c39f440558317a5,7
14b3b14fa8650379,12
934b59efd7ed6aed,4
f30cc89fc782db3a,5
fa87fcd42afb5048,3
ed591ad3c4f9b001,6
eb9c23fc61a30aa4,4
c1089d3076900dc4,3
3aaa1e6c6d83403b,12
8ab1abfc869c3aae,12
a1617ca13ceaf5da,7
b9c8f81819399105,3
5b04e27883c7aeaa,3
1bd27983f5d5a160,3
ab421521cb885fa4,12
557b65f31b49f25f,1
380865c13981a971,12
941780f1d657038b,12
d9f42789f5883d90,1
236be2cae42831b9,7
93e488159f90fd88,6
acba541f1a8d61f0,12
deb941741486c783,12
ee311298b480e38d,4
c5da6f87ec3f4eba,8
eb573a01a2e41f71,3
5a71b4af6915f4ec,3
78013b642f40bcb4,12
c6a1620d560f6479,3
e1b888914a2b1d14,10
592e8a44c97d2746,12
3b63bb60385a96f8,11
af1ed6c9c6adca34,6
c5ed1b7ecd68383d,12
278cfb63ea91655c,7
d715aecd1becb29e,4
6342c3c52877b04f,3
d5c16d9f7dc38287,5
45dfdfa686dd52f0,4
d895e4eaee269a5d,1
a087cafbb6dd0a80,11
b3a7e8b21709a07d,12
9ddef39dba2dfac3,12
0dcd6f31e71835b3,3
9ab13b0321c78cd3,4
865a3ff738faa871,12
f2f174c23cdd9ca3,5
b40534e90d2e4372,12
1ee414b16addb131,8
8855e22aca6a08a8,12
ca9a388921ac3fbc,5
3bb9cacb8d4d9205,5
cf45fb184ff3ebf1,12
550fe100368d1fc7,3
8ba68c23539638d9,12
aae69048581d3ced,6
16f0bdc8f4cd67ad,12
ab0d42830bdb40aa,14
89323192ca200c1a,3
d64beab222db6f7f,3
d4b68ea5bfc07649,7
fec2ab0ec01eddf0,11
04366503ce33c6c9,11
2d428c6074b428ba,3
056191abf022fdaa,5
6cd933795de4574d,13
bfcc92274f680ca0,6
a4f49ce5adbfacd8,6
47b3d68b0882edb7,3
a7da7f98f5072f69,11
0e368301539abaf2,12
e0fb5e02067e3f3e,6
c4fc0b5e9a28bd09,3
d5b1719bd5e8ec28,3
003a840f48715589,12
6d3aee3fb69a5aa2,7
2f7f3e764176f38e,12
2b68b934f2fd13e2,12
2a30f548b09b0814,3
c33088167e45e1d3,6
4f043121f79e4cc0,3
5e9900e436a0def6,12
f724af07e246c651,12
ed748b2c12dfa448,12
e20969b2ccd66dbb,12
3f06ec9b57bf4310,3
c3ebe397cf77ee2a,4
8f96a38e20e4d7da,10
84551c4d0178f2de,3
6f73af30cd2f6d0d,5
bf9beb7aeaa2a931,5
18b17e560bd362af,12
e646638e8895d3d3,12
070cf3541292f873,3
3d7c77c84db6d59a,4
f27b988687853583,12
7fc14e4b40b2e6d0,12
c3c526d41a363146,12
0190c60ef9b8880d,5
829b9e2f3d84c8a3,7
82be96d73c1d8430,3
70da2a736a9c5f4f,3
1804bf6458947bb1,12
40b4a59882f75bca,3
f54b8f0193825df3,8
518251652b72b530,1
ebb45cd7a88a7d2a,12
cb776921d68987e2,12
bfe828129e79cd2e,5
9c466925c2772ba0,3
57be4ca363cc7a12,6
a3ecad37eb9514db,12
476481f0e592f78a,3
5f9795628a1ae6ee,7
80df84bf337c9087,12
bb8cef89ae19e3cd,6
720a2db81552a122,6
d8e175c791cc6f62,1
fe8faa6a5cb70c12,3
b93d5e4d597ddef8,7
8d0949ca17be46b5,3
912766a6fc8d543a,3
99296cbd81878e5b,7
60e2effa1d276a99,6
20a2534ba7357148,6
dba45f57e7a36203,6
b95e8e7b35098f14,12
68d93333c2446eae,12
58e9e0b05f226b5f,8
2fbed2e00ef68f1f,3
db8ddd643dceb57a,12
6e4b3104a4342614,3
08f9854b7ab3212e,6
679a54fcee951d5d,12
004193b9cc5cd875,12
ec01824f59d4a7f7,7
4ff97253ba867f83,7
e133ef32de8c1106,11
153b7625fbcf81d9,5
1301c4eaaf8b2a54,12
bb6c4979172ba44b,5
aac8276d1d4a859e,3
c88e1aebdf4cb4a6,11
e62fc78b244741f7,12
82e67afd00e74de0,12
6cd1fca8d7445dcc,4
62db81875d8337d9,12
4455472ffc095d52,12
1449df302ba82433,8
664c52f367482315,12
910fc749ca9b47a5,12
b0f9405c7a7cc894,3
188d9600090d2e0c,6
174949f7a0237e57,12
84cb3e5cf7b77e68,10
03f385c2f0da6a89,6
90581ef05a1bf71d,12
2aa9a38751ccf671,12
d4b605d2268eee1a,12
2da71db96e5b6d47,11
1e67a4e774576d24,12
5abc1dd218d5af85,12
dca721f0a786323b,10
e06dde3370d65735,3
2853224bf84f1fe3,8
7c82bd1280bbc290,3
85836f1b6f2807bf,3
e03531e9687d3e8d,3
e8ded8f3064cfad3,12
3589229fa1ff8625,11
286a63da906c02c0,12
d55ac6b373127576,11
2982126c0d62ab76,9
71f50662130c2428,5
ccc9a24f703c4e35,5
6c0ffb8d4296cb7b,3
1961a0662b55dd9f,4
5c2919ac07e474d1,4
c809bfc0838af4e9,12
c62a388c23c96765,3
d572e5c0a2461eec,3
2c9c62885adac385,12
6d05253e95a23fcb,8
733880f4bfda0947,4
dd00ec9fbabcbb3e,12
9d8cd12c3c6831d3,12
358a9e4cdaaaf56c,4
dd559a18ab72ee96,3
af22f1146a7eecad,3
adcf3a12bd46ae50,12
1a208730a9917092,12
14cb8d1d36a3adfb,1
b00f25cd9359d2ba,12
8b9ad2599bcecd1e,7
3b3d9453e3e799e4,12
41c59a3ac9859d99,12
c20a4ce7fc99037a,3
27ed134d768ddba3,12
49e751b2f845227f,6
1e349ccf5b7c5ca6,12
5e68eba783fd321b,12
d0c755a476a3f6fd,12
5c32facf029810f7,11
a276489c506a6d3e,12
36b332d35e833feb,6
b768bbbbb205b065,6
da28b107f3989585,3
c5af07f4bfb19a01,3
81d27985d2e1420f,3
ed5c9152421bafad,6
f81bdf04ac2fe37b,3
a2741a7559761176,3
5f71d9c5517272eb,5
163744eda007df8e,10
2c94d989380d99e7,6
0b53c949a93f5d40,12
9e7339a518d52181,12
6e256b11d49fac7a,10
f4c4f5d41cab3167,4
77fa3aacfe17e932,12
afaa41c6ab81748c,7
69318f32704c8cb8,3
0d6791f37c0f26ef,12
a54fbfed96fb9897,6
1ed99ceee2d2a8b2,12
bffb094001583ac3,8
b4d0d4a35ae66b2d,7
8d82ac08b325c18b,7
8a7ab52cc55b9478,5
3cee1922f91d1111,12
ad993a1b1a07b32b,12
e4f656cf140219ad,12
b7d7f4a854bfea2e,3
8c0866b2c7292af8,11
077407f420a03f1d,3
5ed0d04044b38b5e,6
63574066d9aa4f54,3
2b2f3bce5efe050c,5
ea627a227c84b906,7
74f23210c3edf5a8,3
6d402a79cceb8905,3
00505bef670550fb,4
651a056e86ce9e42,3
9b61a3ba3d27be44,4
9d0470e8024a94b2,12
ee1b976ec0c29ef1,3
14e5c91737dbeb1b,3
bde2d37013c4fc9c,4
e169255abd804711,3
b080a56799bdd980,12
6d6ceec1227fd56a,3
55a73710e7a21631,3
a75be34d01351019,12
f21b56c29011934e,12
f40d9c9fcfafa0c3,8
8078bdc9c9eae799,1
a1cebeeabb436532,12
ea239d9012599a17,4
7dadfc36f9eacb34,6
64bec00e7ce1dcec,12
4ecf4f28f519180a,0
471db08ca2cab096,12
1c9ace1c18d4c84c,3
6074d4cd16edffd4,3
9d8930d85b761c97,6
d5b7d0b5e0a35378,6
93e8637f8edfeeaf,12
13814e2f5c5fba8d,3
bd6877f3306645c4,3
d371fcb65d67bf8e,3
27a75f42a4bcf5f1,9
04c041b4ed4b3069,4
d449501efadc364a,12
b4092390a0812efe,3
03d73f87f9d99101,5
a02aec40101a7cf3,12
0e992d4b34b6ee24,13
b253bea3f7c412ff,12
6804b49c9bc44463,12
027291d3a2e89e2f,6
b5ce31ec77a226c9,8
4ed34bf8d83ae689,12
68f5b91d4644dcc2,4
e2add73fd8cfa167,3
813af4ffc261c66b,6
b6659dc1ac84b399,7
ecf38199925ea662,9
95f77f7471f9fc93,12
be959a699d27203a,3
9a1a57c6330431f0,8
bba765cca89f6990,7
6c6c0b1253edee3a,4
7a77f6524943875c,11
6444249157493ef1,12
8060334970ce2e5f,7
97e657aa405adee6,12
6f670cfcb49b06f6,9
c8381dbdae20cf6b,12
88c0c2daa9d85caa,12
43bf40d0f21f546d,3
ee9e371e4c95d691,4
bbed2b690c77f98d,3
0bbca1ed1948f8cc,5
225337a01afe7ab1,12
d5cbb9d086312268,6
075ad139434dae79,3
8897744e4da02a46,4
4cbcf36800d72d62,12
9846d4d8cd6f2080,12
cdfee13431e69f74,3
a8d2154ae2907bc0,9
7610bd7e326f2428,12
07254f9ca72055fa,6
ca26b18fbf88d648,7
63eb8d3573be3b26,12
73dd4727024d9da5,3
40d6b22b6017a242,12
7e642a9392ea59d8,3
04ce802853223d43,1
a5e01d17fa704b81,7
fc3c29a31ab11c90,6
2ce290612d9f1c4d,3
c607f307e4f1c763,3
7dd427e9bbc7a8fd,8
f950c4606503f7c1,12
52d1a4ce6102de48,1
5bbcf197c6a90647,4
0a9a0dd3d2ca4c08,8
72af5801ff062768,12
c41a643c9e4c7177,3
8cf5ac61e8f5584d,14
7f09fbdf09b13403,6
644f0772f2a39e6e,12
d2dc9a513a8c13bc,8
4bcf6555fa8444c1,5
9940674dfdeb6365,7
1ad9c78db76f3ebb,12
2c4e0241d2140225,12
61394959d5571188,3
8d9cd5c556021a21,5
7fffcf2348875d08,6
a459ab84cc5efe07,5
feb24335e1dc1174,3
9451aa0195002f9b,3
866c46300ca9e209,11
8fefc79c82531fee,4
6f47d7ed879f929c,3
112e76c9cdb4c4d7,12
e2023b4b4f5f22f2,6
dfe18e46002d7a60,12
334ee9e042297cff,3
cd0f2e4c713991ff,6
12145ae1788fd7d2,3
1b40d70afda5da9f,3
81305fa40f88e857,8
c1126bb8be6b8ed1,5
3c6928a07a99fb1a,6
5a5fe9fc8f827ee9,12
0359a35dcca83613,12
02c78981c3566d0d,12
f095096c2a9da8bf,12
b9034b027a535744,12
d8cd772562195c40,6
4ad3972b1898dc15,12
69cd4093eaff4f6b,6
398a190c64e51d45,11
f0fb8dfc5a88a36d,12
5e61ca9003e81dc9,11
9dfea775d7988faa,3
ed8985c3c07f5af7,12
7ae32ecbafcfdb89,5
4fd11b85b7b46f69,3
5facdecff6c06049,3
bd3c4dc6db1eb1bb,5
02f8d225b437cb01,7
c232ca75970086b7,5
3b92cba7ef86d26e,1
9fa7a80235f6f7e8,12
2bd616b491de69f5,12
142f5023a2027d3c,4
421bbfb8e87c8be0,8
23e6e384e86afd5f,7
1bc5784bcbb3926d,3
fb169679ac718052,3
6b175893771a7b3a,3
d1f81cd744db90e8,12
b860b836490389e0,12
1f1adfef31427bd4,12
2c5f75bc465bc357,11
c2db207ad6f915e2,7
f71efc1f40cc61ae,3
c6a90ed6ec10c9d7,6
25b8a2d51d3a6767,12
cf538c7848ae7ab6,4
ea2ffedf42c0164a,12
56275287564a99d3,4
886988e48c24f117,6
84414afa7d78b62e,12
9c229d0ff0a439f5,11
bf2d67d328f76ebb,3
bfc6050a583037a8,6
c179f5545a81d728,12
3113f8641b808538,3
123eb1dfaba8d49b,3
d310da382c948056,12
7836c44d38b8e395,12
dfb065186475d4c1,8
e6f14e8d2c96ef4f,3
5f7eb9b029a70c5e,3
0bfab38cc173a89a,6
4a633f8e467fc01a,11
a4d669bb092e67e7,8
a5f3e644de10bd79,3
6cf27f2a7fb13d86,3
b7d507c93a02bf82,12
56753e2e68e50545,10
ab147a335f198cca,11
2748521fac655cac,5
66c23a5489b73d47,10
e8d435a600e654cb,8
6e4648c90885bdab,6
b9dfc4d7109e4940,12
e804d40030d19e75,12
03982368d666aeea,12
99de5303353944d9,4
b5d48760fb41210a,11
35b5f361acb11659,3
d08d41185736b219,4
a6dec5e929796129,7
c1a97bc0d9377a59,12
d19a7849f341200f,7
799d812afd6a410b,7
072c18085aee3154,5
942cc337b02e92eb,12
f84f788ff2ac1ed1,3
f0b1c8772f1408cf,4
5e7e48c4dc93f4d1,3
11f0f0f6ce9a3e91,12
1eee1f943a618a4c,3
00cd3ebd3377e6ee,4
19dc9bdcbd063503,3
b165d8e656748f13,6
39f028fb215f9880,12
03e8d12afaa67b57,2
27475b92dc4fc9fb,12
fb159fa5e04530c9,12
3cbede2924a53a1b,1
05015515d8398062,12
fc509608ed89d935,3
f5f0881a6a5b2320,6
dd342c4c7ddc3ea6,3
a8efbddaa2b16028,4
6fd62b6ba419a195,3
8b8b507d535b9b87,6
63287a7dc6cf29ce,4
65f25345e3d52605,8
f51e5cd6e4549559,2
e36a2b8b0a21f192,8
9328eb237778e286,12
4ef0550f33510b88,8
d1fca2ab0d71284e,4
185d6202b693cf87,1
acd1eceb49509b49,5
5e3517224feb6bce,3
7015ce99f12e45b7,3
1d82c0e64f46cde7,11
086d770f33adc75f,12
49aa052bb6e2aeca,5
d720ed16332d79d0,3
fc35d92951797813,7
1709063061b2a783,3
ef45a46f47a0b3b3,9
b5755248c60788f2,3
17c33c838c832509,12
accb2d23e86ccbed,11
9a8bb7056931ac85,5
1de67949f5229d52,7
819cd189ad4899a7,3
20b09ee5ee5252f1,12
da90065fac4fe581,3
73bc86dc4d2b7330,7
77d2339409359de5,3
8452d8380ff3d9e4,12
42be1d6bc5973509,3
f313859c8aa45d3b,12
3f00108355206256,3
df78389df3006623,12
01ccda13edfb043e,6
90be60b1fb914ff0,6
a6ca7decba1f9e11,3
56b3a50a4af8fae0,12
8c4d3280165675fe,8
0fc4308d9022e9d6,12
b7b67560d0e11b97,5
92394b4de13a6332,12
ccea5c9b8bf325c1,4
9cfc60c36d51d995,3
e39d5100831f574a,12
2a645c6710eec7e5,3
6d6b06cfa9cb135d,6
b3f36406117be15e,9
79439989f761f092,3
3f7a754d62da546e,8
eeb1a36a35350f9f,3
fc52481763071a11,14
4a25aed67cefaea7,7
d9e75a4bfddd440e,6
e67e78563a1353f6,4
1162faa200551957,7
0fbf18fa0e112804,12
ef431d481d5653be,3
a5bd1ef27dddb795,11
809c942c82069c98,3
400477c5a1378f67,1
42cd25b9ce6bdbbd,3
20b8cb4f90d22e47,12
96c866a5ddeaa2fe,3
a74d87bb2db52c6c,3
62bbfc3c7844754b,4
06d800d401e3b4ae,6
7a8252811b02bafe,12
152ef1b5d6f55b07,12
f969fa22d3d84417,6
98ba370daabaed60,5
9e8571d5365e146e,3
b9e06137e7b05263,4
0a50ed94c6b01dd5,12
f61d2affd2d98d2c,3
e23ecc7e969d45cf,5
eddafffa04eafcda,9
b117dde8a5a23afa,12
1effb2d9cca3855f,13
c72ad3f05530ffbc,5
fe69125a7f71d8a3,12
22c6ed00c0c11dad,12
091a383277417f01,6
91cfdab50fd59843,3
fdc3d4c4861ed3c9,4
6f53f15b720ec560,1
14f9436d734f0641,3
f09ca64f994cf765,1
b9f274a9a009a06b,8
8f88d251a588587f,1
5fd2c8c24aa416cc,6
20f129179948536d,7
e2ce1a9d01785b6b,12
779880f27526a733,3
fa9cc12b4587b360,12
c3120e49c32653f6,8
be1158e8ad86390d,3
01c9b7c8c6fdaf76,6
35bc79c22b51b00e,12
51331e708053f234,12
1abad79849c608a9,4
5aeac33888baac8c,12
fbe36e0570497b3d,4
0e25a89c0d3b4245,11
ee7d9a9f1dd57afe,7
429865eebe048572,12
2035bac6aa025e27,3
4f775d96904a75e1,3
2af577fa647d0c3f,7
077b5bd192b8ba01,3
52a5fed8a1e1e6f8,3
fde764df0b0f5c06,7
4bb6358da364a07c,4
d24afbb33ee083e4,3
7cfb9f020bea974a,3
a48dbd83d9a9bdd2,4
261f819c40edae2e,11
11e58d4873843461,6
432d531e198d2c65,5
2ccba39f62d7cd08,12
4de113911a37a997,8
630803e37c43c07f,7
28b68af39e3a2d0e,3
95001e0ac13fce92,1
be7d66235c7f3222,7
4f0845a1a13ee2da,11
f22a9fdbf2dd309a,12
6d2e917b1f747332,7
51e3238a7ad55c77,12
c571928058c68efb,4
c92cfe3067511624,4
243e26877136f518,6
231d720d8b4f1595,6
e163c183b8c1cd4b,5
2fb3db15f86d891c,2
2f04acbebdc5db75,3
aef69aed75455b1e,3
696b3c846371c2b6,4
9c62c1f5d0150fc9,5
b1986eef9c0a8dbe,11
69874a9b0d8dbd7c,6
15c7f29c328cd180,4
de23e7255312d09c,12
cd2f5098ec01b86e,12
067b10dc3dfc3180,3
41d7cd8999699fce,12
2759a04add4a00eb,3
877886f066e9034c,6
fd3302f9d41e4aeb,12
ae37a48fc1552b06,4
c04660326caa1f36,4
9b868c22541f2544,12
f5e4d760e72f0f61,8
1f89a3b948a671b9,12
1a2f1833243da606,11
6c3c5413b36b31c1,8
8cd8d9d2ef4ae9ec,12
3a033d8bf3e631df,4
86e6d4596e535d6c,8
2bfc38986fd226bd,6
f9ec73e1be311100,11
65c9320cd68d7bb7,12
fc176edf9abf1cbe,4
f2e9322e198b24c6,3
2649afe55c20bec7,12
8b717c5074ccef64,4
a150d7de103db502,12
a76195df135ee612,1
a2bf540a96832ffc,12
6f9ec29217f8d21a,6
adde06dacb605194,3
4cad69e67de3ec9f,3
37ab6ef1fcbe73ba,4
1d276a1782623fee,3
05f6af537a1b3917,12
9cb8f72ae6fb40d3,6
552ced4fa707df9f,7
0bbebe353c5c80a2,7
c90c6558fb47891a,1
afb2ce5dd22793ee,12
79c2060f862bce30,3
6fe6df93016a0589,12
b98653a29b545998,12
c81ac1ba7ed5df44,5
437d8f612b1154fc,12
4a05cc4a0d18a8c0,6
57e204f5e10f41ce,3
858027ce5fd57e2e,3
74ea98a72004b7f5,3
7118f7b8e2627a1a,12
83754d867f973a93,4
3941a0dafaa73528,3
cfe1c5dc6c0aaf44,12
6a65b4f4c02058e5,3
cb18f6b43499d589,12
366a066e66ce2ddc,3
c5c0a1f27d5e25fd,12
9037d176cb050922,12
f2375ff5e97a9dcb,12
c8fce224e8d6e5f3,5
6c4b5e20c1a993b6,12
cdb92ab751da8857,3
136c3c50afdcaffa,6
1c549568346c80ff,4
d9cd2f686663aea9,12
7479ac619a59ebfd,5
1a8bc12bfdd4ad63,3
05783ee12e805731,7
4c6f6fde4316073b,1
554a379a398c450f,3
8410bb009e97e0a4,12
a6ad566e5e2dc9a6,3
30c003b94381be27,3
30b5792666be36d8,3
fb7d72d660c794ff,6
d9d017ffad682e0a,12
85744e668068e5aa,11
b9e22e267d29b0bc,1
8428d8558baa7a7c,3
0de10d71fb8bad86,3
7e10bf6943aae1f9,12
921f944d0f04d823,6
9fcc7e5c011e26d0,3
8ae649657d7f8cae,3
2fd703df8ae72634,7
e126c56b03299308,12
601db7ac4a94bb6d,3
d3be4bf312db97b9,3
59a2974bf1b87ed5,6
c40b88a345077ee1,12
baf2240d589b14b3,12
362ce60c94fbb1a0,12
a8a71706db0df25f,3
22fcaf91896975ab,3
8cf3489091c7e09a,3
e4e7e21ec52f1812,6
aad0510e02410ed0,12
942fb9e76a293be0,12
217c0b8894470cc1,9
09ab2c42ac879c07,12
be4ced4476654750,11
d73f320c3f019d51,6
43edca1762fd4f4c,7
7feb852f7eae2dbd,12
e76e2178a3d8879b,8
eae380109166a58c,3
dcb43f577a23286a,12
1eadb1495190952a,10
84b0b92b2c7166be,3
94b2cd3d6a766e88,6
52c4789429c8c2fa,2
43012c828dadc829,3
773461799f82a2e3,3
5bf2047576c7e81e,12
b138193d66d1b304,3
f03139ed0098fefb,3
73096b7dfa893d63,3
e4739287cebeaf7f,8
ac0becb4da245c8b,12
b2a828cf248b5b4d,5
d02bb59836bc7a58,6
937250c1f1568fb3,3
f70a00bd05f1c46b,12
517474ce95b982ba,3
32dd5c025946f812,13
e530fc0621ea4cce,12
a380cfae1d65e93c,3
6cc50a4a8c53a964,3
435cff02002ed67a,3
e5e99c2b97156aff,12
f99a411884f45bc4,11
c522398418db010a,11
12bf6de56cc2c892,4
5d0ec101f306adbb,5
701c38e1c5393704,4
31979888517730fa,3
2ccdeb2c93a8cf5b,14
dd9049d29dc836af,12
c58e7113ff0e7e47,13
ed4d5b2209bbaf81,7
110906af5e5e4ce4,6
efe8b9ac1bb0b9ce,3
7e949fa0324a3972,4
2551dff3d86519c3,8
c72c7a454cfedcbe,12
7468ef249d2fadd8,12
652836885f1aa970,3
c6ea1c082b44b796,14
31fa62cb5b206942,11
58f0e9975462f4c3,4
1eb75250274e4293,11
6528fa9c6e4b7f32,7
84fc2a5eadd45c4e,5
60b9448bbeb01417,3
0572cc60e4183204,7
002b69a45496bc4c,12
45b7dee28b654932,3
1464f118a0dd95d6,12
965bd9093b612df8,3
197645bdc284af27,4
ad67a50fc9d2090e,3
6e9386d85c17bb76,4
43d4bbd895e8a3f7,6
3007f0c685471f46,12
c02632c21d3f474d,3
5164a73bed578563,11
bac5b05c34fde2f7,3
da98ed2ef4df2892,12
9b3bf05803fbd4be,12
95b59d8aa09270ed,3
0882d527f0ac2e0d,13
b3812f536732ef08,11
bdc002d51d09cf33,12
f219d70d055908b9,12
19e16a0d9094ce12,12
076e02c7cfe81d20,1
a18f26a1b57c3272,12
93c8d88322dfd57f,7
4b931f73cac90a5e,7
46306b8b1468507a,6
1a3216eeb78965ca,11
5093c00dc6ed1a59,12
6934b03b4c844bbf,4
bee693e7dfd94a7f,12
cf648fb891fc7244,7
cf4b769c04b6f604,4
377fc650a59c7631,4
8b513b5b3194338f,12
293952a43c28d0e1,1
241c76d3c865847b,5
043338fc7432efb9,1
9d16da5b57b4151a,3
e6e2ed59a886f688,8
d8813b45da9288ce,12
c2d26971d8d8c4a5,3
40948f08a80acd3a,12
da14e22f99dee5e0,4
c1e8d5e6d512dda9,11
00945d50e6ca447a,3
7440a0e1dcf08cac,14
3c57c02e618d0b8f,1
f44adcffa71dbb4a,7
efe22279f497697c,12
16fde8470b87a9e6,3
b8e1855a523f1aec,1
0610b55fcb635777,12
480082b9350634c1,12
fcdc1384c6553701,4
4822d5e9662c9701,12
4654a34648d9949c,12
328bac9c0144f20d,9
df54ffde7aa03153,6
5f785227f00cc9d6,12
126f85b9d6e0cd6e,3
4a03a5c7a28503b6,0
cabfe78ffab0bfbe,4
24bbcd8b21edb444,6
e443f29956e2a7b6,11
1eeab8f8e8b5182b,8
100a0e5914d90491,12
fdadacf91a3f44c7,7
3f16cd5fcb4b09e6,7
82660da4a7876ea0,4
4cea97c05aab5869,12
b1adc4223721f2a2,7
8e4c3bf05e6957e1,12
0256fc71b31015bb,3
52743dd97790f408,4
01f995336409c141,11
50c6596c8f05c245,3
4144bc82b69b15dd,12
b69edd0353acea3f,12
d6be2c77bac0473e,12
e0524893042ba7bd,3
4d8c9745b27ca2ed,3
6bdf5c36ba878bc1,12
bc1a87fd866bca9d,5
a7dadcf0ee098187,5
45a2babbbfe35564,7
89e03fbf03f24da9,7
96bb99201c1b2694,7
86f0f7a3443f8c12,11
4e4d2803a5892405,12
c0902a1f5eda553a,3
0e6f9a94b3c70dfc,12
cc06bde16660913a,7
4c6b2e556a8fb808,6
0387fdf4154f0313,5
78e2c9aad4b640d3,11
8ee787c6b1631800,12
44f41c475ce89db2,12
0b58e3e7b7be72c3,3
5cb58b3fb35627a6,6
54478c03d224430b,3
23ac310390e0d157,12
40c3fbeee2df261b,4
a9b7568d400f6b9d,3
061bea28aa41b250,4
9f4561afecd9e6f0,12
2c084ecbaf72568c,3
1534a439aeb9f8a3,12
218fd6d11d954946,4
5ded78ad1d5e8dda,4
ba8e0600343b4ff0,4
6c069f1520024daa,6
700fca37c378f9b5,6
12e0be5909cf5b99,5
5314046f5d0f9d48,9
d098eab6e38042a5,3
a580b6f1fd03bfdc,3
e72fbaa749f4ed2a,12
65045dba37eaddcd,3
b373c9c069e8da1c,12
abff48626a5f0e4a,12
fc7c6757dc3d764f,1
39972edef6cf85d3,12
09baea8aee5acae3,12
17d3a993e6ca4548,5
3ab2b3e430294fc5,8
ae850fac65af2cbe,12
43035e5e4ff127f1,6
2df5073fed44a92a,12
a82fefcfd31955fd,4
7554fd101d91ebcc,3
4fb949989c89ffa4,12
420962d36c1930fe,3
00b270c45c853151,12
de82cb347375bbc5,6
4bbd82514ec628dd,4
ba9b131bc359081b,3
981c49ec52a50fa5,4
4da6fbb50c6fb3f8,12
c54770d250832f45,6
dfecdd6c7151619a,11
196052dc230699e8,12
70084d645a3eafda,8
d00047a624d8d3c7,4
a5b137779d83693a,7
b868e71e0ce62f45,6
6341aa8c63253579,3
0aef6d30aa179644,12
314b059308d8cbee,2
d4dff36091c18664,4
817c378cbfadd175,3
faf4a916219ab529,12
9f2c579445d5c198,3
d11786b54eb86baa,3
853e815c598f5380,9
e2413fcd15b9678f,8
5c7769280bcbfada,3
c75ee086fe169ca8,5
6d89daac27da5b99,4
17960c088ede8ba3,5
8acaa0076c77e6f5,0
f57575ce936fe3a8,3
0d33ac3a076b225c,6
18edacf039ed0b90,3
dee07d951fb4267f,3
7cda15bd286100bb,3
5cbd007c94c5485b,3
5afa6b176e93d602,3
e76baddd1cd198db,3
51ff61c3807de8bb,7
13731785e0c1e57e,12
22ffc15fb88dbf96,1
b8f4ae0da7783594,3
91de914ef4be11c6,5
d115cf46078b58ec,9
379941fdef5dea05,10
25f6e680f3eef3c0,12
ae6087f85ae5ceca,2
dbc415b8296401ca,12
d0d3438972bb37c2,4
4509990d8be5b9e7,12
44e99285b4755e9a,6
bfe6dca6a36109b5,5
1f92cd0ef5ae643b,12
29bf0998757274c4,3
ea0dbc80853b08b0,3
9264bd902021c7c1,5
265a3ad20db3184a,3
94f8fb69614b4d10,8
7356449015c2da87,12
2a8d706700ee68b9,12
79e72a126b199992,9
9dc9894d48da54a7,6
58e38d43e7c08a35,4
e4082f76d225bdb5,5
610e47c82f02dc51,6
cf596d3d8c7bbe0f,3
d5046be05b768bfa,8
906fd131f6308c34,3
be55381fa5f99c8b,6
18fbf9b3249801a6,4
053b7633c1553701,12
245c2fa61e278adf,3
f4e4fbc407e1c0b4,12
74a14403763bada4,6
83a2baa372e725a9,12
a420d22560f390fc,12
3947b6eb22a186cb,12
fd10cba09f8a3c9d,3
0a8f73861549bec0,12
64fc31dcaee0d32d,4
8a4eff7508bf877b,1
52ca5de7d71787ee,3
43dda97610858d4c,6
bf0e4b6497dad041,12
49733d8d29a783f5,3
66f7da4adf3c7ac2,12
4621dc4af39c71d0,1
8bdc1383cc8c433c,3
6db891d6377982cd,12
bd2631909fb80da7,8
ad9c2029b76297db,12
b8ea9977dedcfc5d,12
a0b6e2c6c7755692,3
e226934acebda742,6
205ce6e1ecddb331,4
ea90075e7fadc81f,3
fa27793680ae07d5,12
28dea833b28319af,12
55d31c345a0a097a,9
03e23b832c77e661,11
86daabb2ed53429b,7
5c8b49cdc6dd48d1,12
0eec967ae90b5fc3,6
99204b07b6aefd22,6
fb6093a7781a2156,12
faef41bfadb36ac4,7
5266ad247764f017,5
0eacb011cb55fd57,6
b6197cb0c4bedd18,6
4fa4800bf3a42fbf,12
3145513d24e988fe,4
52f0770cbaac9991,7
a83e6901a623bb3d,6
f08de205b4e94c11,12
b85ad49a805a9b23,1
136a72869dcff3e0,8
d40601b280d3cb56,9
8737ebd933e9d4a4,3
3b163501c32e2358,6
fb816f0fc0bcdca9,4
ab9121e7104fc47f,3
d0231278f474e83c,4
d239645fb283c4ed,3
ebf902c94de303d2,11
5ebda66df83870a2,4
c63cf28e94dcb2fc,7
a39b4c0c2118dce9,3
e7a0e4d9a9a3c1aa,3
705eb36c81ef0c70,12
939a04f42a42af50,3
ae8890cf93ce588a,3
8db58f0bd7268911,12
b0dfee94e0de4427,5
b661b6494786e929,1
57fb555e5d45549b,4
2bbf5fa2a508aa2e,3
cc0b02ebfd9d3d91,12
20b040997238e3a7,9
f8e87da6bc034940,12
7203f20dbf516fde,4
bfaa9a2f0ae819ec,5
6ed7828b8093881a,7
4421e5ab9556f938,12
42a8823b1d8c21c7,12
f024f435c731dc35,12
042049bbdccc5444,12
70a8f5ae1449515c,12
df9b244b09504b78,3
b2760896251a038d,10
5e352594abd913dd,12
21a1783c331f806d,3
7d01def0ac6526b1,12
8a4211174ceb4a15,12
a4933323f10107b5,12
453b0d067708c0b0,6
df2995b105299836,3
4602bc563f7b737e,12
50071de620a99c8a,3
01dff4e0b20a19c8,10
0b211199e401cd2a,7
3d2ba4a170a091d6,12
5e593179b14e0f7a,3
2f8457baf4fc0696,12
797462f9295689e3,4
6bd25deec922f301,11
2fe5a08306031e56,4
0b6e03f47d160c59,12
d5a501259debe61e,3
af23567fd0248f54,1
f75bad4d54bfd0ab,12
4328aed7f05b33fe,11
47fd0cce83136923,1
e542c950bc3aaaf2,3
beb924555c0d3292,11
dcf70586ea0a1af4,7
0dafbf633565481d,6
30ae65073e6e8f1e,4
45ea31e0c73425e5,3
f8bd5687a4c86dc2,5
80e19fb065af6262,6
a3ca6d277172e33f,4
e03ceb04f1bc2189,3
5f0bb60c1a867d1b,12
b4b0168a60df3123,3
a2388c7bf0b08409,7
8f4362711d70a530,12
976a38cb4b50bf9f,3
6fc0cdb88d2b42de,12
fd336d58d724442b,12
2e32708484e4bf63,12
82ea1b06bd150922,3
d9322018abc753fc,12
5a4d86ad87f0aead,3
a7470aef53d3e12e,5
55669153983df65b,12
db9b8170d794165a,4
ba6551c0f0a732e0,12
ed3b908a241ca776,12
56c301d29e9b968d,12
2b4ccbf4654b60fd,3
60b95d21a775f45a,3
ea9bcb031829be01,6
6792eacb7302b499,12
295a900b3cf4ea67,12
d4e0c82a4fc19efc,3
dd368b7293d1ee0a,7
af61b92558b0e533,10
8651b836f82680fc,3
19c589af77b7b838,10
fd4724846dc6db03,7
f72a4859cafaa644,12
d0b8cdcfbaa057ec,12
68b223c57a7b1c96,3
17290a1894c93cfb,12
26395a0457a69775,3
55f0e4e5f376bc41,6
1116b1729bc028f5,6
dd9093ef8ca784b3,3
db1a28480482b320,3
e449c47b911a1ba8,6
2655b729d1d897e6,6
9409b0ea9dca033e,3
c1c20837ef5bdb14,3
ce5e1be0215aeaaf,4
500d0a0fa9149c3d,3
8c94e8a29725a8b4,8
a64c08a724404026,3
d6b1ed1cab41eec9,6
1043ce9f2b2a26b7,3
20733c499d494885,6
47cf2767845cd70a,11
05a6d9e436136650,4
47a2401e5accd4f8,3
0b43e2d713128cc1,10
684f334d14932209,11
527223b11ef54b62,4
3fa0b257dca1f83e,12
a2017ad959243436,6
7678d9bcdc28cefb,1
ac9a7179b4f35245,12
cf8a82d011694177,3
21f72d9a8259793e,10
b856cdb1ffba653a,8
9acedb2c7a179018,3
853e0aa94aeae3ac,12
f572fe2be739afb1,5
d57875f0b6900e87,3
fd9ffe9ef9d243ca,3
1ca915ca33890ecf,7
2383517f7468f327,6
1caafad49f5bc53d,1
97c8cfe0b21b8b1f,4
e5c15bd3abc43b7f,0
21b5efa1a531cf89,6
5f79f96609525afe,3
8eba182194eea30f,3
de6263dbe3472a79,3
d529148a2a9726f9,12
8434370f765d2972,3
d1df52335cfb1da8,12
def0feec3b5f9b7e,11
1f2d28ec203876a2,6
41c22384509b3cc7,3
da83e27846c538d6,3
47cf91ed95b5fb39,12
6b46df12bc824f86,5
1717610e14c27ff7,2
750aefaf5f78df44,3
a6425c62769c6788,3
bf905073619d4418,12
45d83c44e74e5348,12
818ee8daa17b31e4,12
9045d1f207f6b259,5
8c7b811ea6933849,12
291fd3dc8d4c68b8,12
b09ffbbe05c25851,3
e75070132d24d50c,3
249361d6307cad16,5
3cc7f50ea8260f70,5
b5a108c751d72132,4
200e6c6347a1df4f,6
3350af7489c403be,11
5e8eba388fa2e858,6
949c048b205f887f,5
59f371011eb2ec0f,10
968a9e146cc39ef3,3
564516be1cd9a309,6
3dae189c9133179a,3
d0dccf2f3969c522,5
e7ff3670befafc93,12
4d1077be7ad9414a,3
b7c93eb059678c79,3
c5262a0fd4ad4f62,3
2353d870deb02fdf,3
bfc16bba8e408dfd,4
601b134898c57bfc,3
2bb7fb5d64425e24,2
a1c9b530805264da,7
6f30a393881de9e1,12
24fd8277efbdfc43,8
c18c50da326dc519,3
d3dbf64f54307d4c,5
4f35a5f9a8a6a9f5,4
48bd2a0e2c213e15,3
2546139241ec3d4c,3
7397bcc81a76909a,5
71e9cf1c7193e43a,10
4c4f54d54c1d7762,10
96bfad46c10a57d1,8
d3e3fd4b986896bc,5
16681bed2d6fe9d3,12
d11a756bc4d74ced,4
14ea65113748b1a4,6
7193ea84bfc7f708,3
693712a16f216ac0,12
7c85993124ddd2be,12
6592bb2b0fdda3f2,3
02525fefdb6bd904,3
d2cdb017d407b660,3
7accb77d8998f36d,3
7beb351c2ea9e9af,12
bea406b3f753f184,4
ec169129e4d64bf9,3
d842f6a361e3e9d3,3
251a2179100c723a,3
35b6a26e2995451e,12
795f929ef6ff0a05,9
01bc3133f46cb321,7
db3ff085929c6b42,1
126d79b91ec3068c,11
67ecb8b6dccb8fcd,4
4c9133c321405c9b,3
bb7a10b601f5f3ae,12
6abac3f667c0bf8c,6
ff0e10877a0ee51b,4
0f7b5614cd84a656,3
88e8094b53c6dea3,3
997f9494946898be,5
9a349f0844d75abf,12
e1de93f82e4eec8d,12
26d95ecb0025c00a,12
64add018d95cfda9,4
33bb3d21b06ceafb,12
896b349bd5931a30,11
884797eb891b322f,12
36553ccabd8efd34,6
aa8c380bf2f14c34,12
6b81db2ef6e69d8c,11
ddedaca2ddb222b5,12
a7ec738f419d4080,6
1ea76a9841f442b3,6
162aba74ffd71c88,3
9a45991138c2d986,3
f9adcd3e7863815a,12
cef7ac79221b2a4e,5
5c377beb92b6a01c,4
726542b979eb66e9,6
20f15ab9b93f0d48,7
2e7839efda48abd8,3
3945abad128a17b4,12
f4bd3f949072ac65,5
be46b07d8a8ffa25,7
931781681a35a071,12
4186ab22a3e8f252,7
64f5afd87a1ae4a1,3
f73bac1db0470c45,12
1979a89f4bc5398f,3
5920c3214327baf2,12
45fb3d5f65eadc6e,3
61436cb9c6cc5501,11
5dc8f473c4d273e7,3
3e74af390a510658,3
ad0c4d098910d83d,3
d10733b71fc52662,12
aa8de1fab799facb,3
5b630d4b933523a4,6
d8d72a1fa764b043,3
3647254657281097,9
afe6d8cd50492c1b,6
2180d7a802be34a6,12
a0c4218a9468cfc0,5
6c8d9f7e7350da17,5
61329df016507a92,12
2bec683251b24d83,7
00c1fb868c5f0e7a,7
706084bad8c26d51,3
8e17f56730a9b88d,12
90b114540e614135,3
8b6862085ea65756,3
f1dfa2fdb02d1d4e,12
a075151d4b1b3f1b,6
c0dd2a0a71d58817,7
89a482f888c3602a,13
4f44822fdfa5528a,13
9eeb338fe4f9e642,5
0860b1f0cbc20dcc,12
737859b14c54081c,4
03c2481dd3f907d4,12
11d1604ebdfc9e30,8
0c720774c317eb6e,6
c7dcac181a30ba91,12
b736881ab5bc2983,11
41a686b2944008b8,3
833fdc977c66b75b,3
94d919cf611a9998,7
e53c1cab268b9733,1
706a241a8c502a2c,12
edbbd4a672e7d9fa,3
5280ed86be43984a,3
f7f59d5390fc797b,6
4fb9be1504e689e4,3
235c588ea2c3f0a5,3
a7f901e2f7757b6f,3
ed94a0d0105c39db,12
cfe917b45ef0202b,3
288a0ffac5139c0c,12
d083763a5f6489e2,3
87090be48b067f7e,3
bc2f49f2952ffe6d,12
bbdfdbc839f63e61,8
dd24036e0d903bd6,3
573f0ec4c0e9fdf1,3
2501b33161acfa51,6
058a62f40e3aa997,2
640371c5beebe73f,3
fd027c2b25467bf3,4
25986faca7e5332c,5
2af206e2cc4313b4,7
31afbea436926151,12
257274cce4b3bc3c,3
72d30fe7ca3645b2,3
88fb62dbb35cdb15,12
5076e7b5ebe447df,10
dec529c582424aa5,12
bc8b26a331dab5e9,7
da72e8c52ebedcad,5
be314fc78ce1d47d,8
ddc1d82bac1413c0,5
73d27b448aca8b3b,3
fe9cbbc26782190a,4
a05b212a4d7aae8c,3
3e4d4155c661ed69,3
c9a4e69aa37d4e28,7
50c8b55a649fd179,0
0cc25b46856988ee,3
74f65451bc29717b,4
ff0fd2c465862df6,12
33a008518c84c398,12
1a1cfae86eb4811c,3
e6440d811bf96147,12
046a4bb665b54927,2
3f07de9091d0dc21,9
e7c9d8e411f87210,2
609f4d872c0a616c,4
0052475dd3baf5bd,12
99a43e3891320d34,12
dc4ec3b58a156328,3
412bbae26f76e3d2,4
2c1899d1a77630b1,6
36e648aa38ab3d7a,5
ae34c55105dfb993,7
f692a181b2c3309e,8
76a989a76aeaeb16,12
2680031f335c4779,11
9eefb93766c83671,5
92e22b7b04ac3a85,3
baf834af8f008a81,12
b921568c257fa476,8
79afc7e02a5a386b,12
4dbc1593b83788d2,5
9150ac6dabd827eb,3
9158f5d0b54e9c35,12
85d3dc20a7943a90,4
d93715b00945f93e,5
3762af4c8d62e47c,12
3c2577dc719cde02,7
ae594588c0d5379e,3
47e00ebe196c0929,3
6c008261401ddff0,12
0133a37d052958c4,12
ce416c32cc1adaac,5
39dae467e60039c9,9
5fb3c5e737b2eca1,9
b68d6372ac44d55a,7
c6674c346b612ef8,12
22ee841d1ad9bcce,3
5e7a9a383efbb039,3
cf70bdb7c694c02d,3
6690a27d516e63fc,12
0c53bbec34fd0e7c,5
b6ee7e47caa7b42f,3
635b65a3b65ec601,4
ecefe99371072dd4,3
2e4127d5edb3bcf4,3
4a12ef9d7c6bf8c4,6
793acbb08a5f3180,7
14fbc102c044cf83,3
3245e0ced3b8ce8a,12
6d86494f67a60e19,3
8876d1565fabd3e7,12
f65eb21d2eed35cb,3
5b52c5a34b610f9b,7
cd628a48a28e3b63,8
11c8004fbe6ac6ff,5
e00b11aedb001cc3,3
f5bd38490fa8c245,1
4fa824713ea7cedb,5
17fad99c97ba1630,12
25c77d9d9ac2f290,3
ea93cc6f8d3664eb,12
47b84bafd62e6306,3
4ca5d644b7915f6a,4
ff2d098b3c1ca594,14
bda29baf8791218d,12
5ed6e2c1c17a5f93,3
d88d7668baa4b9b9,12
b62649da0e29e9b8,4
12792588c9128e0f,1
5c4c3aaecd932376,3
ee8bf4d6b538b2a1,3
73230c1fab6b04f2,12
a1e78b1e0280bc87,6
1556027a088f3705,12
98ba55bc69e7e9ff,7
12727ccd567ac455,13
a4ae03be5e9de80d,11
091774f26356fb5c,12
7a7f8880a4cb5277,12
0e3b7a7b81375b36,12
492a227dced91e01,6
8bf715a00cc18df7,12
2d8e5b27a8402ead,3
cee8737230896d39,12
8c66d4abb027339e,3
7f380610390a5d87,12
7d6cf18f7c789ca7,6
915f3580ed09abe5,7
1409d0f508358930,6
8f8b9d5e9759d3bc,6
1cf1bc685cd99f86,4
fea18e5a27b32137,12
d3c35e66ad93fbe5,4
f67f7cb1f348a686,3
25df2d4f74dc8972,12
a9f7d409573be5fc,6
04e7eb7be88bd51d,3
77e74d5cac56eaef,12
9026a83c325faf1a,4
7d65f9350e93c4fc,3
c2450fb6e78b658a,6
9b7f48f97ee255a7,5
0964f78799416854,3
d7d90bf7f093e6e1,3
dd0673f7d638458d,7
ed3b8812d5a42ab3,1
801d968e9ed9c1de,12
e40fba8ceb3e3cf4,3
95f71ee519e3ab61,3
1eab2e9cb3b87b69,6
23ad79573d808ec8,3
809fa05743db1229,12
b7cf5303662f22d3,3
c947313d7fe85b50,3
505c91d11307fb44,12
2ec3b01d0d576b49,4
82b28ba0bc1f43bc,12
387bb1785f8ebee1,4
8111e9ae4bbfdc87,6
45e5ebfe78cb470c,7
52aecea74838a2ac,5
000a97df77ea4704,5
1656a20ee2524173,4
6e9213a17f893308,4
d4c7758f2be9ef7b,4
1e4ee7a323b65d92,3
7dd35dd0b964b040,12
9fc47ee59c09e704,5
bfa201af47300ba2,5
6f268d6f609e92ff,10
099cbe40334b39ec,9
65be51a1bd3d48e1,5
8febc151ed24a339,6
8139d11955946104,3
703a077734fd4b61,12
1bde9b81f94019c5,3
5d02aed69534488d,4
1b33089ffbd34354,12
32d0539fc9beb836,12
915a60c172f2d3d1,12
a28133aea22ae4af,6
e4dd85a1274f747d,12
26f39cc781fba58f,3
c3abcb38ab471cb1,8
0c489aaccb328754,7
83e958617cde1aab,3
9b2ed56015a54457,3
c0f2d609cbc03ee6,12
41cd1df09ac30317,4
f7d90a3c430d6e4f,12
521bcd30d7adbf28,12
38bf4f0a9680dfd4,7
769ad68a82cd19cd,6
3ff3fbd158c76b94,7
5412f76dba6a6ff4,11
375a50d26fc28a0e,3
dcdcbaf6a576cac1,3
3c9360f2799e61ea,5
b3d80dfefddf45e5,12
30627e3f9f76e059,12
3c1883a8bb40cdfa,11
cc5bd90368694a6f,11
8d2a338d9d47913d,6
1d95c4f8fe278533,11
c83e7a3f174b1c99,11
50ad57af11d21e1e,12
ecf0ab28b6b1c5cc,12
c4129e0634779d38,12
63922720eb475c99,6
e2820bac1aa6eec6,12
839bb9271ea0242a,12
b52f70c40d6830dd,3
a3c8761383c97ef6,12
1cff766ec820929c,12
4ef4895b8164f51f,3
3cca78982b152eaa,11
101d6340e1b260ff,11
59eb22e8e90298a0,3
10282e91aeb0cce0,12
ddd80403b4782011,3
5af33a464b7e38b8,6
1a4bbd8aeb16c09c,7
d05ac4ce4f1cd85c,12
8fa77f2998854ecf,5
b0b62bbe99d616e9,6
9f4603d96eecf932,5
16a4e62dc22d8de7,3
cb178578bf981bb5,12
838f6fc02ca41663,3
0f6d084d7fe004cd,11
6a8711b5f2b4716e,6
62cdda85e2d2659c,11
f0033d82784dca0d,1
3952f7ff0814014d,4
18b54a3cb60023fb,3
5219b11ad94150b3,5
a206410b5db13ec1,12
1f1d24ca016af696,12
8d3cc19d5772f714,5
1c5edec4e0d346dd,12
c337a86125e7ccb0,3
54aeb0235cd8bbfb,12
dc2a3db0ac387b29,3
50f64c4d34894fae,3
6c9c348cffe52ca5,4
a2471b6e948180bf,4
0570edab991a5242,3
839e3782b8ec73f7,8
d1e480750100d814,6
9c30dfba4d16fae9,6
6fa6f17e3ef09907,11
afbe5c9da8cd12ed,1
b92b2c32f72e3c94,12
d7396aa316729e02,6
cdc99d9e3021e86b,3
637d1caa9ba7023c,3
16fc179e3ebd81ae,3
1c327d2128959db1,3
0943e5e9585eb923,3
b2afa8ffd66f8f51,3
5637b3391d358e54,12
380db013130c1915,12
5fdea23e787fa2b6,12
d7649083ae6a08ee,6
2422d3655ffbe63d,5
54d361c733d99dfd,8
dd4d0ea129beea10,12
b291e1c479ea38bb,12
1bb3e201dc9cac4a,3
52ac44a6e4c50a77,4
f7e56436765c8c79,12
4ad79039706a5b80,3
3cda89afe438b812,3
98ccf483fc94c83d,12
c93d415a663bbbf4,12
c8282053102f559d,4
3508098d89fe346b,5
07adea672c91b867,12
f6ecd042891074e4,2
c1a9ee9ac2ba87c2,3
eaca38365258ac2a,7
4ae21ed6fc86387e,12
8766e98a78774c57,3
429409c686774649,12
bf8a08c61aa6dd45,12
235b7b5d637389f3,4
9a008ea2cd7e5f65,3
58994570b3779fb7,6
a3c7a6c25fd50ac2,3
be8848066a1d8581,6
c1ae2e755625df3b,12
da3e147186ea1981,10
78bd9d30cf155b64,5
6b521d11f2641dfd,7
820fcd279eb16871,3
e9d6054aac875865,7
4954b1349cde27ef,3
0e2334f92ad48369,6
b39374806494b197,0
69d4eab36c022a23,3
5d5b62608a459f93,8
3eb0a891ca3594bf,6
e9d28a43aef73afb,3
68d592f98869247a,7
8fcf2a5a507b11d6,3
c30f757e6d2aa0ce,4
7ba2260e3f6f1c88,3
f57b4cb3e2779c67,12
b5a0f2b6120a9362,6
de96aba90abded27,11
926850244e278d3f,3
93026fede83244df,2
263bf73dd5554eb8,5
2598ece6ed03a1fe,6
a5f7ab06f7810710,12
55db409f6fa01f4a,4
dedfbbda5020cf28,3
ebf09a612678dab4,3
691926dbf224f389,3
29d93dda1ed62377,5
2fd22a23f3fbee81,3
effa51f344d24477,3
532c13c07ef9abda,5
2bca3f71fd868000,12
4d13affd46e5804c,12
0674b597bcbeb0b3,7
db6f77e098b514e4,3
c58e40f330a01823,12
149c3b5abc8b833b,13
78f871b9fd987679,11
42605198693b94d6,12
7b06be99cd1b754f,12
975fb25b292479cc,3
8c3324f38b83d7e1,12
19d3cba07f1ae995,3
4ae9910f6029a9bc,6
0a5b49744ca14a55,4
1d826518bd56fdd1,3
e9c22db23a1b9bcc,3
ebb3798b3d779770,7
24f85e192d64f032,6
6be1cba6b2636205,6
2d770fb66cd52171,3
d5ae61351ee96a70,8
cab8df629aa1f325,3
3dc7c7f0ae2cd42c,9
91ed990695e2068d,12
266959be23661109,12
ae695ccd6aa9e8e5,5
b5fbb78522816b27,3
5b583adc088c7be3,6
9d4b432946e996a5,3
f3f014379dcadffb,10
9c6f8da3aa3d837e,4
b20920f9ed722627,12
d8dbb9a7dfbcaff2,3
0870c7322343907d,3
51b7c1dd4f629a0d,6
980bb4db946c4b4c,3
38783b51e8206391,7
bce3a96b69e0e72b,2
814f13f1a45a58bb,12
3c396e7b72dff99d,3
5eb9b3cf75b1853c,12
0efa7a610ecdf1a3,8
863725dc8d5a7b57,4
b243c23835e964b6,1
7032f10be5a93f4a,3
92881e39988485d0,9
f6e6036e78b0102e,4
6152c22d73b4725f,3
e78c031bf8d98e68,12
85e6bbcceaee9665,12
559c318aeac582fb,7
3ee1c21aa1d0a6d9,3
2252c24bdb0327b3,3
8d94c3d135897685,12
c6f52e9b39c8486d,4
0521459664e74b40,3
97bddde4b974fa3a,3
4c70435f9336e890,8
971e6c64cb7a121a,6
72f0d3f47d6e1883,11
e44f9793d2a41ac7,5
f43855e540b68707,4
4de2e0fdc46e42d4,6
643706505e790b01,11
afc763d60da353b1,12
15664c626041db35,12
9cdf0756f9c95760,4
e4472e098002b303,12
856a861100c1c4fb,3
7137f00c908ccc98,12
e6933fe382bf0808,3
2a24a4343dd9d045,12
c440f94b2849843a,6
b9573e69bafe26ca,3
db4f54832b6fc4b0,4
0f850b4b88deac34,3
adb247982656de08,12
2637b2d8aa93633f,12
d13991b369f635da,3
b1484b90019f41da,6
1070b5879a6f3d45,5
3db909b0f4e09ad9,2
63356e5be28961ba,3
61701f5f22d0b411,6
6636c2eeb5d4bc62,4
2c80ec0f3804eded,5
43b274bcb0b21d4c,5
b1c7b2a0ec51211f,3
5224cfffb255c5a2,3
7c281fd0f02ff5f2,5
81ca1063cb49cecc,4
62cb94657f02134a,12
35ea751e67a880ca,3
0a4b91adee3297d4,12
3b813ca456d1680e,3
3bcdb1d501b6e056,7
74c6e0e30456f1fd,10
5ca814eb2603b42d,8
1de0d4e99a72bbb8,12
e59b7f51655713c2,5
17fe7c7640262ca7,4
7ba26eed977ef144,12
07d57b65eba13e7a,3
b74e08d6457d76f7,5
f9c5081472194aa6,3
a85c31fffa0860d9,12
ff802dcdf7aef1ca,1
014429e2321406a6,3
cf2db5185247240c,1
394be349403037bb,6
1433caddbeda5cc1,3
1de32c29afce2e06,5
bf95b717b4cd3c2b,12
6ccd5b764472746c,6
dc14e6bf7bcd986e,6
aaa15ef11d95bd4d,5
41782b6d2512da73,12
c8b268e77338d9f6,3
9329101d00d30603,4
ee8fe7d0b6845e71,8
a381bad64c0cb707,3
64b02d7aeb6c5871,12
92ad1abfd6249e1a,2
bf4ed06fa9b6a4c1,12
bef39040a4e86f09,3
6dc88bee17bdbdb0,4
81a4583977878fdd,3
5ec84c622a1deeb0,12
7430d33e35437f47,6
0b7107af0cdc2569,8
0f4e0b250ae6c1ab,5
b587c90a4d92d8bd,6
201506050d76f58b,12
4c0fb041f12ad3c4,12
e485839383a3d2dc,9
28135213445d9eb0,8
2539f1983e268852,3
6eb75a6cb9fd120c,12
ae7db73c6d58a74b,1
1b1aa7cd85c4554c,1
25d2a36bc4f6d9c5,14
6270230b72ea663b,3
4ea3ebd63c29e1a3,3
4c8bda3ac8373b49,3
f4b40910dbe0d777,12
fa9b2c660bd39a4d,3
81c8f20744e9e946,6
bc26a60e60bff06d,12
39cfe200c562f8ca,3
bf7f943730ea1dd4,1
77a7b7f61bdb54ed,12
b48e005871595578,12
6bce734da8b06897,12
ecccb1ad09b3bd84,3
fa556e5e6f028c7f,12
fb05b209d525f05c,12
256b7047d4561ce8,4
fceab21d68e8b695,12
e2f8ef59aa77f340,4
e5742fd02f88221d,3
82bb383b44950e91,6
c32ae742b22a9b8f,12
28a3591532dc84d8,12
ba3a4f90e0bb4c9f,3
6cf899ef5d9a197b,12
c33d50593175a77d,3
7f8eb62fc3920ab9,3
7641ae6f359a62aa,12
f5764168a9212dff,12
f677f0c6e07b88f6,10
772b06fafd076385,7
671f8aca47f608fa,3
32cc8122bf61dbea,3
6f9854605991ac88,3
b89efa691f0bd539,8
1c487915fb7a8e26,1
3c8812387f253b84,1
427cd43068655680,12
9d6f5c937f0ec2b7,12
2a0338addc02387d,12
2e32417638a4c3c8,12
b78a78506dfa424c,3
db6dda6743425d76,6
18bdfac1966bbb21,6
6252c72bdc24e7f9,6
7de023327f6490bd,7
2fee01caf13e5ee7,3
55d7ab5ed4832e9b,8
3c8eba5e6edfa190,4
dcdb8ec1ae3b52cd,3
9e68cd0bf8562959,12
f959a36acd5e477a,6
4d219b085a97e18c,3
dc60aaaee381d190,3
0ae741d2b8b12781,10
e4f291da5e7b2a4e,12
a0c576f96b347a81,1
2bb03aa1499fd283,5
6e5aad1067aabe01,7
11851705578c0ab3,12
9f63eb576044017e,12
ecc5320164540b00,5
5d34e66ebefd4559,3
382e155b6624497f,12
cb43336f88e0f506,6
dad8bd8745a2cbb0,10
66654ed1e83aca07,12
94133ff78a843b30,12
f24f98c1d95a7e06,6
717a61bcaace6ee6,3
92d9eb2a36e27393,3
4367ec7e751b73b0,12
773f7b94c09861c3,12
9481e93925da2ed8,6
e742593d0634c7c9,3
72a6585e2adf7987,12
50841e55829cc276,13
9e69c44fe19b9296,7
f9539d8eeafbbce6,6
3201323fcbb34fc0,12
f3a27cd339cf10ff,5
800a50a14e8fa138,12
b27b9a04bf96cc18,11
e45aec550c9679f5,6
4502e3d32c0c9e63,3
ddab8bcdeb76fb35,6
cf6b91faf4b14c20,5
7bbdb2972d68496f,1
bbf7904024168b00,12
56a1b679a5ad466f,12
1ca3f4e564560409,12
a852ad95a8a02a74,3
a103ff7395c29f3e,4
6381c06f9c69a62c,12
2d98afacc22195eb,1
a62674bfc3de2b8a,7
7b3401236b2eadbc,3
33d7a09947a48493,10
b1dba8841f310e62,3
3e8cb262efa9658d,12
03e5a01d0ff5cb45,7
84aa3294a71c0061,12
eeccf60936e7cf2d,6
bc3d3d83292b1fc9,3
9b59c06b258ec3dc,4
2015abcfe7e66b0c,5
d048424f49b56214,12
ec0f0b3522087881,12
d81dff7e13941de8,4
7a8373aa1891737d,3
b8365ea9945c8221,3
7c66eaf677369b0b,3
f99be2f6c6977e25,9
7729bc7f257806e4,3
9f08d53b8dbd92c0,6
b2b7ffc7501f5dc8,6
a2dbacd151315182,12
d1e210e15c193562,6
15d7c756005d5ab8,12
ed50fcbb48852c2b,3
e3a4a343474c5803,6
f6d2f52c56794434,3
55e6f91bdf50f23b,7
6f06235672e2c953,12
e9657bd5aad28dc2,4
a5793b09d3bc0c3f,3
78ffb17bdc5afb1e,12
99702f77b7987fb6,12
140f96bca43c6c1a,12
1d17abd0d533064c,4
f8bd8ad2c215e1af,12
362c8c1a19d0d45c,12
82fbe22fe44d4d50,7
49a45e682008083c,3
a52f2f9200db939d,6
6474df0987850502,12
86e80cdcfebc2b80,3
e8fa317790d01e2d,12
ab952c982d31a758,12
d6d6d6a335fcfc0a,4
9594056186a0d7f1,3
bcc127e924cec53c,12
9b8efba8f68140bb,11
3639139f8dc25c09,5
28a6a6c535ed3faf,5
e8324bd3c48cb9e6,12
c0ba0cd759a2d536,3
053c545c7610a69c,5
6e10d76cc55b2a7c,12
a8b89e89c77295af,12
b3c44badc9b143f7,1
0d29b5b3ba00f05c,6
e52c50f3c1459ece,4
23128815e49ba453,12
ef81a0a0e85dab60,12
11ea7ebf50244d02,3
fe4ad0e392c30019,2
f4056c913f85dc9c,12
0f1196a490d5aeab,3
fe5c82010e52826f,12
37689a3d4f1ae0ec,9
7b5c91c987761a1a,12
52026cc2d904585d,12
7c6eefe70827e7aa,7
d4dd5eb713b6b017,12
fda3d55d4c47a237,10
1c7e9b5473db7108,4
8435ba89d7c18d55,12
1e5a4e3b0fe19ec3,3
29d49f5770baaf24,6
75cdcec3603c43e4,12
b2a91f5829d41969,1
2d58754c4475f587,12
92073a92ff463a77,12
af1924687aa9820e,4
a97f4118bff4483c,7
adc9de052c7d74c6,2
9954b3a007b73b2b,7
bf43769a6373d69c,3
f5a08fea12968739,4
76f8de256d81efb9,4
bf6f0ecaee5cbd14,1
b0f8e596231c78fc,12
9cc0f13e22f5188d,3
7cfd0f6ad1113086,7
e5cbf671469ddacd,12
9f0a38e18c26f9b7,3
b54e270561597eb8,8
4a3e3070905843ed,5
e36ef33cd293ebcb,12
dbbf89d5f3fc4ed3,12
2ec220bb99ca8e65,11
83f5314fd057d944,8
96bee781fb6a7678,3
7c4b5b93f270a809,12
187ffa5867834740,3
36d79a27730c6d93,3
0347146d1c4366db,5
21b844dc94ccde49,12
9daf1f7ca32d87bc,6
f4e299fc3ab8446e,3
7ca98cbcaa03f92c,3
8c6bf8dc44e4a736,12
c15b25001a6a222e,7
49f4ea94af07046f,4
0dd440894712f183,12
f8fd9a77f28179c5,12
06fd0124df190f3a,12
6f431202010bdd3b,12
9e992deade2bfa49,6
76a46118391907d9,10
78bc4826776cf031,12
d4a56470ddcc2b21,14
3246375169f2d763,3
b5f168c7064c537e,7
40ea4bada239cb89,3
4f017cccabb43d49,6
94f759e6bee25376,4
7106f0298c0ee3fe,12
1a04acd78c7b3020,3
7e766728a70b9938,12
71ef8b6f552b293d,4
d171312d2bdb64f8,12
cdf19619168bfa94,12
c5b71e156ca67cf9,6
34cd3d8db0dbf9c4,3
ae246f6a995e44e3,1
b5c7b9f5dc2be209,6
2b9e034b3cc8a721,12
5d5520226e23499a,7
cdc8449ece7bbad0,4
b87a1e17e88c1bb6,12
ab9500020d724705,12
9499996586c9a1bf,12
538bab9db6ceed72,12
d16555d065c79385,1
e09994a8e14f2428,4
ad196bac3a002109,12
e7eee958f89682c8,10
2d3fc1a4acce7b0f,4
9615911b8fc31348,4
20f5adec51ebc515,12
282c947e27cf56d3,3
fa390bef602e9589,4
00e840715e98c84f,12
586ac7eb7d0644d4,6
dba9d00d209e8229,14
86235388685b3c61,8
cd940b8c456664ab,12
b26533ebb3e8f5c2,12
8fab6ff122d653eb,11
24bb3994cd948e43,12
0147b5b170711318,3
fb6246572ee36cd5,4
707bb7ab70d5473e,3
4fbe1f330cfa6a16,3
54fd4cbdc97728fe,7
b0f86e1a572dec81,7
7bbfcd8488bd394c,12
b72e69d4c2134785,3
f466159609c83037,7
1f24221c9c66dbda,3
4635b6d2f0322caf,12
1625a1aab94ac5b1,11
405cf0ac30e9478d,12
8fb556aa75d5bedc,12
862c0b2733e13a83,3
1f2356ee7eeb7f59,3
c16f0e650b2e24c4,3
e85cad6b06f1ff95,3
face3a020759d96f,5
9e8fd85b4d4b2c7c,3
38c05ad5e4715225,3
40b0ff4148a143a0,6
639f4ffcd2b53585,12
80bb368b151fce96,3
03287a7fbf47b624,7
025ef010ff810e9d,12
dc60435df5846fd5,11
6ef5ec7957c3ec67,1
8cbd906ad61384c9,6
187f8c464485d1e3,4
dad9c4f7931c72b7,5
46dafee164eb97b2,3
8ac13968f0c87b87,1
69028b7a222e34e2,12
fd8e6424595000aa,12
7f6b1bb9429a132b,5
86e55c17f1819f12,6
489779c9ea67a18b,8
5d823b4d791c93e4,12
f07d07204de96133,3
4fbffe6937ceb89f,8
016011258e820cda,3
1c203536456600aa,3
d706d66a1cdc4324,12
d1bf79645ace1ec6,4
39cbb92f9c4a7926,12
57f58b77cccef0a5,3
dc738e372ad93c44,12
24752e58576e9354,3
cea36f933528ea1d,9
21717234fde1ddb4,3
3e20a918dabd50fd,4
b29ac016b1c39713,12
8ab174a192870fdc,4
75568bd24925a522,12
a1d67f4c6aeb0b7f,7
c374b598883f407c,7
6120b13cad5daa46,6
e5d68e2f80c45c59,11
80a8b5e263a9e421,3
7acf5622893a53ee,3
74bff400e3d2e820,12
0254f17a62fbed32,8
9204ef589ec81ab9,10
abd4ad6d15fba5c7,12
9a3130ffa127902c,5
afbaefa666a1c699,3
7872e071640cf59b,12
14d7659b1d9ba10d,12
a8d53a1d4e7f7b06,12
13f8ca3ef8e6b255,3
bec19427badb61ba,3
684cf21103a0e1bf,4
ef9696ad6ac7b527,9
bdb89a02b72e49f1,11
4389372612c51dd5,12
760a385a445ba752,12
ffb8e07bcdfa574c,12
53a3be21b9a917eb,12
27b91c5030e3467d,11
da7c6b20bd85865b,8
c661c6394d5b9ec4,11
086cac83a8f0d203,12
171ee10d7df2352c,3
aef591475ec5a452,3
fb7384775e4e9684,3
83d36e08766cd066,11
e86c15628e35c22d,8
93b43bc794acec39,5
dc3c67179f3ebeea,7
731a179c5672a912,12
905e594c0a75789c,4
fed1140893f2c52a,12
7d025c026364dbaa,14
f2cb7b3956532e51,12
36190248ce0b4ce5,5
a059dde411f1cfb2,3
5f47b2e0e92593b8,12
c3e7090447602b40,9
7de628586899a642,10
454244846cab5cb8,7
5b451ae85fd089fb,12
dba2aae84968e7b7,12
efff14d1f767104e,1
b6307fc3bf09c20f,1
3165f1f8105207ca,3
7b0fabdf9ded5bce,11
17d3f5c99e52bbe3,3
5e939b7909616660,4
0268a393fbdfd278,3
cff1eca184095f26,12
82b299b7d1520d79,3
f52014ffad46b380,3
16af492a36954312,12
f40487c6dc81d54d,3
abaafcc8931ad3e5,12
4e6414138cc8644b,12
9a2559bc3c4c2d21,3
46bf710610ff86a7,6
9b7d657bd70ad3f8,12
051d0bd2fdd91c4d,10
1cf3c8b83bcb8544,3
561020dd2e4ebeb0,12
5c8e4754a05813b9,4
004cbc527956001d,12
2385e3ea70ade0ab,8
7bf2d86088b20636,3
20ab5638dc6f43bd,9
bfb1d6e6c3053d2e,12
99ad0ab359094d70,12
5ba259cd38f9e062,7
9ee30d62531960b5,3
12a6c6486295dad3,6
3bdda29eddb26110,3
e853fae4e9226306,11
9f2fdc8107bce2a9,12
8415031926a8eeae,12
25a9d7bd104a3442,12
241b09abbeaf0e0d,6
8e1130b5ccbc59ee,12
d5ed3bc58523000e,12
d6c3a423275308b5,5
dcadddfeb0837696,12
28a3241bd1e87e8f,12
743f9da2b8f40fd1,11
9e8f03d5a2b62313,3
89305cefff1c6efc,12
89b8f07aee532de3,12
c242eba7cdb04259,10
c2162871ed4be5cd,12
29208d0ba9acba84,6
641932d8cf16a0f1,12
81a80171e232e521,3
b6038086c54d969f,9
eca6dfddde2e18b4,3
5bf94ea4e676edfa,8
3a7853581a8d2de9,4
0badd8133b161b7b,5
cb01229ff21742d5,3
69eb4fa577ca62f3,3
d0e7ccbcdbd64a04,12
dfdb037938c80602,6
cd43a8f2742de0c7,10
07af8d013de4b60a,4
1e8a8a870916e059,6
4ee205b572a6d939,12
4cb7f9207a50e445,11
eb6b676f1f7d2f93,12
1799496ceeca66e0,3
5d2b9aeef0ccb2ba,1
62a03092c2812ceb,1
68aa7eea4f7a544b,3
ef1c19af0a7bdab8,3
88b1c95c608bd195,3
dc7da83694cd02cf,12
1c6d1125e85cf02b,10
9bf6f136fce2368e,8
7a3f1f0743bb5b94,11
aac3bb2fd0ac7150,12
b68727ff4b816802,3
6a1924f2afec085c,10
76a4620f6e4fbbe5,12
a16f1537557ecc5c,12
1dc70688c3327c47,6
2a78b37c7ae5c58a,4
da38e1bccc3ce242,10
5127513c66c9b031,11
0f24958dd6ad46df,12
58d1240c545fddfe,4
b7a39c298e2a8859,8
5166e1e457ab5ef1,3
2e6dc055a0cec366,12
44d8ac0ffbaba60d,3
98b985f4ba7c05c9,11
d5ddc96467538409,4
a53727153fb701ab,12
2642f7501fc6eb1c,11
69821bf93135e32f,4
384ed575f13a8941,12
d693ea2d63bf0e4e,12
c2ba9a624c90186f,12
6ba573c0f4c07be1,3
899ea57604509229,11
50a3c7a5e45e48c8,7
24e7453c90111eaf,3
5ef09597f1d0e12b,3
e09f8ea62c94bd71,6
74e6c7ad4e440698,5
f10ebc65b759e059,9
6e06d6178febd1d3,3
5f6163b1ecf79204,3
ab04b62b069e27a2,6
00838ed2cdaa6f34,3
bad53011eef1fb4b,3
b985c46fe9ccfc2a,4
0e3ffcac9eff0662,1
c8036e02ad7811c9,6
6688e163b56275ba,12
ec5a876980e647ce,12
97c00c4e84b4042a,3
fcc36e30218c2585,12
45e0118f539ae1c3,12
22dce9b24f54ec1a,12
2a0b59cb6d36b268,3
a5f3d303729cf670,12
483c8634a125cd9a,3
f8075b7ff47979ca,12
4530844b78f59e90,5
815db789405e837b,12
448af3ffb1153c6e,3
d221ca96e0dad99e,5
b892a56c9399c979,12
a831195d80dc3bec,3
5d6e3826b693b871,3
9bb3d2d58c092eae,1
8c5de7697c030916,3
2928bff548316ad3,3
ded92797d2567d3c,11
75ab334f63f859a3,8
f548b0d7d5a7a18c,12
841a5f654f15cd5d,11
2012e9765f54175d,12
7c5443d7b8a2d751,6
cd740a82603cce11,4
f804496d5f3b0d40,12
3c73d57ff1b928c1,2
e07633f2c00fede2,12
6a07712a1122f55d,11
f95b9e7b96139556,11
7f2f84c2f78b9f2a,4
25caf9a801747cd0,3
5c49d3efc614008f,3
5bcca343e18a8fc7,12
e0db795a3e94e0f3,6
a6c38da995c7b2c3,3
a9d13cd8c9c4e821,12
78baf52cf1c59334,13
64c60e9e9fe85559,4
5db38d30b603ee67,6
30e924671bab3fc9,3
07477d955853455c,6
ea6302ba1753b0ec,12
22336bfb0e660053,12
997bf7632003a217,12
5b340c243c6b63f8,3
b46edac25a9f6d08,12
37217712a6f634b3,3
89b9e4904f5487e8,6
007c44faed489ccb,4
d0552963c2ec9a9f,4
2cc6072107ebb389,4
b15301c7547c72db,12
f183ea9d147fd5da,12
856d4a3ac09ae24c,5
920099c89bf82a35,12
19604be31d9abb14,12
4e41145e20bfeec9,8
5bb7b5886a1a06ed,1
fee3fbb822881b2a,12
d9b49073f3dedb23,12
60354187447d76dc,12
affb6f063f17190a,4
510b39656faccc97,10
c958e2a948a4654b,3
c85a50ccae820ad9,4
bc5f3ec5e559461e,12
da71c8d3b1f82793,9
206cf9fac6c809f9,6
49b3f027c2014525,6
ba775c5067b9598f,4
b3f778f956b40ebc,6
0d22cd00730615cd,12
fa638af726d8daca,12
901254eb5b3c17ee,4
5b74da7610a47c54,6
390068a25b3ab166,4
80093ccb7f9058cc,6
b8e7763ce89f638e,12
3fa428766abd6eba,6
cf38784b4e92928b,12
3d19c0d976c6f09e,12
6ee0489df6294e4e,12
fdf6cef325ebc500,10
100e857e447a8213,12
e4da091ea90896d1,12
76c4e3762a75a5f1,3
034534bffad8e295,12
7300adb3d08e6997,12
eb751f3b60733850,3
aa29735c0085ee1c,3
23932cfc77897eec,3
200e6232c436c46d,4
6db6c8a556b6b477,9
93ea87253deb3c18,3
0f24713c1ab0c959,12
346ff11fb3e08d37,5
5acd54f4f0ab2c3d,3
32d6a9ffb7a2b581,4
5547ed7c25f745b3,6
60b9ca494ca72398,3
2c94942b48ec1b85,1
bfc482b38ee26986,4
c4f7614ffc4613db,3
8e05509fb0a40bf7,12
b8a2f25e3200a50f,3
f3f02c9bacaa327d,6
67f0195d58362063,3
a31648d716b6037f,6
77bcc4e1e2ed4c5a,3
74ab565520808fc2,3
9539816faa39e7a6,10
c9140b86100d4c47,3
40b1f45680cc4810,10
f876a89b8d603d1c,4
dc96daefa8d5f3f5,12
468a685881bd1a65,4
6a3e5554a5c77755,6
bf5cda5c36a1472e,9
4ec688bc4203bfe3,3
b75a53b0b943e5e1,8
68f574983462d14b,12
cfdfd2989dec9283,5
8d6d9980c02d0ed3,4
282aec58c1ff1fcd,11
759be9cb62b8b009,4
90b63804f7a754f9,7
fc38973cc34da4d7,12
a2c16766553ada91,1
672cc612dd972823,12
1d4dac8af4e7b5de,12
f46714c97e0c3f9d,7
9021a91319a2b8f3,12
d239f9bb28deb3f9,12
9f9a7e22bb2d3ccf,5
9074449dba418a23,12
cbe3ae4839983a83,1
41e5f8a45bad3d89,3
fcf98672adf5be0a,6
adbffdd1079050f1,3
820d0010202bfccf,6
0abdad7cf6e98289,4
d2c2d4fe52970cbf,3
aacd45479a355ca7,11
91e70e2a89ad41d9,3
97b09f8b48ac4eaf,2
c05201006aac5dd9,4
210be4aae5cb3b22,12
cfe5e1a2b2278ec7,2
26776a71f8802b1b,7
56612dd5b27868b3,6
6d1ed2d0118faa30,3
20d792fdac24d400,1
53981e603d9cb0c4,4
cee39a5efaa99613,12
e50c6eb4545b187d,12
0c24e5d76ab39914,6
ccc32e6ffc948871,4
a82d60de9e8b5deb,3
d27bff6b859011b0,6
378bd1359298c747,4
d17c4226d6b7a62c,3
86006e3bceb00a82,3
c1a1d1398a26f6a8,1
9dd082f900f396a9,5
8f3f1ea29e2108ae,8
526fa4d40fcdde36,4
0dc59a4d663e83e5,6
4682beb56e965b4a,12
5b5d8be08482eab9,3
317347a02d47bdc2,3
7c9bc678e097e278,12
b750121c4d556f84,12
d779e0ef4d9b4275,14
bfba94b94022ff62,5
14bf2ae03a083703,5
d513028a6e8c4438,3
5862bbf16b3a4f70,12
8f47b6758d738647,3
1cd3792f7b6a477d,4
7a30eb15adbec52e,11
2c9857823c1b4b7d,5
f041dc0c1312dab8,8
986bed8933738653,12
14e4d4d206d2883e,5
c2b1e437a6447f01,8
7ee4576ff3b77043,7
bf0d4629466765ad,9
8d21c16205bdab00,3
7404dfdd6ef0da42,11
fba06e03f347a0ba,3
08b13c07d2489ebe,6
f9b23db2c8494647,6
1c6970754a07a848,6
5e707a1d4cc4d856,11
c0f7e04e826fb0c9,3
8e3c1d9f4ae8dd10,12
60ba3549f5ed9b00,7
16c26a33fcde04a5,11
39f35795b23584fa,5
2f602f7b58ac139a,12
6e8ebaed99263fe5,1
2d47b63c4a176016,0
c8fee6751ffe9a5e,12
3de6e97a970fab3d,5
0968041fe41fdf69,12
8cd8646f7aa9dafd,12
dc0c35826477c405,12
da654da3f0b7baec,3
ec8cd1d4ac8093a8,12
26341bc4f183c0f1,3
a54595076c6083d4,5
729d0d3e54c7023e,12
62612ff664badc20,6
e45651b13789b81b,4
2cf06a4ef367a06f,3
5230026cc8ce84e7,4
98230ad8c63dfdf6,12
bc5f0ee1f6cc6cfb,3
a3ed058c74981bb4,12
a680c902a1e6cf94,12
87a221a43feb40f6,3
1009ed063e7095e0,12
8fd8bbcbeb9bb5f1,3
27510c255476c8ff,12
37d45790394a3f1f,12
7fee6f6a22ada1ad,6
cd86dfd954db99e6,3
9d6c2b96e84a79b0,7
1a78d89c3080f60b,10
65cd3c4d717b3682,7
96f55fe78d023ef5,12
96e2ab9b1f0635ed,11
95385740cf068f83,6
11607c6cdc7e8e7f,8
68db94e5a0bf6bcd,5
fb476ec2a9af85b9,1
5133925180dd4830,3
43afb1c768d1dde0,3
6f24a2803820fb6c,3
e326f11253b31f69,12
8d0fa37382e3bd2d,3
841ab9a7610480cd,4
b90f147f945c3796,3
4e277b7a51bc5584,4
5f039694b3a6c8e2,12
26959ab4d8f23377,12
1a61eca6c6d29187,12
8c42f94d1adc2089,7
2e8a3a921123d3dc,12
1f6a01654dc4e4d4,3
427094cfca7ee888,7
6e42b62f456d9ff8,12
a212dd9215c65c27,3
a0b78f317851a685,1
e4b3d37222248bcd,4
d02687285c69d6bf,3
3e1f34788f67a2aa,3
44d4a086a239031f,5
bbdfc996b3ca3da5,10
87ddff761b768729,3
91ddacd56abd3fd3,4
4767481621f042f5,2
769c8ad5a7fc4aae,3
b690ba50fc923ab5,3
8d04a0029a34aa89,1
b46f6e38cd9719f8,6
93a5e4d47bdc5728,7
ac9790b35f59ad77,7
d1347d99bdd3ada8,3
14db833d5fc91b8a,12
255d7b9ca5a56f08,12
905dc09853655a49,3
50603fafc6be3cc8,2
52c491804de77837,1
8493396b1cc14821,12
302dfe686ed8c322,7
d061ced9dc94f690,3
7d383ec952733324,3
a6d3bf5e597ec4b7,12
2b24a72c549e6172,10
fa7974795cc0553c,12
7c6fa3ba35c5ec04,12
51ffa11fded7ba8c,8
cc6770006653ae48,12
b8c56feb364178a8,12
11c86886a942b1c5,12
4600eaade0ab251f,4
f52054771f133ef7,12
ed76ce039e4a5c0c,3
a513d4a791e70e59,9
20c01db05d85cab6,1
2bdb88433b47e9d8,12
c71ef775df880e2f,4
2b8909e7b8cda67e,3
047f9d16a81ea0d9,4
0e83bc1ca7a365b5,7
8626e3a6a2c62f64,3
0cb21eaba1ce1781,7
2bfa95466519308f,8
b37a5fe4a7125512,3
6b05f2f827efcb86,3
a92667241aad243a,7
dad34012304a8c60,4
2138baaba653b1c0,12
16c343ccc31698ee,12
6305fe39d6accc51,7
e8459fda67a7a23f,12
524fb41d9e15343b,3
e73146ffa1ddfbc9,12
4b74d8967fa2897d,12
9350c7a2d2530c1e,3
6cc5cb4f183c7f5b,12
3d8785c619113c86,6
7c8f18243577b4ac,7
7770e125ec61f4e0,12
2a7d806226b057f9,3
b0d2c2c10e530443,12
bd7bb0e6d5653114,12
de9c523eff978201,3
c5bfae292bd03369,10
1e7f255e69d2e43d,5
881243928abebf3e,3
b4dda32acbcc2cb2,3
0ea8f207bcea85d6,3
715dab175c7e11c3,12
2b3185a0a50f2ffa,12
88b1ed1af3208f25,11
f22ba71a8f0faa2c,3
3920940233e84827,1
773da6d1fc1a6576,12
79951001d0053419,10
8231cab832220622,3
267217b410c6c3d2,3
b88ea4e0d19bb262,3
348eca3cdbfce112,1
b7638b5570d80460,13
f9444361c4520af3,7
1f62183c0a2521c0,6
c6a05fd132d601b7,3
6a50e33dafc88d67,3
2ce1e33b005d859b,6
4927187bdf3dd5c6,12
a28978a9deab1ec1,3
fc50dc3f09ec2d07,7
07c47bdd48bc7d08,3
726a89d187743b85,7
fb800472ad7bd6d8,9
bc83a0484508ed08,3
10c6a03a905270e5,12
fb3f655e655815d1,12
6b5eba6f99e177d7,3
d22b3d067eb79c0c,12
12243fb1abb38fc2,12
a7918d2f4c5adc83,12
7a74d4da6bb6bb92,3
5b7384c5bfa58710,3
9f2bfa5e1fcc30a8,12
ce64e50d62de6b41,12
86de1500f459b4c2,3
0d3b5b92d188424a,10
4b9a081110ee340c,12
e7adfd7a4119d2af,3
79b6046c95aa3258,3
1b4b072f8159f1cf,4
cd50e239b451efa6,3
bfbbaf699d3c55cd,5
5bca836890f24e4f,9
31ac274c412a8c5b,12
799c2b0c7f80e121,13
d55468a8e9910a2d,12
9e7d258c589eca36,12
25477b5114b715e8,11
f8c2946ad22cc4d5,12
e61f7660c6df37f1,10
d957809aff99d8f1,12
9b4c5c564d36e297,12
bd381277b558085c,10
f94c3c50266ca645,12
8a9ef9837c163fa8,3
10fd3b30f2efe806,12
e7b8cf0dee734af9,3
b7456878a98dddb2,11
358d484e3c6848d5,6
1f04a6debe785f22,5
3dbd60a861173e43,11
e6c4a99436085d4c,7
a7f1e4da21186e7b,1
c229b86959c4dfc1,12
9bf5aca205dedc9c,5
8205f0e8ce92b3b0,4
5ad8b4168ff14169,5
3221804b151f57a6,12
ff762090c31ba5fd,3
21475c050fb3f6b5,1
c3485ee432658fad,3
03b4463b765d8aed,12
0e9084253ced98d2,3
05da66ebb45d8285,12
390979cf20687e3f,12
0a90a22542aa68c6,7
0528cedaf3083320,3
1412eda2e2066f8a,12
f8e41117d585435a,12
57996d12654e4aac,3
b1f1ed2711af3817,12
0faebd34af662eaa,7
54a70d2a9a65a809,7
d55ce24fd996b9f7,3
c69405f8f40c6c91,6
92881be2ac2a5749,3
0e9c6bc9a0aebd95,12
2753b3b3b4044eff,4
ec59ce9611edbaa4,12
e99b4f0681746295,3
720df5c283840f01,5
6c92973a76ece0a5,4
c33d77192a38e796,10
743e5dbe8154b2ad,5
9c55314727dd638c,12
247adb7dea2046cf,3
97e1a8c13e9fef2c,11
0cb611827ef209af,3
619be36dd2dcdab0,6
dc036eead5dbf88b,6
ebb15d342fcb1f67,12
919e3826a11d9c94,12
0241743bf1c6e9cc,10
d954d46f4097e91d,6
2345ef2efcabb913,3
21b0ea0aedf45b08,6
761d729087254a13,12
df648588bd9cff16,7
10bc6bdf794a85e1,14
40e0042bab1677fe,3
1c6b221374df676c,8
daa5a8d00a879abc,12
3cc464604bc7e667,4
a829f31323395583,3
197ed69d7ddda1b7,12
479d24f594816c99,3
38f8b14cdebda543,11
d886985fc58417d3,4
4a51f47666ab41b5,3
4b5ded835dccba9d,3
a1bde678731c5e8f,6
c97cfb0cb83737f6,3
30655cfa2bd0313d,3
1ed83232de86e758,0
e3e6e4f74f6ef63f,5
baf486846d9a5248,6
cd0ed747cd7ca16c,11
72ed381d90e24e53,9
592e79a31001b9b8,4
65f300a3022b099f,6
d359dacdfa66e55e,3
9f2dd0bd36aac98e,4
444d067941c4f381,6
fed32f6731b98130,3
9d5da69c436f3f3f,12
5b113db3405493cb,12
d9e029e5560966a2,3
b35664cbc82d46b5,3
77e52c4e3b6f5bd7,3
61c171407c6b84f4,3
49c0b5feaa3b6fbc,8
859efad165b15b08,12
1dfc09b29e658732,12
58b709d50676b5ed,8
bd23989dce2a04e2,12
c468070a804ca447,2
63a363f7ccf52f88,3
669749832e0e09fe,7
ab80b3a81dba916c,3
ef7f82e3282c13e6,2
f114a79792265072,5
3ec73a640fa7e323,12
3688766f8ad2b941,12
9ded3072bc286d30,13
74c0ae3ddc110ac2,3
a18a3c2b43847b45,3
5d7c3bf594cec1bd,4
496a5d162f4f2557,3
7dea64f72e35b4cf,4
90e304904e80f267,9
6a09e4ef980cd89d,6
a032e9815939d954,5
d4b7109053ebeaf3,7
165a4349bfcf4bc1,3
6e350159fbca1738,12
ac89acfad36b7fec,12
d87e044d6622b57f,8
ffede809746d93a8,3
47a2ff8b6826e416,7
fc286ce1df5e917f,1
1130ec8faefc4e68,11
148cf5214a8387f9,12
f2b75904cf87b6d9,5
0984e23924ab0990,11
4fb4cc0c257fd659,12
b84e57c47847a1c1,6
dea33ce352bbb156,3
49aba9ca1a4d5a4b,4
d13423450f9fea38,12
ff90822137940aae,3
9afe281a06290201,5
c9f529de8162b444,6
21beb9aed3d660bd,3
c0cc1568a28bf716,6
2ad3ab9fc52e3c1c,3
f0b931c51abe97a6,7
52862dde2b67aa15,12
12071541fd5784f3,9
77374ed7d51791d4,12
3ac2e7986dc7c715,7
87d44aa488c1f719,4
d6893e3ea1f720da,3
e28366ccbde4ec5e,12
f7ed5aa33e6e9752,5
b4b4168f9379aea4,6
bb11737416195811,3
a349b78abf629d6b,3
23582273c8d02d3a,3
57350ecf8e4cbc8f,4
9c2c754bb2efcc92,12
9e96e279e08400bd,3
49a06c142ef68fea,12
0c2e7e4d82133676,12
9e6817ba191e853c,12
807ea4be151b667c,3
abfda12fc9d92542,3
0f7b0a0abe28c57e,11
104a0aaa8f88440f,12
c4f69e9965d3cd5e,12
5b50050fd1342891,3
b2a950e7441205db,12
7d20b78b87eebfe0,12
d7df25df9209a026,12
347b5b39b403ecea,12
9a138cad6663f774,9
cda94a411ddaa3e8,5
4a67903c3a3b53f9,4
a3aa34c34bc39c84,12
8cea12a81401c6c2,4
8b80af7bb06b5de3,11
94e7969f516a82dd,4
ad918e23c3b584de,6
dda99b9f57d29687,12
9fcbbb4c40479711,5
c20fbe5177157556,4
dc823a39fde18554,11
cf7b2928b6d47181,3
22b983e9cfd99d1b,3
fd019d47cf6183dc,4
cc8d50657f787abf,12
600be02f2589045f,3
fd2c5460c4a2fed6,7
d663ff21afb023ea,8
0280c42ecf88c3ab,12
44656be740ffcc63,6
4c356c726c391b53,3
09052e005787d140,4
6b461c390da62c76,5
9d5439a5a9bd7c7d,3
9207d46675baeed7,11
3c802b260f968a4d,12
bd92eb4935924336,3
b738da40938180e3,3
bf12ce98b7a8dab6,6
60f255382c44ba99,12
853e5f1c675f3a82,12
b761e29114587a63,12
bcae897f74cacd0b,4
ffd68942b7342ede,12
c21b9e889e070b06,5
930d08c852d9b888,6
89cf8face2657c89,12
e2b0e51c242ad922,12
34fc4e5e628b548c,6
ec5ae61054846434,3
d992ff020a9e0f71,5
0754d0f6b46df76c,4
48b4e1df80398a73,3
0a621c2b073c6783,4
bdfa59e742b92e85,12
c4f4c9d07739a58d,5
0d120436b8ce39d0,12
e6fcba8697eeba8f,4
4d8553996dcd2545,7
39dfaa72b7014a24,12
3bbc9a58ae03036e,12
3a22ff29fc685472,12
0fd437354a345875,11
795f8721bda338f4,6
b8d04111e2acbc6c,7
3c0f10f2309e858f,3
d206d5db95a88503,12
ebe2e20dcf074e25,4
ef936e01a9440506,4
a71bfbe0824c970b,7
0924c54b5ed6216d,4
ce235dfe7b6b7ba0,12
c798d4363823c058,7
99e0e0b8db1d5c6a,3
2ae9b65a79342770,7
81a1924787202b11,4
7cfb953967662263,3
d3c5f50a32b8ed93,12
86f981d52c961aac,6
623850fea62f8f0a,12
e110ec3ff060a775,12
bfe08201feecb6c1,8
5952f8bbd3259176,10
34e63ba30faa6caf,3
a642d5a47f4f69f6,12
6b2c7b7c28bc28e4,3
66c08fab6aa4a88e,12
207c13c905632a0d,3
e4fe75568d50a79d,3
52fa55ebbf3758f8,2
8561aed4972e5ac8,12
30b5d37e576e07d8,3
ea7b7925cb966a65,12
f9d2166ddec55e53,12
9b4fd98ad5969aed,7
1ed229d664164300,11
08943b884c060c3c,4
c76b18563654c8b9,6
7723eb76482db480,2
eb2ddcd1cdc94d5e,11
6f5871ce5e0c4175,12
d3af44c999572f26,8
2c80888bb822b798,3
ce01a22ac8e008e9,6
bdab9ff14e488f28,10
0e27817e91aad574,12
6e5b651b1ba76c7f,6
6dba9ff763634d20,3
f2769583c1fce18d,6
0b0b898dc5324003,12
673a11e76e636829,3
98bb0c1157b59d0e,3
829d65aa49b8b1b9,12
c312e09ac16f2ddb,12
9a75ce7199bb6a04,12
24f73341426c3b9a,3
5ff04166c2398828,12
b3bd585fda5ede75,3
0fd105b9da1e6f7b,12
d3cec14b83b2deb8,4
782ccada404f7b85,3
2a75a98a789a524b,3
2745678768a32546,5
ec44f04f25945081,3
070dc814f9aa767d,3
9f812f047ce07422,6
18085a77a0779188,7
774abd64b40cf95a,8
d6e02f83dfcdb818,3
eb90c51bf62993ce,5
87d902fd824c8da4,12
6185c6cd9ba8ca5c,6
adafff295226cef4,12
a0f6ec77a54480c9,12
691e3753b0fc95ef,12
89dba03ac98548c4,12
32cb81bfab8faacf,11
4a9f95e144d59947,5
03a8870da9a89e97,3
095d5d45e5525074,11
e9b5c2b74a1c5afc,9
09886ae0660a789f,12
25d6b5f168228a61,10
cfccd87ec7ab5f37,3
c7809ff2c0b3ba0b,6
70463862580b7563,12
d361c618b10489c9,7
1d71bb8254c1e1f2,7
b77d906be7429375,3
0a049371c009c4dd,14
c4dfb9213fcd608e,3
563eb7b4e8785496,3
40e619f95d57f1ae,6
f90c0751e7b18c3b,6
179582726f3a4339,12
e0aa3ec3f39a7c9d,12
d6a5aaba9a4f0d1f,4
ec5daf4618e1b31b,8
657add0dd865bed0,12
86dedf9abb5bc332,12
cf2854ec3093e640,12
4eabb12bd0a0dec3,6
75e94e9df395d894,7
4c386395b494d22b,5
f560e1a6edc55943,7
3fc26eb73b652d09,13
166d79b68afea660,0
4a5f3911bef0965b,6
1962f56fa6e7b600,6
891847bb46c33714,12
b2adab62621bcc61,12
16edd17fee19414a,12
1a237d020a89c4ac,7
2ad8571e449c5e22,11
886ffed67d8f56a6,12
4065adaf0e8ef101,3
3cbd1e430117871b,12
b987182b3bb575a1,3
f3fa5bb9a4bbbaff,5
9a9e148e811cb9e3,12
e9b839d392a21d57,8
08a8129c10793b00,12
dfaaa2dd557f8b54,12
1d53440b0fd64766,3
ed46e7bfada6420f,3
3c87f6e12b74b24a,4
0770e7828fbde128,3
efb56619f5577274,12
261bb9fb15a071ea,3
c052110e69e0b83a,3
042043888fe6384a,8
4a50ebb6e7b3a799,8
88193956951581df,6
a10dc66b3c273d0c,3
c2b9d1354ccd7f34,3
1f4db194c5a35d25,11
b69226ca9adcf7d4,3
38e8e031a9a81343,7
5cdc40dfd5c1778d,6
464c4e81b6d0c835,12
9906524077e36716,7
15b159129dd94cab,7
8a83d6c2cc1cc0bf,12
3f556c4bf4c201f3,4
f521ababd3de0b7a,12
8b5a5894538073a4,7
3ce10c82c0c539cb,12
956674fda79d499f,4
17a7a22117490fd1,5
b6d253756e8a9071,1
222f27e61630543d,3
41b4464d93d585eb,5
eacfae0eb258792b,12
d2ef674b1882b943,12
54211c29d00c0b73,1
4b5a885bfdd67a93,7
36a3c7fcb29882a5,3
b05131649f572c48,5
1f52a6f057706560,1
dd1e240ee7a75dd4,12
23de5d671371e21c,11
80edc1e99a0b0a0e,12
6e382897abb75b3f,12
08b6344e11af8b94,6
607b7f43c0507c42,3
6ef2882be887da96,4
9b5573b46c0e0706,3
01574d8448ba5922,8
a9143eb818e4d0b9,3
cb00e50ded2c05d8,8
f49f46b18b30ec7e,6
fc791e3f8e0f88b2,3
cd5ee4472ec72d1e,3
450fe0aea254507f,12
8a2b081f129195d0,3
5e17c209edb592e9,6
0ca3065962194615,3
dfe5d6f0e8eb75fb,3
086afebc30a4c2fa,6
f4432d015f9961e6,12
27e91645643e25f2,6
9355955ddc474e7f,3
0fe909f35d722695,3
ddbdee15ccd0463e,3
5bcffdb0bd32def2,6
5990517b41b78195,3
5badb9f207c0feb7,6
e783cded9a8f1a01,7
e3d69efc335a3ab9,8
a0da8c3c9f434fa9,3
73a72ce992f154aa,11
67f39aba814de5f5,3
8cf65771a9c28cbb,12
146360851b378fd5,12
2efd5b6ab309d53a,13
3e568f5191930370,12
193ac0ceffa89007,3
febdce7e89d63985,4
4315dd2be8211555,12
a2a1b9fcb4e0dea8,3
fb9905a86802bc1d,12
94c17f75ef49a5dc,3
b9066fd72a9fdfc9,3
c5f9534ac62a1a88,11
fb242213989115e7,3
6530ec5fce8fd556,11
5c951bc8dc60ba71,12
5a235487a0c7a494,3
ff263475c64e76b0,3
61a47ffa0e725b72,12
17acc2a71de8f442,3
ca3625b4dcc13277,3
1498a27186ed707a,3
bbf2ff7004ca37ea,3
33f02fea78e1b9c6,3
da03bca2fd0acd65,4
2fb186a3224148a6,4
f63bfd98f884db75,3
b73057470277ada5,3
b4397325af385b47,3
5014cbf672db697d,12
19fb6938b04e77db,3
45aa0abd8c9597ad,3
30f3c00df34b315f,3
63fff505dd201f09,6
1de7a5eac4af3e84,12
18febf6a31dc0851,12
6035a967ccc5aa02,12
89e72ca9b63adb6b,3
4e2395067ead4337,8
3f7fc38e0cd31724,5
041c3fb431f2738f,14
6ee74174b143b8db,12
c687e3f97262233f,12
bf3269eef1b866c0,5
6c535ccbcaca304b,3
70cee859da100c42,12
a79cf022295532e0,12
a08a6c3b122d1321,7
7ad121d5087ca5eb,12
7d37d9db0798fa88,6
ce9abe10ddaf74a4,11
293a6793e625f692,3
9bbffd482a5af71c,12
f50db1c07acd2a8f,11
a7e267824f40bb62,7
96752b5b406e786f,6
d6c849f4ed04bc72,3
63391f444c846f12,5
1f3a0997429af4aa,6
5eda771c38c50d3a,6
0f811f8cf67c121c,12
756947a1678218f2,12
3570f24e9073a3f6,3
95959f4fbbc85f11,12
9d51966ac79517dc,12
452629bb01a21180,12
1ddffa0e0460a506,3
eb07c323940d06a8,5
8755368e923de717,12
83cc34f6b7c70585,13
cf88bf2a9908d14b,3
7c9365a0144cb13e,12
81f54da0bd8dafb7,12
3c83759d88f0bf3b,12
b5ee26771d447522,8
515da472e3403241,3
36a138132cb5ba29,4
5cd06131fb957614,7
eefb416060be95d9,3
a0ac2c636da0f1d1,4
2791a7a22967bca3,12
6508dee7b506d129,6
973da18e0cce851c,12
e377c82bb8c9c178,12
a799f3ce3c1ad2d2,3
ca858626691791c3,12
9243bb27a0aa045d,11
426974c21ef21dc9,3
4d435846b436eb8f,12
20bae48a2d7215d4,4
0133062632927176,12
902be3504cde128b,3
7dbe56ba337a0c22,4
0dcf88a499900b45,12
7cd6e3c66680a35c,3
fa889c888353c49f,3
165506d0fa155ba4,5
1e0f0647bbcfba6f,12
e0fcf8017d1df882,11
8f192b398440b09e,3
ae46d083547aa993,6
3493ddc90fca7326,7
cb4d5a0646cdf0f1,3
7b27fbb760db2cca,12
eb378a2d492d66fe,7
d8d831a3a98d892b,8
99c4b1bf36904f1c,3
8a75a0b86584d1d9,7
3a5d6b5d13f53170,12
00146b8f0ff3e7ac,3
4012e83e2e620e55,3
8fbd3fb55430c0c7,3
fc9c845ae8e3b74c,6
dc269539c754daee,4
2a1886482a7f919f,12
9aea4c749693b115,1
4b06270b0482ade8,12
ade1fb9fbb5b5133,6
58b59242dabcc1d6,3
5cffced24c0ca215,8
364fe2af34a0e2de,3
deb04b4b318e3895,6
b7917aa362aef08e,1
93676be9aafe2383,7
7535b044d436d7c3,6
0ab708bdf271f4da,12
8da50a524ba17a7f,12
0084613606ddcb88,4
07b619575a683726,3
07319b1dbe914a5b,0
b58c039bd6be7fe3,12
cc8f2b8e1dbbe825,3
b37abb86cd35b0a2,12
d0c1a290fa046cbf,11
ee3ce3fa74d8302c,12
dbcc65734270c026,6
b9f5c559a47f0e3b,6
d8cd7ad25eac2eff,3
874b6a4207ad2d78,12
1db8bc7008b74ef9,3
3da65b449b2fc52b,3
54e5c1d6cae277fa,12
e18e72b1aedd2c06,3
aca51cd259b860d0,12
b6fec3991640b202,4
6a60252fd53b2e96,3
35e39583c21c175d,7
e99d78371762a829,2
f65f71c541720662,3
e42ab72b78da6538,12
0f5efbc339b8e7d5,4
8d13087f60295981,6
bda8c01fedb5c89f,7
e053a1ce92586281,5
57db41346251f1c7,5
22e71921232bc8d6,7
638756442938ddbb,3
93d365899ffc6c31,3
d19fa837da8a3857,3
fb5769e3e096dfa9,3
d8982d32e3cb36a5,12
fc8c77d5f3625582,3
62529ccb5455c563,3
4071bb63943a6f7e,4
916942d25ee8f6f2,4
bb6cb7fd65488bbb,0
97551f03f2ae9b8c,12
02a6cc7c1dbf9583,3
669b1eb349069ad3,6
0a9c686fb3ca4884,4
4da16c18e957e0e7,4
e4d74b2818a39416,3
06ecadb33da22b5f,3
17bdc7378e45aec1,9
3e5ecabcfefe72f2,5
0320c3ec2c784070,10
fa233347a47854ce,3
0a16dcf84df2dd55,12
62d6c7e517fee07b,3
6cdd49da17726165,12
ec9f17dddede52be,4
6fc75c7bcf54e8dd,6
efe9b123ae4e1ec4,6
a9a2d2cc34daf944,3
deb8103aa999b04b,12
8c319589099f6d01,10
0b043541756aebb9,12
da11775f0b57ae55,12
5afee099c288fdb8,12
b4f44aaf7a164d66,3
58f7b7f7d9b741a7,7
96694495e64d7817,12
3c4bb9e39f368f6e,7
4352453b9dbea6ef,3
b9fe6608a5559493,3
832aa0ee2537057a,3
819032e6e1a74694,12
862d5b87181e2e0b,3
ec69610ca32ed9bc,12
8f4661a95e4960e2,4
b644bfdf9fb53b34,12
9d54b320e121611a,11
ee1897485209b13e,7
7be1fec4188be56b,7
ec0a913311559387,13
a5c20c8e028a0814,11
b59e2ca50f669161,12
9e9b55d608f63b89,3
04f2e56493aef669,12
e60f49a68403419e,4
afc787b41e8fce65,6
aba3ee9dd8b1faeb,10
080f7740d410f9e5,3
a5ed5cba8dec39f0,3
5182abe402ba60e8,12
6a53884f147736bd,12
33bfd02e19f156b8,11
58d50714926049c7,12
dbbbbd1ef5e0b01e,11
c5c447f54f7f4cb5,12
b6e991278c610dca,6
01da9475eadfcd91,6
45e5afd2805924a4,12
ec68697845d0e2b3,6
c22095c63d218144,12
b5f2afa60e663e27,8
9bca0a6360c6cc55,4
0a88f6376118fb8e,4
01c5dc46a982fe2c,11
2c79cd7fad1676a4,14
7f1f86a53b5dee2d,2
6b3fb750251c1212,3
35791adff670525b,12
eed2090c68756049,5
898922c1830b8e3d,12
1c373fcbbd940174,12
302d807cc211f727,12
42f75ff18dafe5a7,5
29cc6581e845b45d,4
96c364f083da49f6,4
a2f8f1c977f6e7fa,12
bbe898ad8efe544c,12
99f59678685853af,12
f369ea18699513c0,3
eeabcce8032c779b,4
a372390532d96c40,3
97af0efa11c629c4,5
e76104df0aac7b1f,4
e285a623443b105c,12
93ad9b1681fbaed5,6
cbbc611106632602,4
0507b5e89be06ee2,12
6bbfc877d1601e65,1
d979e9627b4c248e,7
391ce2faf6c40783,5
15f90fe0e68df06a,8
19000c33ac80f582,3
31297d44384ebf7a,8
2b8a286915505f95,12
88159a48a660f373,6
25ddece47148e39a,3
c9bcd72e716160d2,3
a3048f7ebea8a9be,7
e02a6ec6f60739ab,3
509df40ab0f0a96e,3
7fb507746e1e08a9,3
ec8a98f5343ce1dd,8
ccf2f726dd3637d2,5
a07eb06f6eace60a,8
7a6a979f0f53d577,12
348e2571550afac5,3
45a9d225fd41eb97,3
ee2d87c9b788f713,1
c591c0ede01e855f,12
18eb8add0b512de2,5
4fd466b9e1aef8e7,4
0fd40b5a30b18dcc,4
6eb3629eb9cc68eb,1
6ed8053a7b2f0d31,4
67777f0cf7fb535d,6
bd098d1061333a8d,3
bb6a3918c99a0881,4
3c27fa4381521503,3
7985ce26e542b302,5
8cf56d1d4c39395f,12
38cf3e85f54f6de6,12
6b0d1612ae9dec57,12
bb3c62a2708e1bee,12
886d99107dac9581,13
ce92e3136ddbc859,5
a3959d81570a7188,4
6cc78a9f31ec9fb6,3
3ce7cafccf4401f9,1
019473dc6cd64f2b,12
60298f6dc200cba4,3
b489731fc223f2b5,3
85f1a2c2eba3033e,3
613e76e48e4febed,12
5bcbb06889846a96,3
6abf93dd8072316c,5
adf5aa216fd55cc6,13
3dc934e5da98bf78,6
b7624ecd90c23c33,6
1aefc4f0757659d3,3
89464b2ad08b9d4a,12
c0eee81a6d93f16d,4
6bb976ea2fb16019,12
4f285da7992e5ad3,4
2c3fd9c198356691,9
499fd8b69a73bd2e,4
61ae88298d9042a2,12
9a7eb01e8f8b7acc,6
655c28a948c0136b,3
f93553953134aaa2,1
3aa1085e3e0c9ee6,12
734870bb512e9552,12
673a374dc5ecf5a3,8
2a70469d7c1e5302,14
2e0ccc29a7dc5296,3
6f60e69ad1acc7ba,4
881f36d757689ff1,3
45182bc07bb92704,5
6ded6fc11c6f3d42,4
ad69764e1b484535,11
f064f28feddcac45,10
ac4986f9cccccac6,6
53bbdb6d3c69bade,6
e0cf1da5195328a6,3
b2bb76a9d08a2aec,12
7ca2f6d2a0bbae9c,12
7046bd5cedf92a69,3
bff36e550a730122,12
9164a45adc4f0a67,3
610d292fd1302d83,10
926b20d843101070,12
075ae32b027cb01e,4
9f3cada3a1ed1169,3
55643d96a6a83a35,3
0700847a43fdb8bc,12
2bd561f2d9038df1,8
03048c42483bb9af,7
0565cd1ec7439164,5
1e7f8d3cd6a16f92,12
588f39c8a58db63d,3
3fc93d8812de513a,5
c8224c98b1fe8291,1
7daa72457cb92b3c,4
38d0ff5fd48def18,3
39897f947658fc7b,4
85a89b12b4dc36a4,6
194295de60390474,12
eb86a8292f1c1c9d,3
ffc1f7666614ba27,10
b77c3eae6ac1cf24,12
d0a73bdc98c915d5,12
f96e25b6abe161c4,3
9372d91f89c822cf,12
efdd65b2bce9807b,4
f1394b763693597c,3
1dc8805f5bdbf7d1,12
3d2c9f12b9f303fa,6
25b7eaba6179d1eb,11
59827a23a9c10535,3
7661379451e4a499,12
282d44b44e9ecf1d,3
ac6646abe5c74563,12
7f15114620491293,3
fff529213dc1375c,3
5a2df7cc09ea3c6a,12
245cba5c809b7e6f,3
98aafa5778847205,3
88ed4833b43a64dd,5
6988685b8f974f7f,12
5e684e51efc9f9bc,12
34b9b9e9b58a7dc4,3
d4b29d8af0055a17,12
a3e23ce7a2af3310,6
88c8922f1fbf8f40,7
a7fc0f02aba20c48,6
856f111e160ba91b,12
bf3b2b22e6fe66c4,12
dab4899e53e47c14,4
0f9843e1637f0d48,5
03db96fd56577a63,6
049c8e6c832cdbb3,6
b2cc2e6735f5269f,12
b0399c614525a9cf,12
81ca0ea730e7a606,3
e891db5ed70e1df0,12
7d272de74c202751,3
eba4c41acdbe51d4,5
a8ea6de8aa16fd55,3
97b0c5d7a42ef4e2,6
345e218f1a88bc9d,5
fa3e9dc965b17411,12
7f3d832b1b95f08e,12
b23cd6bfc4e2a1ea,3
1622551fdbb5d8e5,8
8d2fdc784549e3c6,7
1cf81ee6216fe609,11
441caaf0736b7608,12
a0e751c7ac476bd6,12
a2bd882493329918,3
efce6ad2063c8a7a,12
221f990332cac7bc,3
e0ece2e13162b1a2,7
de1a41ac69c5747c,6
a4b111a37b917d4f,5
a0c3c2a1a25bcbe5,4
dd623e07f8761193,3
6bb1a0753fad8c9d,3
e645a596ba489ccd,7
457036068b700793,6
b571b2e22a50eb5b,3
f20a4c0a00306c2d,4
ba047359a0dcf6fb,12
18021af3034898d7,10
a5883212c7be629a,4
e8e905dbf0456af5,4
908504aaca303f74,12
e883be3e8f48340d,3
17a4d214aa6c7bdf,4
f0e336b0db56f728,1
dc6d312a9b4e0452,5
508d803eedfd98ec,4
7fa81d18d9d709cd,5
9d11220fbbfe93c3,3
d99ac099e036c0ae,12
d65fcf04673fe3e2,12
623f8d81c7745745,9
73d0502a3d4bf2b3,12
8f55702b40ca8fc3,12
b63f2331c0cd7a3a,3
047f876d8fabba4d,4
0bcc85a87485a3b5,12
2433803b32f1f63e,3
6f1f9dc4a26680e5,3
37d76e944a2efa65,12
edc578cc4262edd6,5
866f2edecd63ca10,12
0e498af547b531e2,4
e6e783bd94a803eb,12
accab34532318c7a,12
1d758210a0da2d37,12
a1d5f75380317225,12
bb4b365ee839f47e,8
de94c929a3139a3e,3
c1a3131e33ac01be,3
c70d7f0e264765a6,3
8026af6a51647d21,12
2972c625ecdb4061,3
2fc1823033dea100,12
a43a0ad2868b340b,12
3e1b769bbfe037be,5
ec343d9b6bb17611,6
18ab9e70e2efe2e8,12
9674f04ece063e13,4
be1d4fff9b72091f,3
301e4adac08aa2e4,12
fcf435c2f11cd8e0,3
4666086f4dd64e63,5
fa0b9a41bb8dc594,12
8dee72b3447ad944,5
9c7f51ebc6978c35,3
82e3de313fda15ed,4
38fcec6f5799aed6,12
1e802cfbc2046099,5
6ef2918c033f1d07,12
1e3e0135a614da85,3
3b90de51105c381a,3
7fe7a79adacb42de,10
ae1589de5e63766e,8
003fd85b7b841871,3
4b1e0936dd6e59af,0
a863aafe14b548bf,12
07b5d9b57d2d3c09,4
906ce73ad9bdadd1,3
5c64f14e546f3ddf,6
1b32090feae30c78,12
c326d229b133d2b9,8
4c93f7bc6e4d21b4,12
03b61a37a6889490,3
67c472f1a78a97d2,12
74c578119e9ace1e,3
847cad39dd1ae0ab,3
1ec455b6ed8d7ac6,12
c0856173490be40e,12
7e4c40da32ec40fb,11
2d3903eb6fc855e9,6
55fa8b0c7128c79d,5
e14ce58bd4009cae,1
45e7bc4abb1bdd75,5
b29c9eb9a71eb049,12
cab3892aa87a8fb8,12
bfc913e2d3e3b627,12
6b47dbcf7fb69cec,11
ef94d1e253b3000e,12
2d9893148132259e,3
28eb61e8dbf7457d,12
8439fadadf5516fc,4
50867719e62eba28,11
1c16fae763a79acb,12
61783cd3ed8d21b6,3
f363d80155941d87,12
2f7a0a1a7ab1d8cf,3
c74b624efc4a122b,3
355d8663166aebd4,12
c6b388309e8ff7ab,12
ec17f3f75e9f6532,3
3ba940253604a247,7
e26a81d97dcab7e0,11
a754424fb9599852,6
cb828ad2dcae9313,10
718167e6379f60ed,12
1d206c74595db8d2,12
72953ee11d2d656c,3
379ba28ef98014d9,6
ee336aa71ac54a57,3
81d4ef680e421559,4
8491d205a501f35d,5
e32e8c375c490025,8
9c6e955f27bda7e1,3
8da009b1343c39ad,12
b170c21a77c409ef,4
40cb9ecb915a51cb,2
9a08277f584dd35f,3
2ccc5bd33ebf43c4,13
10ef8a5303d29045,3
47507c2ad0c43a6c,4
24229784af535a7e,12
f1b0c3bb7688e191,4
dbf264523de504b3,3
84ec0f042b43e1d9,6
717238e277e00f89,12
b27b12f8a886631d,3
2671db64dc867a67,5
cbeb70dbae00c036,4
2f5fbf97e0226f41,12
1ab9e54efbd530f3,9
bc50d42824b1f6d9,3
da5be5df6665e1e2,4
d383de2e029d93d4,3
fd279a4004f6c1d6,4
84680926d26cb9fb,3
a46e2a0153a8e9a7,12
827ab5ec48ed0d13,5
7b6689399bcc2dc4,3
bbafca1331707bd4,4
908552c4907a24a3,12
9d9beda2d7435027,7
4ea933398f0f6811,3
1a44f9557056bf79,1
cccbaf24315e49b7,12
8ba6d02513a097db,4
d114446c0224adf3,3
e6a1ebb38bf0aaf0,3
2bac38d99c47073d,4
3e2853ac94ddc453,6
f164833e78bb39d4,8
faa59d3feb5ff8ab,7
512fc39a140ea9a0,8
0e2329004a8870c6,4
cf7a03e962acb8c9,7
9282db070605bdc8,4
edf4b99a13724e50,5
ea96411b8bd917b9,12
2bd78f904ff41332,2
5e7f2b4f3074f9f3,12
80bd18c455d181a0,11
dcc0e5c0010c25b3,12
4ffee97a20ffda50,3
7f14becd8eaa8014,3
7bebea46c655a343,10
1a089b6f82197ad5,10
fe59f4e6bc365b2a,12
eac2d1ee49d163ce,5
0bd3631a8808b9e2,3
6e2b369fa0286b85,11
a78147e9615e7232,4
81b30b26439fc14c,12
c1ecca97275965d5,3
ea08c0eadf2c9137,8
b61611db8c4e82a9,6
2dfb78221ee6e31e,7
c2119184317752bf,12
161be1ea7b03a119,3
9569febc68259e2c,6
9a155db8b3e2bec6,4
7a7e7c24371da4b5,12
2b93dc1216182cb2,12
fc5efb78f4f1b3f4,6
e92a0d5098849a50,11
12ada5428ab71772,4
026ecd344f0e1e73,8
101d667890d08366,3
679d0daab425ca08,6
76fb3a7e477d6da9,12
bd34e878110f9392,12
836caa00e4764919,4
dc25b8f4dff44f4a,3
093e9ffc93eee4b5,3
7c3fdcbe5577539c,7
178a171e5b5c109c,12
ca608c2900896af7,6
4863bcfbff78de98,4
94a26ac810ee1158,12
18774d2ac788a894,3
8a0f3cbb9ffab4bf,3
97d02f5d530cda58,4
81fb35377a102115,11
df54ea16cd2fbd28,12
e9ae9218f6018c2f,3
62a7113fa82ff13d,4
6b207aec6d4f493f,6
d30010bd46607af4,11
b84586adb54284d3,12
0301ddf2ef307eb9,4
457e7426e7c8b1dd,7
61c7ba0bf350a846,8
13cda02ca1d9b924,12
1db7a97b7c1b514f,10
57d3c83f898657ba,3
e78e718e099da7f3,3
7e730dcf5baf6360,5
c9e481b385b405e3,3
dc1d5a2c7ae8ab98,3
d7d1a5ce2d99f993,12
e16d72ea35a326c7,12
9641ba5534279637,8
9b617270c99ff617,8
d81b6b0c5750c44a,3
fc38a153640bae54,4
c5527eeff19221bf,12
3ec73af8ea491c61,3
c794c5ed4ce64d2e,12
0eb1ee97a125e07e,3
5720ff1aa157095b,12
a65a25f2161f7370,3
81d04be53d9ae568,3
0c07ea3590608ee9,4
23fb9468fa4cab1c,12
fe030577653b6198,9
6a91c0f23a48974a,1
c27275f191276e3e,9
d513838afcaaa73b,3
5eeb0040f743d92b,12
248f6312bd36eb72,1
146a4478b7e38116,8
1f20050eaba89829,3
e0858bcd12f1f3c4,11
60cebb804f3226d1,3
b3671b1ba4b34b99,7
d127c7d1e26187bf,4
a139535a6fcf2bef,4
c08bd8339df16d00,12
20e43370e8ec2633,7
067e82206352b845,5
d0097e0c8b617ea7,8
a92f8403d8345cbe,13
f4caeb529b39fdae,3
4617af96cc6f4052,12
d407973d653edfe1,14
1bde8dce7cd34236,3
2f3e6664192c77a0,1
cc4321883e16650a,3
c24ae71e49792d83,3
fbafb4d53b16288b,3
542903174bc988c2,3
4409b430eaf36fce,12
3932dd5edbe94362,3
73d4331a6f48aba1,11
18d63932cf154311,6
535fc015ba523041,6
ee083e1f50feeec5,8
99664d3eba5fa850,5
006b1733ee324d9b,1
6d0b35f8d914a1f6,10
0e2cb2f1e47e9b4e,3
65fb4272d40acfdd,4
2431fe178057f9a6,6
f45f8df32a1296af,12
de63adedeaea38d7,12
12dc604da210d1b1,3
857195cdcbd67df6,5
3c4dade7f9308d24,3
2476a569d5b348db,12
76f8aaf44e06a466,11
93b050d38903043a,1
e3e36f8558103954,12
e967cb62f697bf48,12
6a4649aa6918f763,1
0e54a374c8298c91,3
3f7e99f3655a0707,10
36d26b0afb3b3428,12
059dde1b7245b98f,7
a566ae0162b4e707,11
17a0d37dcf11d4f9,8
242809dc6c9a6a6f,12
f31f5ff25c3d461a,12
2c9008679ec2a987,5
b3ccc73b4927cb21,12
f48950bdc4fe31aa,3
3c0b14d3343fe609,12
085f2104149a8eb2,6
8f4c706539fcf3fe,8
f921051d7bde0fe2,4
046463e0ef269ea1,3
7f04bfb82f57cc47,12
56e3f9e847ce169b,7
bf41b370789ec6af,6
042f833a9104985e,12
b86e97aeb0083460,6
defe05b9d725c7c0,6
3e038d93b10b848c,12
1fe78f29cd2f94f0,1
a6a616adb6c1aebe,12
1687308e2364b655,3
ba9b005235d77668,12
c501d8735a1b19f2,4
ad4277b8536098b2,12
35dcdf712bbb3393,3
b6be8814424a45f8,12
703e6d33aa1c5325,12
c3c6e222a5ddae11,11
b4b5c40fdf3f3fcf,3
48d93bffa2075283,6
1b5fbe92cc998721,12
32bfbf9e00139cd4,12
98b800a44aff1baa,8
364557a652286958,10
e2610e6a1db80cd9,3
4d3b4836b3d3fe20,4
00728d0fb88e5734,3
d1cc1af0b4b7a3aa,7
e3d08d6560e77457,3
ae179eb8bfd74725,6
f930e7d76545b1f2,9
b8320e9d77b3d051,12
47af1fb8f553492a,12
d03b97c33aa3f638,3
cdf8ab1a9291a9ac,11
792071518788b7af,5
516e1e61ed0e6255,4
f75eb30c0c7e8259,3
ce446845de3db678,3
cd66bd877e757f93,5
fa730ecf7a1b848a,8
ea0efbd6469604fe,3
5e433ea5f6ae9bc9,4
6c264a87bb083e60,3
0e6a54ae531a6804,12
85a0ab9a9b5f53d6,3
5eb20897a97915e3,3
fc23b295213f14ab,10
83050eae52199e39,3
ce7f929fdf763ebe,5
e98e6cf113f048b1,4
c953b8dee9636232,3
9c8a545ff211a01f,7
91e0239b3af5339f,12
950b411e47b6426a,5
f7d51368cc8af7c8,3
a75458ce6e9175c2,4
7d48d5f62900a178,12
2e8f299c38855f8b,3
683e0e3beca2cf35,3
979da441db39b3bd,11
fa1dc47cc3088340,3
a8445a5e9fc11d39,9
6d2293955a428793,7
1b665e70fc51ba38,3
2d416070c245c211,3
94a92941f3235532,6
51dd8dc31a156957,12
a274c1d025f27d69,3
75d4fd34d92efc50,3
e8c194821b272d46,12
9af031d37192a024,4
530f677b4ac58986,3
e2b2fce69b681515,6
9ce7781c37fffb19,5
8572e2031db33db5,8
34280afa929aea60,4
887d33311e9698b8,12
0dacd82f5dc98acb,6
bcdca5a017a7846f,3
66c24ab7960ec2ce,12
fd8cd48b8eebed37,13
5c1790171393f580,3
a2846ef274b4a6ca,12
2ea67e10ddd7411e,3
7562b6bf5451dbd9,3
68526f4e5f653272,11
eb5ef3051552fc81,5
5204f0196ebbd13b,12
460c53a3e5971e97,7
14af18dbcd8dc887,12
15bfb12d43094370,3
e8b4be9f3e36b8b0,13
bcbf0a2b177fcdcc,4
9542d9b99c1e18b5,4
6b5131c73ff393ce,6
fd951bdf6992369c,3
9a0a8ffae92aa243,3
f91efa4c8c5a4567,6
bf8ddfd91c8853dc,12
ad13dd5bf804e59b,12
fb22884dffefdcd5,12
f5a97f009cb54279,3
7e6ce4d0cfe44acd,6
b235971f2e9ee033,11
6cd4374f796bcd91,11
f06f133570be836f,8
d25099800ec4cf5d,13
06b701a39049d40e,3
ef7b3950d5eccaf4,4
e990a33c676399ff,6
aa66707210f063b4,13
16075c4b0f4a83b9,12
e8befa7e7138e951,4
897f480765ef1545,3
72ab980d7cbd52f1,3
83a03344630259ec,7
8ff3b144c4fe6a04,3
280df3190ea1196a,6
4515d5321388f37e,10
1dc8a6d107390313,12
833b85add35f977c,12
fa03a61328e262b8,3
34dd83b83ca88ecc,12
a9cef640dd2a53d1,6
c44850a6491d099c,4
293ea327c9092eaf,12
37e77d01bb96b1dc,11
0bfe054dfefd5cc4,4
47f616f2769ac235,11
33594ca2e581279f,12
b8c064144c443801,5
0fa9c4f0053fd760,14
66e66d2331497093,6
380160cb3b45e09b,5
096ef2a28e328b6c,5
8728f46b41d7fa83,7
b53184310e51461c,11
2b725f2cfc543adc,3
2e865feac5aad165,7
67f80badd3d4b470,5
d445765b607fb9bb,4
72ced1e62fe1016a,3
0ba9b6626ea48f05,5
78bb25399361dd59,6
92195bd5ba846456,6
1f532db9c3ded1c0,3
5d32000af545cb4d,12
79376db9fbf0c9ce,12
d9e93f265722353f,1
15cf36c74a7aae8c,12
20d85fe9e3db8aa6,3
62de80a52aa5ac4a,3
eec6d0f0f5412c92,6
a953db5ecc8018a6,4
9db23e95e17c94ec,10
b2c1208adcc86f97,3
01612e619102c19f,14
f7d8524abf6026a5,1
c67711f8d71c6504,12
34eaf9aaf4ca8a7e,3
5651ee5cc6f5b92b,4
a41dcda9a2893fda,12
4bfdb250c09b4030,7
f9ad8f1326af6d7a,3
dc419cafc59764fa,12
081a82806ffeec4e,8
377771709df4928d,3
59ad09fff55fd124,5
5563d69004822f65,3
4ecb3cdd767066b5,12
6c182e3229c3a24e,12
1f6a44ca802008b3,3
102a390eb5e1274a,6
8c501f14a015b9c0,4
3cdcc8424d5ee5e7,7
96bf1c89b38dbfa4,6
1ef2d38e21ad0a8e,3
0fb1b550b515a52c,6
f24425ff00d12408,4
7cfd62dba8d0254c,12
ca454e89c14c4c15,4
5f4e5e69d8c043fb,3
265a0c45329c12b0,6
ed81a44ede90787a,9
7ab3349d1882c5ad,12
f25fd27fbb4a809c,4
a98112da61576994,5
57c2c5257a720a00,5
0f259cea43249d92,3
468b70f5a5b96516,12
c76eb7f3d197ba3b,6
7abb72f8b92220bf,7
7fc6d14e7e01dec4,3
c70c3155261d62cd,3
a6cdde9b3f282cd5,3
b07ac710cae3dba8,12
b6f836189bb24bbd,3
ecf2d8a3989d0db6,12
54fef3653d18959d,8
e6bd232972fc3184,12
1d081df09b5bd932,3
04f0d2c2f0f8eba4,10
42ea5ae1293f0075,4
827986f3752ed76c,3
d6511b0dc5463ab4,3
3016bad0bddf2d38,12
77188b19b5368eee,11
7eeb711abb1b12ed,5
42a0b1815bef3edc,3
15c360199253921d,12
818b29b1dffa2aff,3
0cdd81a32d40ba50,3
1dddb80ed6644946,6
7205be65d083ca68,12
b2c9ce7b45325134,6
8eda7b2d03b30d3b,12
b1b437bd0659b747,6
2e425e0b16428761,12
f4d90ff5eb956e9b,7
cb0373c591fbe0ca,3
253297e40f7724de,3
d83f01f2c1b6bd42,8
96ef00680c32c6f3,12
18aa47c4e889e7ef,6
6651d6123ca747ed,3
99590a0f48f05eb8,6
5229dfb11ac539ee,6
7704b2aa5b7e0e0f,6
151350e4000efa6d,4
493bef39de66c840,6
ac8bf0cb9dd03c2e,12
5e9bf0ed0d45e783,4
0b7ea3d54a5b61d9,12
fde0fd93c10f8bee,3
8e2c6b493abfdb30,3
94d877ec3da64c81,12
1078893d01a5fa1b,5
37929110f056dd94,3
4534feb3b9beafc4,7
5f05f88323dde4d2,3
2b945b92a0947928,4
c539330e2d79147d,12
db8c8ab353d31c0e,4
cba62305f82c60bc,6
00640a57f8ed5b2a,7
0c197cf03d12afa4,5
ffd53cf0018f509e,12
a98624735bfc7285,11
d4823f91c03625ed,11
95ce1c8a5cc056b1,12
20dd4260d3ece0c6,6
4421192edf084843,12
b8de9e3c3ff0e9e8,12
8d803d8c04318345,12
4909c01091d55b38,3
313bb0426c334157,4
0053e41218ef1025,12
590f91e0c4b276b5,12
700926e24fd31acb,3
6572dd1e714d04fd,5
2ca77a5f462ee08f,3
4c4c83a89e2fa411,12
7916edad7e7068a4,12
fd1f61e0d664ac6a,6
c1521072af452ca3,10
f7b06e1e2a0b1c4c,3
9527e5975df37137,10
cbf552c624cebdcc,3
d917116a13d24e4a,3
446f25b0343174b2,12
60b60f107455acbf,6
620369fa1dbb09e8,3
484e6d5d949c0e85,12
8832bec916a9a844,3
c9535cdf8d18687a,5
44de48f504240ad1,3
bed3a339b13402de,3
5a0083ff5c9007ba,7
7416a9ae518bc29c,5
90098d64d02b3257,12
637d5f2e72662aa0,3
01ca42992a00c02c,3
43a9383a58055159,12
4b4ff75939a8f6dc,9
1d1f6525293f1f6b,12
136c99e4b43c88f9,12
02c3f3b5066fb8b8,8
5c6fcda4fa93ee5d,3
15d7aa6b4edea57e,12
0fc21978452c5715,4
073faea363b0374b,12
8ddea4ab43c22904,11
472c34f5e052573a,7
8b025790ccf01888,4
6266748fb96caa5d,12
30b700520e435fab,8
f73848f0691252a2,10
4e4aab391c265bae,11
f399ac1d74ed8f06,3
98682766f0a2b3b1,12
f5981f3c35bf5ae5,8
51c775d3138af10a,4
056703a75f33b5c1,3
7d018736528a6faf,4
da55af52f43ce949,10
285262c5b4ea77ed,6
b3fc0ef201e2c65e,12
a4c841d5bcfd50dd,2
1e3a5fcd86628b09,3
5c258d1f6b1e3e73,12
a9d9dd5f3a7ca39b,3
5bc79c0462ab6dfb,0
57342442a9a7f5bd,3
5354052d5f39b858,12
b8eb194e602aa04e,6
73dfebde00dcbe65,3
67c4208a169ce056,6
b4afa196170a1ef9,12
23e41e66af6e5642,5
066bb3f9d313d68e,12
992346590de8e332,4
0f019747ac8d8e8f,8
66eca2d2b766ea18,12
6828b92cf5b5e0e7,12
69e75bbe3e38cf8b,12
c117f37e5ab9a662,12
76adc8dc8de21385,3
8643c5aaba6ee10f,3
2221ec476c45e804,12
9e344bfadb726c2c,3
cbf360a5da2b8105,7
33558f5a599ff422,3
8d45e892c3d0f96a,7
63846e78158d8450,3
33bef540461c9b39,12
ef3c4a727089eb04,12
d743f60d27cfd454,12
3d61c8df4b832a9e,9
3d40473126a7607a,12
e869ea8ddb5cdfc0,5
6848830588a9ad07,4
3780b5d3f83b0540,12
959f3793e9a5b603,12
d2d886d3c477aa45,4
a99bb738c7c98da9,12
6786686f2beab8a3,6
3c26f4b781a07fe3,6
e6efedfb606d43cc,4
9e0a522cef2c38ad,12
b34776d3a3084a18,9
2f6f8f77c834f453,12
59a3dfcb09d35d48,6
21fc6c39a60f5ee3,5
b0a59ff1ee36db15,12
c9d45ef613b4054a,3
db515a7d14865408,3
7f186991da24d610,10
9ce5f28243f348f0,3
c79f6f6f2a872b65,12
ed9def5078a91989,4
bf10608f38078a05,3
3fe11d93475c4032,9
d28d88497f1fd171,3
f6cd58a55712e17c,4
a19677bd51405601,12
adbabf84dae7aa78,12
3d32cba009cb6dc1,8
14760b3366e078af,12
5822584e2286689b,3
a247e9f832fc9859,4
0fb709f6ac59dd0f,3
5029e735927e06b5,3
98d8f3ce16e15cdc,12
059dcaf9b423dcf6,3
8eecb8f0e34869ce,11
1d3d66df5ad24664,6
c4741855d9479fd2,3
d5427adae50f8e14,3
ee4615fa620ef162,7
212c88af3e179d4d,12
fe103c66ea80999e,5
b99bc27417d0bb84,12
726ccb4bcb3743d7,12
75f0be534f3b3745,8
ae7be76f29a52854,4
05b4247e77e9640a,5
74f33c958110fc91,3
468c44d53d921348,3
60ea2e23845c6aee,12
7c59bada86ee03df,12
241db91134901661,12
7aa3c2fe19ef4279,12
5218b372d23afb41,7
d1c48e5f95cbaa32,12
978df13befabe322,12
ccc8105a88232b6c,12
7d0d2e3cd9e906c6,12
9bcd4759e6ad4f27,3
35b8a8a94375561b,6
2624b91ae8cccd9b,5
4745bdada7d739b1,12
b5d797f2f24212a6,5
29eaf8b0a7f4354c,10
54d61d813252d8eb,6
e928e21009864bfc,12
22e62cabff2994ac,3
0e9be9fac6eedf26,6
964cc25934051631,4
cc587d39840d7d48,7
005bd7e659f1c5c7,12
02238c831d88f6bb,3
e581eb03849689af,8
aef448415b209538,12
3b525893b06ada78,8
7f7cc1bcb02aedea,7
1cabd8409b893d4f,3
44f471605639aef1,11
fa2a9d1201047e2e,3
8f71a97abc962a7a,6
30f45c1c9ce007c6,3
b13f26dd48bf0093,12
33c31fb395c9308f,3
7c6a0134fb907282,2
92977fb7a5f39eba,12
19ca313de88be450,12
953772a81c5a1588,2
1b01018cf5765682,14
d7bdcbf05c33b186,6
262d536e4e0c23ee,10
25dbba6d58bcc38a,1
2523e002c69642a6,3
ceaabbaab6a6f481,8
13742ff0e9eb89d2,7
c32c405d724da5e1,12
49b4681d4db46cb7,9
7e47375fb3d1f9f6,12
16c54e95e12f86c8,8
702f7e66882277e9,8
c50d7c4c51af739f,1
2ca75dee345bc93d,3
7ee33134a1c64766,5
863c9ec57ea512ec,12
d89de8703e22ccc7,12
e927a2868132ae27,12
6a5652306721b6e3,6
dbae85d075a16d32,3
091714df0ca3d2c0,12
1b96e8a939e0e33d,9
c2b5bfab34ae443e,5
aeb863ab977aa249,1
37cc1afbd1f7f403,7
632d1d15f916d28d,8
3908c315b6afdb4e,6
f2246cde52b7a086,3
5ba9e3ca5acfb56e,1
f8418d3d1a340414,13
529de73438c2c9f7,3
9da25cb54e8558c0,3
aff951279c28cbb3,4
4baf5877e71400a9,5
b68f791692937300,4
83c017b2ff70285b,12
3b1d2dfff945dec3,3
838287b03167fde2,11
b4f153620e1e7a1f,3
1d99b06678c95436,3
196f6532155cfe51,12
704ada1d52beb8b0,11
32cbad21ee1e2100,7
5a29466c9001facf,2
68c6920b8f17d3fc,11
539aec1f8ff73859,6
c0be11933a825cbe,13
80e5c403e5001948,7
15a0653f83bdcab0,12
e3129b69d0b7fc5e,3
6a820b595e0a4862,7
a5798c5f6f41d8c8,3
4699ac6b3abbe7d2,5
a35790687b715171,5
3bbba07149e8dd95,3
266403f7a0d8d1cc,12
6b9558e3bb875e63,3
a278962a0586339a,12
bb9e71e4f626a477,4
cd599f7341680dce,1
f4dfe33bc020c77d,3
052c27c3d8688580,6
cb9255f603664ec2,3
9c5fef0b03838781,6
ef6c69b32a214238,12
58e5c6cb42fe5676,7
886e3bd8f3f43814,6
50b84d4aca26f2d8,4
10618e005b4e150b,6
4d303b01f617afd9,3
5b2349ab2cea5a74,6
b062f065dd93a7d5,7
91dbaf9ffbe8b590,3
81d3e10e4572894c,3
36d78747bfaa68e2,11
9488a05a79841667,11
7423bee1ebfba9d1,5
1d5929d0179929a8,4
e61a6ff93aa7042e,3
38234ed50925efd2,12
1212a88dc289a037,3
8b9f7b6cc865a28a,12
96dc549dfc4cef64,12
7955c501e663a127,12
7de88ef0f0a42122,5
3d33cd4b0a628920,4
5893291892d30724,11
76836d448854627d,12
332e55d05be703e6,3
4cb3b4b92e04db65,10
08d26abfe664a23f,6
7820d858959af948,5
ebf8bfd00c3f12a8,12
6dc8572b4cd32cb6,12
e332e2c0b3760eb2,0
9e612ab55596bf31,3
add784878adaebbd,12
91c687a2a5d2a6ad,12
d18022dc879654e1,7
c5984aaf3626b4ad,4
97e69f6932d05e8a,5
31e34c1620b579bb,7
011d5276cabb4d86,5
50ab2372b40bfcd6,14
593ed16ad80b8512,11
527ea593664093dc,12
d246b15cfce0bc42,6
8b9e18c7f95778c5,3
3f67d77420fa14da,1
7a4276c759579652,3
920f38d1d39acf90,11
4818d96b4fd1ff7a,3
bf14c53a5dc66bc6,3
6a02955a84bc1ec7,9
4ad02215029cdff0,3
23b69572ad6798a9,12
318eb2bb0f4dac00,5
70d71cbf757c2d9d,8
74fa03f3d3e2f987,10
402d7767ee928d9d,10
ad900bfeda235668,12
9d8147b0498984ff,5
399fd8cce63c2f7d,6
ca2f33b2da82883c,4
1e856dc1efe4fa7c,12
7fed669ac59707e2,3
dc477de9d26cee4d,5
306c45b602fdf14c,6
f982722c23e05308,7
c084da8bf5247070,13
2bdf78d5313f2dca,11
bee11c7b0d18d576,12
f3535a0d19d62f61,5
af34c3e4cd4f06d2,4
13f13f45db62c982,12
13642a7aa1b3c06c,5
c6421d744555fde8,12
6e6cccccd80b0e0e,6
a407c8e0d8ae809f,5
2fc84c399f4a9441,3
3432e7c1636f23e3,11
e8f80a961ffe0f97,11
b1ef5dec86886f54,11
50ef4b9f8a81888d,4
4c9f2185029cb863,12
b67f4bd022d4a911,4
7fc1450da546fd24,10
2ccd04242bad4d5d,3
28fac3743c156722,3
da0275ca9e1f0b29,3
c92bf2352a088246,12
b94b12d569a673c0,4
17aa0015a4de3e42,12
f676f9a835942420,12
ece7f3c8620d4c46,3
21a904e04f2c6b2b,3
d4c259c1d6ffb7f3,12
d7568fc1645cb08e,13
6ae92d77df51c92e,12
890005d8aa3019b3,3
e40e7992a0d55610,3
04073d0f48e12978,3
bf83d1ab801838db,12
3cef2c6ecb4877eb,4
05047ae811217409,5
89e0962b7b8da319,6
536ad9f6dae735fc,3
a4335220f92665ae,7
e1c67d98ef8e88f7,3
e81ced5e3fd01b4c,12
605419177ac2ded5,12
eefe9ac8b555aa29,8
622415ff1baf9728,6
1ed1748e4f9fce93,3
91490043a3133147,3
94bcb4d1cf0bbdc0,6
deb5b8ac1b597b10,4
32ecbf54858e6b11,12
e329ef49e46b575a,12
ba2bd2795445769f,7
b7d2628085c5c8c5,12
e3b48c6e631aa50e,10
913cca0085089c8b,12
8d8293d654f28a87,12
ef8ee8c91ee1288a,1
3ebc7c524a2d3b11,4
2c04b1db35912224,3
9bdd5bea344769e5,12
d66875567f0141ec,12
0aaa2f85a6e57b77,6
9794e3c5b805c4b1,12
3cf7660e2f7f5364,6
51a352cd3a9a9f2a,6
66945abfda703fc6,10
56e354cb481cdc08,6
4a50af4d0763d10d,10
bfcdf12e0256fe2f,5
0a236086fa177751,11
bed035f9a8ab092f,3
6d230f15636b99e3,12
7a29e08fb5a190c4,12
c955a6e4b6d438da,12
38b84bb684f63883,12
da389eb7853786cc,12
50ec93c8f8a402ae,10
ad332f334437ffe6,12
6becd852f59458b2,4
a1a52fec9beff117,7
625242d42909f841,12
bdb5b3547848ff20,6
b56440dbf5fe0621,12
a63111b82556fd60,7
9b5b62041852e318,12
9fc60d5e6ff7854d,3
f408565ceca59943,14
475960168aaeeade,12
d471626bf94898ab,12
da15205436803959,3
a608ec33f24fdde2,5
55a833ef632f3022,3
8e899bdbd797f7b7,4
5c25875a9db7aa6e,6
43a751ad8aa12682,12
a06b87e14093c6a6,3
8dd9d8f186eaa92f,6
91264ef12bbc8406,12
195a834538139ee0,3
2c57ba98c7a7aca7,12
0528235dad398ef3,12
ab7a0e7ab5407274,5
6296a8f3cae9204c,11
0a37c4979d2b3b83,7
dee4744b991a097a,12
808220ed1e5ab940,5
182872d2ae215934,4
7a412b3b7f69e5a4,12
e4686ec6a25f1972,12
252e2b0c87193871,8
24bee31c339f7422,11
45af75a2a8762260,4
4906e42a24555800,5
e739bb05253fbef3,4
7b28f1157478760e,3
f178ee8f952f6dc7,10
2bdeb91a5809e838,12
74d415e1647e45fd,7
7c22a0a5224238ff,12
b8e981c89a810036,14
59dcc3203c464003,5
a2dc367fddc4a6e2,4
d260e3af9867e6ea,12
cc2b59fe9dc6ff18,3
70ff5a25b2fedd04,12
b9ebab9c848f99f7,7
903a5a9c8fb794cc,11
fb778d7bf543b6a8,12
a7c1acbdb9fe9f9b,12
9380146a95a70513,7
536946a7e610cf71,8
3ac7033f5902b553,4
7e1c47d0dcb47cb1,11
262f1a34e1485780,3
37c398fe56bda7e2,12
2e2ade3b649d20a1,4
b943e6942b9fa65a,3
34597ea4ff98f9f9,4
ee8cb503ca6b2eb0,7
eccbf2d969d8b4b0,6
d3b0654747b48be0,12
65ece8009a95e84f,8
fee62f142f69309f,10
7165ea19924f411e,12
31a315239c1f3544,6
9159b5685b582747,3
37cf1e0a42156161,12
11396bc89e071010,4
f754a4127b747d01,12
da5d30131e6b8162,3
d51154d8eafa7c08,12
7e338b932e4930e1,4
0eb7b3a1a06fa0aa,12
84677a953dae9238,7
4525718f5cdf1755,3
fa83113685c26554,12
524a54ec93ce06f4,11
e017daa044bb7609,3
758612a47f93832d,6
a69eefa5adc210c2,4
4fd9de0ea2b709a7,4
a9cc1fe678574208,3
b0f50c2aff7b255d,6
28a444002e1e9495,7
5eba3f79cb834210,12
71cd1db1f5e6f2e6,4
2dd31a9dc542195a,13
74c4b81ab6d6bc2d,7
bf638a04946f9b14,3
111283f566df9bf2,4
fd69bbc962ebfe4c,7
9d54e1f1c282497a,3
a3adecf2030a3e90,12
108391b474f5ed8e,12
92603f659b9826ed,3
361d179099c3ace3,3
71f47fda2da3f5dc,3
04456d4f6af60f3a,4
1342d053717a1195,12
4b87283c51ac5781,11
443a88a38618cb07,5
a1caac9a46169f86,5
1181b5d07122c66c,12
dffbc264a016d1b4,12
cd7c1a404a235b54,12
5b7122b2a619ba95,3
a09ceaca0052c0c5,12
207443812d973218,7
bfb0d67703f4f6ce,4
5986fa5fb7f93a09,12
043149f078d825b3,12
bd84f6e476f173d2,11
5f25be1ed56a1860,3
ad4366bd073bb35a,4
cb7e67958796bd20,12
819f04da1510073d,10
87f5aca4973636d6,12
33c3c8627d7ac7fd,12
1f86c387b6badf31,5
7077e79066aacd13,7
65e58373b0b9c8ac,11
67cc6da08b4d4f29,6
cf02a658ec548a6e,3
68ba8c7f995ea245,10
a0c2c44e729eebf4,3
c97d3ce90ba7c87f,11
4598cc0d5eb7b4e7,6
1c8315fa29db009f,4
5847c7b24c639f38,6
39156e8d2b1ac071,1
06d9fb90093e33bf,4
9fb6a4ca05e9c408,12
4c700f242b94cf27,12
1ed8322914e93e4d,3
cdc1d562d86d9218,3
150d2532568c4cb9,12
b70407872e85006f,3
4ddfa58cf8aa7f9c,9
5e32522adad67a25,3
66d6cc870281d7cf,4
f418326b938e42cf,4
47a1920e84e25433,3
7de91e17d29988d0,3
e18405e8608caeb8,3
904233f5ea92ff3a,3
c4a0e22d6c14bc04,3
a5437e5a5f7753e5,1
82d77e8b5731b64b,12
19fdf551921acdec,1
f331a91f855a2e5c,11
2e77b16ee609661f,3
e2f721b1621c143a,5
4a0ffd68aa9272b3,6
21073203368bced4,3
e6ab763447aa608a,3
036712b92cf8cabb,11
ca95d9a84aeb9aa5,12
990fbe68b7351a8c,6
ffc62f666419e7ae,3
bbc4b13a2f7407f7,2
445b594e22444342,3
015b0420095e46b1,2
3687701f7e46e0df,5
be510e861dc85743,6
b7a77802ecd90bcc,12
967147a4028e1bf1,5
37f9d15d057aa29b,8
bdff57085e24a73a,12
6a546d0501f14dc0,12
89ff55f0be9b56d7,6
2a94bfb8a21682e1,7
58d10deb5f195798,3
e960a45f5948f967,3
4058f6fbd6e63809,3
b111873167e674b4,3
eb6efecc72e83c18,3
05a02dd4c79c71e6,12
bb0e4f9bbc3bab76,8
b9afcecdbaf1996a,10
aa99cb20d3962bbb,3
a81ecbb1cf3d8318,3
303be6a4145793bf,3
f485c4315dcdc0e0,12
0db2abfbb535684b,3
ac41143e67164fc6,12
cda9e6a319159241,12
24b8af1abbc2e476,3
ce7a756dfa791f8a,12
60dfdc8587ada33a,1
e4366b8878bbcad8,6
3a92305699c04ee2,5
ea2785c791b256d7,3
bd007bc0112fa03e,5
a2db859773c32a6e,11
41cdbe09677770d2,6
bd45f7bacb4395c2,12
0a78047fb1e4533f,3
9c689c8809a33019,12
c282116f7e2d2d14,3
d3bfecf9a87bd1dd,12
7e293abe71a2bad5,12
aeade01eeb17bc42,3
06cf27f6ab58736e,12
aeb283eb540f8470,6
48a09ae3cb367209,12
eee5de2448cbddfa,7
059b520e2869e06b,12
f8a038fded8b352f,7
3dc419d79daac979,12
43de138304881bdb,12
d5773d51b5ab2632,7
ae5ddcbf58fe840d,3
ad6e9229bce17298,6
1e35b65a554e5c2d,7
2dd816040ff27462,5
6ea82e28d3836a22,12
54a0c4c717b34919,11
b5976047f3c7dfeb,3
4117130720432d25,5
249daf5b80126668,11
55103d849d97ec1f,3
f90bd01c27e3f9fb,4
e332939687be480c,12
7555b8f9bd38b0be,12
ce6b11d4eaa9dff2,4
add465064e927959,4
944bf31af5191b58,7
1e07373100e8d86a,3
3c8cbf32e87a6b08,3
6025a1cfef2607b9,12
7ba63143154c534c,3
f5ca4fc277f3f487,5
ffb2ec24169d1814,9
04e589e86945f369,9
6809b825c0c92a2e,12
779fe46c2a2d1893,1
f30960d1d6a8b903,10
665509a2094cd87b,12
286bbc229cedded7,3
0db276be1c3fa36f,12
17344515e3f8b1b3,4
8b5e143dbe366b9d,0
d6a41dc5f0abce45,6
f0eca33dafa20e8a,3
da627bca714ec5be,6
1c7d192cc703acb3,4
dc0bc6b7c430f538,6
377cb06f0f498fa8,5
4a977ff177c49ede,7
559f4a416f284daf,7
b95e38708868633a,6
83f93805650bed6e,8
6d056b1e65e984e9,12
e81e3b0cda72f62f,3
da1d8954f5b10ce5,5
299722d9df51db5c,12
57b33ea576edf543,12
e2adda94e94df3f6,4
514aefb68ff0cea9,4
cbfb7fb092d0a198,3
49266142c60a7ceb,12
b63a5c08d5f6781e,7
cffddb339309380a,12
b69a54689576f379,11
972adc7eeb291a7a,12
d43ea6ed5221f732,10
83b7457baccb7806,6
b61d76193bce9efb,6
901acac2aa126d79,12
8f9e18685841e3f5,12
3e2d07356e9a83b5,3
2f467aaae8701538,3
745c5eeee1434305,6
3a0c62d5fca88dd5,8
3abe4135f003a16c,6
4477e08b43d1454b,12
324c9c9507193370,12
16b183a3627a165b,8
2f4cf2b7e4681a55,6
e66e0ca5db5bcaee,13
a6fac42e1c7f2584,1
8380585e685986c4,5
6ddaa377ffbda25d,0
c2e6359bc6471868,5
7f3f697cd897e6f1,6
9c6271aa14ba3c97,8
736efd81e55cf70a,12
d171957c96e067e6,4
966cef0202413c06,12
9410bec446883d95,3
e15b4ed928493de7,11
569bf8e5c54b0719,3
d75ce3929ee2ee1f,12
13600c9559510c8f,3
d55c893cbbc7ca6f,8
3ebf5a45d851399d,3
a6db6767314cccb8,3
3e4745a658c85890,7
a52da11f0a01523b,4
2acf602a0a5ff528,5
8fd84ac602d3d94a,4
02ce19efb8518692,12
c16bd4356e873abf,12
eb3d7e2613b7a9e4,6
33b0ab687ea1522d,10
699fd997e75f5cf2,9
f6d07041313e5836,12
c2cff28c042b3aae,10
a972939d6b2aec07,3
9faa1d788ef8649f,12
6ab94643d8fd119a,4
74f90ba972568bd7,3
8d13299b6c77f734,3
4a8ffdb030e481a3,12
b06d24d6eff0a32f,1
036c3e4569561233,11
5a9a0a917de060c8,11
864b9afd68ac154a,10
d914d170151375df,6
eee5bff5de47b7ba,12
2890b717124a6e9d,11
e3d1b9c87f496aeb,3
1f95762955452990,3
4ae756c3da912b53,1
0abe491285d12cc5,10
9fddd74d3f61b6ac,12
6c2725f45de7f2e9,3
2e87e8029ec665c2,6
295bfe4e4904f2e5,1
5ab8cb2beceae751,12
788ade8162ca8e26,11
af328548a78a8b1c,12
98bab0b919116501,12
51c92612fbadb42b,12
0974ad38517dc83f,7
8a4a4bcafbc1e239,12
c169fd8a3bc0aef8,5
e194d2f530639e6f,1
32ff1a894ffafe9c,11
0e6ae73106a15ba1,4
055f95a0196d0082,6
1cf5171c88bb19b9,1
820afd0b08e260a9,3
2b6f6a999b43680c,12
bbdb9414431acce7,12
379394f20df6657a,12
752d23a01d4d4117,3
02d5c0635cb329d5,3
90e7038da3e1821d,12
a1de60d44635838c,3
df2549bee84f772d,12
696b61f116524676,3
0aad760c656afed1,4
88e314c3ea86f47a,9
ec20b7ee6c40db7c,5
b30d4c62f5efe299,12
0f414423d283706f,12
b50958485dbd21fb,5
cf492549e705fe68,10
a60244e47dff9e27,7
a55ece6b2b78e365,2
7d1bc6d27e926f6d,5
6383124d038741b2,5
78b7d8bf22010028,12
7d74036d789f8584,4
3c455e4c5a738421,3
fc705b67446caa22,2
5c3cb36f8241aea4,12
bb64684b327f6397,4
4114f2727151bdca,12
d10ee8026d34fae7,12
eb64026ff6113576,6
d53dc37d624da729,3
227ba4efd8ae6a65,12
cca4de0c1d59456a,6
84e7b5a599612f1e,12
0dacc99c105fb540,3
2937835cc4740e79,3
d2a1a2e23c01182c,7
c26fd2bb32ffafa6,6
3d2fbf8dece525c3,12
7cabac91cd7e2ef1,3
626bcada8f3759f0,12
e2ae6003c1709da5,12
89affd67ef4e1a95,12
575c22ab4309e3cf,2
bb1e1f80075512d4,3
d937e72011def497,12
d2358b5023516c5d,12
912f71ecfa9b2c1f,7
248224efcc0de625,12
e697312a1b28c9d2,12
8e47193c0adebff4,0
dc70690f756c9af4,3
96fb0bfe73c6d2a1,6
1a49a0c3af448c50,3
26a6706241cff9ec,6
f84a0307be0a59d7,12
cd9ffbe06271f4ae,5
1811f629f372c403,3
3433b0ca83153f67,8
d0bdc932527cd296,1
3fdbd16b6ca79d65,12
689c19a3338fc955,4
88d1bb96b58fd235,3
30bc8a65c624a6a2,7
df3fe5e9d8cbc8eb,3
03218b29b92d851c,4
f24c7245d53888e4,3
e0a969eb4539a3d0,10
4241f08311c0566d,6
75f0c28912c6833d,3
6f9c96849edbd096,3
4a19e408e3c79907,12
16cbdac091f5b573,1
67512fca45df3ebe,3
0eab5725a5bdf916,12
d012a44313e20fd5,3
aea17c59c1ace2c2,11
2afa946d30d51a6e,3
c46ca90619f62de7,8
c117480f1a16ebb3,5
29d8fa0ad8c9eb03,1
34d849d6a715a781,12
64d42b7b6552ab9d,3
ded4a000f71eddb7,12
bd3dec9948f1eb54,4
f29c4d6894f66129,3
47c02b08e727aefe,8
cbe6cef2ac4ee0a9,3
6ddce0b8f6b350eb,12
773f24530df13082,8
1758726558e71489,3
941edebf02176aa5,4
caf35a1ffb900e09,8
c0c8e1c2c8180602,7
d78710e54fcd9a7b,14
0918546ed60dedc7,12
839a8ef0c712dd19,1
7d8fe9c975ad4be4,9
3d158042207a8480,5
ee05f3b3b77dd3d4,3
5f9e468f8954330f,12
5abf40325bc6f192,0
1643fcd62f271efe,12
980df8ebcc41d332,1
07b3f7e2f2fe3744,7
b3ed2afc77ee8460,12
8f9d9ef2da629e27,12
cbaa6edc31ca67ab,3
dbd5a63411e17521,12
405eb447c65ecc6e,6
f0706af31f789fa0,6
4537539929d7b82e,9
b1e79939671d61e0,3
38c83be1d2671e0b,2
851faaaca4294d1e,12
22e0fdf51cf541b3,3
724a4418d91520aa,7
b7c728152204576a,10
bd221a095d64edc9,3
859046982325df05,7
deb16f2f7494d3d4,12
040eec345ac58395,8
bf8e719e4b46c17b,6
2d096e1f88cf1a8e,5
068345686217becb,12
98474da79321b708,7
f0759b95ddb3612b,3
10326f73db24aa34,4
635ca7a09ccecefa,12
49a38be877a16996,4
cb9be093a924ac25,12
c043c26a2859a639,8
103916b32707974b,12
f1167acc07b7a3d9,7
a1308896cace983b,12
1df39b7f85737231,10
0552cd0bc7a918ad,12
d78b2218aa18ea77,7
a1a92d8f39dedf55,12
417bf335191b9603,12
99f6780261d239ce,4
cdfcc2dff0c4f76b,6
a767635f3858ed3d,12
f2d33c7a7f647301,3
cfc0186c1eb867f4,3
1122bc6ddf9d32c0,12
410baf8457111059,12
98c798ca3afc8df6,3
1f0494362c0deb67,12
6612b27fbd93d9fc,3
4901b19d7b6e62a2,12
a03447d38f44c0dd,3
96f03532ed4957a4,3
ef10d07294ea41f4,3
1713d78d15e8c2b4,1
34a47ece3ae5e8ea,6
37a033aacc719866,3
bf8a3f7ce5a850b1,12
9d772f251a75221c,7
0e66e92cc02855c7,6
f348756f9192370e,12
c0a7fad269f5c301,2
bfbc3db85b82d8c3,12
bb22782b45db07ef,6
7fbc2f1fa43534dc,12
70bf3cb2e6d89d23,11
8e6efe98e71023fa,8
22a5821e246433be,12
c3f5fb34f9c82d48,7
2f95c8929130d360,3
a76c7111357359d6,6
be56944e66ed1cbf,6
f593327c06ecdbc8,6
dea56a38d27644fd,12
03f6a4f9afb9b4ba,11
4cfee422416083d0,12
9f6e032f4d5634e8,12
2c2aa99323e91e50,4
58f904b7ec944f68,12
97219268d45aeade,12
257dd0955da8a15f,7
a87bbb6694788bf4,8
0bb7f13b28e2477d,6
1931a6a6365c88d2,3
b61aff82eada20a0,12
0b48025c9d7a7037,1
0844f4eb06244c13,7
3542f90b70d3c608,3
036cbf90db028f62,3
98e4bc11fc689d1b,7
17cb8b81c3998470,3
86499ac8bf317f3a,12
6511b9e8e2105d26,7
244a29b811221fb7,10
6dd1ccf6878d124c,3
2e7cb8640f64c197,5
8018522ff8835df3,12
4a491caf55f4dc5a,5
29a623fe6acd33c3,12
594aca83645ec732,3
b3ef0d4165c3f2e1,6
7c80fce366e66d0c,12
546f01d97bfdca07,5
5d1f90b459eae9f3,3
0e3e257254e9be4a,6
61d31e4d28e22bb6,1
2fa27d1fd5d4eb34,5
6f15f8f2f5944600,5
70b6e71f6f79d97b,3
f812855aadb03531,1
6fed5a8c0ea8ca50,4
c9efba8742be4723,3
74bd6a401bd6b9c4,12
c3002b02e75e2368,6
c4eee8642f5587d8,5
6e14749fbb697b88,10
0de689efae5f1d11,3
303f2c71a6a1235d,3
051b05621f985525,4
33b41fa16678246c,12
6a418157b2a1e4a0,3
ee3af49fff7723eb,6
c08bb40eea599a96,12
d23d20eaeb2cc762,8
18c0969553cb7ab8,4
300ba716f4897936,3
424a376694ab6219,12
c1dcf707859a5b73,12
56c6a88410b2c0eb,8
a6b40f0b4fa1e2a1,10
f69ffe3e7d4e04ca,12
88801f96c658ceda,12
a1cfc7a58128d8bb,12
8a84614bda12e7e7,6
bac03f3491c660c2,12
ab541bbedadcd2d8,12
a871268cc105114b,12
8a42c57364fd2a03,3
d207e76e9ef5a3ff,6
15d4a257154a0dff,3
99e461c54d0792ed,3
e92a84d5278179f9,4
872035ae8e9e9f7a,3
fe8e1f2d7379fc3c,3
ffbeee2e9f0ecedd,3
386c9e77be3be485,3
5d46d31e40e103e9,3
50ba929d92f91f20,3
a76db02c68226fcd,3
4a74ae4e0e83b0bb,11
ae03657d597ca31a,7
94861097cfdcb47a,12
3dc94aefafff04fb,3
e17f7b5de96b8034,12
f0d091e318441996,3
b73b3288176db8cb,4
6be93ed87c7aff24,12
9491c442e46a27ba,6
84165811e550a841,9
fb8d403761bc25d3,11
9ccab1e83a4452c5,4
f75442ff095d143e,3
54a90da5df09815f,12
3813990798d2839c,12
4ee057219869f085,12
ecdcf9854309a567,3
0228d03681368fbd,12
2f996953327a0cd6,12
38bfbd2875f6c54f,4
bca7d669dd380490,12
9bedbc8367961a50,4
3df6ff4ddf4d55d4,12
c629bcd6dfbf4534,6
c37ba00514ab77fb,4
5ec3c4e46fb86d25,3
b8e5b34b32e79a61,3
1957d6e1b6eb3dc3,4
c05334bfcd1af164,3
4de2514f3463a187,6
6064c4cd5f01c150,12
d4e0157c9bb924b1,8
a8d295188152fe31,5
d4a22fe4f33536c3,6
7f419f02df810417,6
1d72507814230f19,6
7289fdbc9fc4f288,9
c25f9cb5478872f7,4
a12b807e9209d163,12
1e125a49224872a0,3
bab1bade1fab44ec,3
001fa0ac75ba6efc,3
72a7a4a4a6b046a7,3
77bcd28746e9010d,3
8cd62823c04d83ae,8
2bdc0c43c20502df,3
b7fc740338c88055,7
4db68fe21e235596,4
49fa57bffb1dba03,3
810939a206dd1dac,6
d020f5c679caae71,7
5a0ae6992704a68c,3
4d04e5ae39136f94,3
301194c10d3d5b36,11
5bafc12132138407,12
9fa574988e833d19,8
b5410832f8ac34bc,10
ec559af7b8c184ca,1
21ce25c88dac5ebb,3
3b34eeafe7aaae43,3
503b16438590f050,12
51d79adecba953cf,12
05bdf4484c5d7e53,12
3b892e394b6226a2,5
2c5d1f1a646d07a8,3
0653b6bc0f0467ea,12
cc9fd4ccf546e902,12
897a1d18ba98f29e,12
03220e66bcbd49d0,4
a8d2aaf6cf967034,3
0008bdaed19559bd,5
e81ff5dcf6e0b916,3
2ef2dacedb6733b7,7
8f82ad9bf5ad8bfd,7
d2e2a196817f8181,5
6b0aa289d10339b2,3
9021ddbf479c8693,0
a7aae9c82320c5db,4
23f0b897b954a78a,3
329b1de54371f905,6
dd91e47755818627,12
70258925d4c17806,10
e75b63c4b5e5b08d,12
c36674acf977462a,3
d8d3d087a2624ba6,3
7b4ef1732a11e8c1,3
5f3391e827746c84,8
710048167c7e552e,4
7bd1f43141136716,4
3adaaf8b147d96b6,3
fbb43d431f4ddad1,3
d20b9d7e2ed9c150,5
2fb907300cb8ac30,11
5cb7214caa7cec4e,12
f3a541973c69606f,4
f877aa517f012b9f,3
425067568a4e0b72,4
c863f1b1fae785f0,5
91561c62f70e9a9b,7
b01f8f0dba0695d9,12
6e4574d173057b9b,3
c90a71f5c476369f,3
4e281fae0205ef37,3
a1a769262dbe59d5,8
905c1a7d4a466f35,11
17f56389f9e5701f,12
92a7555e63bdce4e,3
7840fcecc7a4ef50,5
22fd131f3e14d216,11
f39356a8ca9792fe,12
ff3de29523bcc336,12
c813ec53fe861e9d,12
d22bc4266def11b2,4
1c9371b0cee344f5,6
6458a270fa945de4,12
869be4549016de97,14
ec1354bdcec5aba1,5
c107394830e88ca2,12
2e0cc4da13face96,12
28be0f79f64cc743,6
0a8128a4f56810a6,5
7e44117bb2c86eb1,3
645b3b5cb9f771af,4
9a8f4d41142509fd,13
ebed60e2e4282e95,4
5af69d480e3b31d6,3
02ffb11c1b0fc05f,3
68687c8b6da50e5b,3
2c9b81fedee97477,6
fa4e73be69e61c44,3
3067128f2a1f404f,12
485f883e9a69097d,9
9b28b207bea5a4b6,12
09ed6157e40e7cf8,3
66710e3464cc5d78,6
9402076e726b91ce,3
5afb68e6c1a46aab,3
5478e55f7304559a,12
c490cac373a7b461,12
fc508312f21e6826,12
858095c35f71f721,11
17899c5091031532,6
e48fbb318c1bd41f,12
9465901aed9ce90e,5
338b5f158ec12c20,12
3afcea27028f8995,3
9497cdd6a2fb0a18,12
8eaf6a75df95fdbd,4
c8f52ac98b517b10,12
691960187be1ab0d,12
6ee56fcaee6512b1,4
cd0be02b16d443ca,0
97af358ea0dc17dc,12
adda0a58cf3b835c,7
fbaff4e13b3719e3,3
d01c1a7f8fa98e0b,1
57f138eeb8e5993b,4
9fbc171c18bcef80,3
9c83326a7e0500ba,4
f1b5a5864ccdd3b5,1
501c5076766b7810,12
cbbee84edb4ccb45,12
cc867a4516498317,3
fd43901b0939fd31,9
2a72bc8e1d6246a2,3
5dca948f18066731,6
d9f033f5276f8f71,4
379c00b8a9bdfa57,7
192023fe08c974a2,6
1dc17725bf074a7c,12
8f713cc2a7973fe3,3
da4cdafdfd525d14,8
fca866ae19ac1b77,11
247ec61c46d108fe,3
f5f6fda66c9cf934,11
9fa216bb466382b7,3
662bc7d47ded8b99,3
eceee0055a9f17bf,9
11ef27b35040a4c6,4
f7e92087617ccd6e,12
12798bac819d047e,7
b64767c16decfde5,2
591ef304edf1e8e1,12
8a5d976b374460c9,9
d9265cbc7ed72084,4
7ce78cbc4ba0f2c4,12
cb6aa58ec5d2c218,5
989ec0001df523ba,7
91ab7b8aa045e1e9,3
2a5f7516e24e3868,5
c2feeec32ae11d95,3
049fcb065202c5f7,10
466994fc4ca1d03d,4
feb505083048cc6b,6
4f7ed8546442816e,3
94629debf63f93d4,12
fa8ee2c71df8b514,12
27ebdb17c6bbe6da,12
8d0179a822085558,8
7774242eec1d14bc,3
52d15e45a2b3e375,3
8d536de6a95c3726,10
75866941fbedc69b,5
059bf36bd98dd16d,12
bc8429dc87f72b6e,4
185c6a9a441c58c4,3
b9873acffebd2ece,5
25655c74584fa7e7,1
f0e48564178f268a,1
c742ff0e337d76b6,12
3a2970b8f54d1d26,4
2310795c1f4710dc,3
4e002547e96bfd39,12
54cb0f4fe6b851cb,6
dd0049612081eb93,12
dbd45aa8e9b52dfb,4
6efbb37de19b872c,6
70c74dfa9f22fc9e,4
f0215f05d2b1fd09,3
bfc87b899717994f,6
ce06f8fa0cc9398e,1
3dba18e510b1aa11,10
c0adeb7a3b7fc9e8,3
21dc85ed7a3f2681,3
3df14ca6655c09e3,12
d9963f78f6ea2c75,8
f0a8bd6f0b96c7aa,4
1240e409fb6bf756,12
aaf8cd6119f1c2e5,4
ea07eb43c7e384d8,3
fb3ced6144704f24,12
2623d6f798527b2e,7
463d9dd0c93b22ec,4
9f9cda64ca7bd5d0,3
897740c226d276fc,3
db46d5ab2662357b,8
66030c4393cc7257,12
81e18b4974c4376f,12
367e6bd0814089c8,12
c7b22b0be914038f,4
1ae608d318011287,4
8fe12b0d7b52d8a4,8
c736fdda01871331,11
3898947b8da28a17,13
31b53d1cc02a4943,3
35e4ba93dae38f7d,3
cfb5c6587a3022d2,11
3e4f825f09dafdf6,5
5641c1d863828aab,12
81b3d487847bb919,12
767b56c3adea76a5,1
64959f9fe23acbb0,7
9b5de6ef2ac8be77,3
22d4ea7ba8570ba4,12
a127103e6d1afab5,3
d88f2e63bf958765,5
78da0559aa20169c,12
2eeed193934758dd,0
83f1f3cdae486088,9
be11c3e1ccc6da0d,12
3d781da12d368c29,6
b29ff5a0c9ad8f8d,3
bc7268ddf7c5e7ac,12
1b52eedfe61d8c09,3
03b8247d96c9295c,5
40010adc7d9a5005,4
a26fdebf78e4d345,4
17cf37b366b6e260,6
16d75ea96913e942,12
51a80cf0bb05ca63,12
f9d025c9800d13b9,12
f795c60500f9ac10,5
077b1850c03d7b43,12
b91b35e3926da50d,12
d4e18c7788480aa2,11
bf3f4bc87c1f22a4,3
29c27da9754c1c7a,10
da384dc72474db92,12
0da9366baf9d31da,12
ab0af15cd0b27fc2,3
8e406a6dde9fe213,12
02567c625d8b5321,12
27872f6f3f8b6ce5,3
9bd8fcd10c42a3c7,4
4b92740b82564127,11
0769766d865d21d5,8
75acf9b100f7a201,3
cf87915714e45b82,12
474980ae58546f35,12
c7f47419aee38bf5,12
7a76a4d3b782e221,1
bdbd06f04f9e0fd6,6
cd21d40f7233b317,10
14b8584d72515cf1,12
ab32a87c7756692e,3
b104a56ab606ceba,12
c5ba1b4bfc5f82bd,6
145228a4e0c1b2ae,12
688b09a077c7c263,7
9c2d62371a9707b1,3
ae30ae71261caf9c,12
cb0c858314776547,10
85810a6a1ab303e9,10
7dcbbc20960b92ff,12
5cefe8bdc6ad1a41,3
d0493c89dd1dfa1e,11
07aa27a7bc7b7e46,3
711f6b137ab479fb,3
ff702b5be9108b5b,6
5508bf91f5f9f897,3
e0c08cd44349066f,13
d939fe0f3d05c373,12
6afb947395615283,3
9db5d144ca7b0390,3
89904d155892ed20,12
4a5299068d367a1b,1
02dcc67a333cc645,12
b879c2951b8c763c,6
c6a66f824f2c994e,8
020a98098f2c9544,5
45e593e3a482a6dc,4
6763207718dec410,9
566e55aa61c8b567,9
8f1ffbd5a32ce877,8
808610e7d7118b79,3
16fcabf5a5388a42,4
5579559432f2896a,12
486e2d3dade88910,3
0033ea5ed2a1b67e,0
dac69932b6e6a720,5
1b4e9ca5a98baf0e,4
32fd8abe5ff8133b,3
cdb92480fb00ccf7,11
cc3575dae383ed9d,5
e31b02532d4359f7,4
cdb00c12ab1252de,3
84cdb4cb7ed0b781,5
78606b45e419dd20,6
5b119c8381ba6276,6
c1f8f9af45e98381,3
f879e569ce2191bb,3
d8d0096a7136fceb,6
e5abfce03b17b4e7,9
f917073aa8560b83,3
923d26141598c4d7,4
59fcd4a676380b20,4
345f8c7365eb9511,12
d621daf5d0653a79,5
493968a91e79ee1e,12
e1ba14944aed5d5f,12
7c90b3ad9d966a76,3
bd92e8bb58d3cca5,3
01af5c7843f6e637,6
5d0f0d531fcee695,12
afeaa06153351ff9,12
02155f7cb1dbcff7,3
09918505bc33f0c7,3
8dbb50557a287844,12
64bc8d19fb55be19,12
3f37590442f69ca1,7
62a7c095419e2cb4,12
2c38656233aa9b71,3
f2978a2497e62f45,13
4243b661e3fc374f,3
2bf804d844946d18,10
bdfb3cf3dbad6b9e,8
3444c62350cd9e70,9
28a22566c64f66f1,8
4e6c3770452dd015,12
deac9711ea4f5deb,12
9710979ca8e3926e,12
ea7d481abade8025,12
ddb00e6834de7255,4
ac39f707c09525b3,12
67a822c63a006ea1,3
963cffcbb41a1ed3,12
aa48a358ced73ca4,12
f5e958be07b44ebe,6
28a259f9c851057f,12
705bb99ce67bd096,12
527e342ca5863696,4
ffbbe436f99a152f,3
c4412f2b412f7867,3
fe737aa6194156eb,12
1106a0be70339141,5
0037e90aad795c01,12
f1a9ac352a2bd589,12
a113f61cbf9248ec,3
31a06bcfa707c9d5,5
f317d09209e7064b,12
8e40bc2cae26cf11,12
5906a137fd950254,8
fdb7a25b61a5e956,6
a653acf3705c67e6,3
f47d5f7f62e3739b,12
7a248dcb7ac0b6f6,3
33f6069c10bb5381,3
72800ebdd554ef86,11
6d01aa9ed9e503f2,6
1dba094d84c9cd9c,12
9c63d6d64d99f1bf,3
98a05987532ea684,9
88c2bcba26c736bb,12
42a32742e3c9533f,12
a6fe6a17382bcbe0,3
a4e06a9db53ce609,12
c5c7b709911becbf,12
f63543f5706e48e3,11
0f2739f73feef5f6,12
ac8b4e2a588073fa,12
8ea1ed517288d96e,12
33a2750739ba5517,12
24581a139abd443a,12
ffafc70b93fbfd46,12
d786bd6afb2f1795,7
0d455e9e9ea74654,3
e641c754e47c8acc,12
12ed34da29747b60,12
3cce672928eff8fe,6
5c9d124455e1e959,3
bbddfbc0b7f4da7b,12
a91686c6fcb11240,3
6a9a28d5caf08824,4
1974d41d6cbbc91e,9
9e3291829f425a09,3
ef9046efdb9c19af,3
ec095f3857f01eec,3
4617fd9a32a7aff9,3
8cb4e5ddcc7e5143,3
0fe40d5a47d7c985,12
e663a76af76f9b5d,3
9d8cdce24a39162b,12
bce3571390788558,3
361ffeff8270a309,5
663a07f75b8633a7,3
952ad22771d5baef,6
b40ee031d309332e,7
ead48fb8d961c64b,4
49d22ebe1bedd797,5
4838d0f6dbb6c5c0,8
1487ece7ed283296,6
7aad675f22049bc1,12
79620caa930f625f,12
29bf8391448a2367,4
ba802ac6f81741ad,12
04cf2ca8a1226da0,6
8abc62bbc8f1d2b2,14
6f6a5871bab7cb29,6
deb9b319ee3d2006,12
8aaf92b7a6a0efe0,10
726f35b09aecec1a,12
7d605e4eef63cf8c,12
a6e465f9fedf2647,4
3de28092184b5d2c,11
a72f182aee9bdf12,7
a223ae350b5c5a08,12
47478d39c818c157,1
c778943a84161e44,9
3ba536575d1c2bde,4
2f719c780ac7c450,12
9d1ad7e72e46b14a,3
95f78fdcd076f2ca,3
fd9dc76445d53685,1
a9e260feab480b6b,14
ad2270ba303f00ab,1
5ad689e2fb1877b9,5
0cb7f8a65006e70c,3
1e6bd05ca2f7ebd4,12
c6a6db5cdf0bf132,12
8d72b814d7c140eb,3
07f3b1aababb8d36,6
b2776b4a3ffd569f,4
033528dcebb1f596,9
107b34fc9f1b6a9a,11
05b7c9ab6f0c6f6d,12
f803a3948bfa88be,12
8bdacd330666f218,7
f55432f956ead665,12
6a1c62db86e08869,12
9ab061862eaf6cb6,3
5c69e58e0ff53be8,3
2dcaf2c5836c34ec,8
4aa5bc45d3dbe10e,3
920e30b708eed16a,6
d56f16e17e9b61d0,12
5a7cf30398f4a6e6,12
a18e9c9aefa2c5e2,3
9d91596758c80d05,12
2dbb04a8e2e70f5c,3
d8f12fe72896143b,12
f319f66ab138e95b,12
906f9db85bc2d95f,3
8061ea562c6c6220,12
887565b02f3908f7,3
cda216a7a49aade9,3
ae52991e3bd19830,3
a6d71c6019888d47,12
430cbd97cc244e75,12
e2acbbf03b5cce7a,12
c0ff22a3542b5f93,12
8f1486a6959e81f0,4
bb80e9746011b688,12
bbfacdcb41c66a52,6
49662e9704ad3cbf,12
f80505d6bbfda835,3
173e22727c7a4def,12
9dcf22af071b9bf7,3
b73c5ac9d4d6de7f,11
6162140fed01f35a,12
556f0ec89b8474b9,5
dbacae0af7c9315c,8
d75d5f0ac4206845,4
f268c07023b60bf7,6
5f31d324a5afd1b5,3
450250c806485993,4
3a19719d3b2e7e0d,4
ff9a6ab4332e47ae,3
d17d106f3611f7a8,3
4456f510f666f123,3
9b399542d6e6e2e5,3
1260912175a620c4,4
f6fad9350ec84440,8
e07732f25626a666,3
9de86b027490d9dd,3
625aa46e94453822,3
4039fd2b604230eb,3
3c3d6e55a6c8b313,8
8df2d8e4bb3b8cb4,7
f242bd5e6dd29911,11
7d21b1a953ed7fa9,4
042f54a985b34c85,6
bc0f09cd589d527b,12
a46ee78d907a533c,3
fee0e522b665b803,12
fabf879ecafaa2cf,4
cdac66165ffcb789,6
9c75173c3bf1218a,8
8dd1094f825a0453,7
73bb93814f799e11,3
0726461e8af67e88,3
916b0940b356479b,3
abd5d5604a08bcbd,12
f203e9040da2ef1a,7
4a4e13594f3a5865,12
c5a076dfb6ba1c9a,7
002b873d2f888d51,12
60ebc965a7c3b54e,14
2834311d42cd2984,11
724f6646cf63af35,12
c0a795ad8ced05fe,11
563b2a9e01faa6cc,12
74d77cf50a4e0ab9,4
01e1dddd6417fcef,3
d956d40111cf0b6b,7
5fc8db55dc8f7ab6,4
d5c58967ef972eba,6
8c021bf07429a921,11
2a980560f6a80cf4,3
a00dd9e9095bba00,12
924aa7e64ab13273,3
a98c3dfe609b81b3,13
f5977fc53a0161be,7
cd6498b13915a73d,3
df711153370e0725,13
4699ad21e0093b8b,12
42c9b52cc54f7855,12
eedba1d5e471de39,1
43764d9d18b1b83b,6
209cedd082b42311,3
e1592ca3df4b8e8a,6
ee4f51a7cc271fb0,12
2fd2ea3d433e1aaa,12
66f7f10fd4e9f533,3
3668e7ec584fcb01,4
6f508039046f340e,3
4cd13756b3b60edf,3
aad9e111c737dd77,10
dd8ffbc192887f45,12
e99d5f4c9e250131,3
271ebcc8dfe7969a,3
2a41372017d4b3d5,10
bda91308d8cc71ed,3
4ec3cef5af21691e,3
c85f0807d30db99a,12
3f9d52c292ce8aef,8
1f95225e242ef13f,12
55652397672b395b,12
0917482faf3b80b1,12
05c594bf115d3cb6,3
7bc22dfd71b6146c,12
4db060c2d26d37db,6
cf86aef836819e3a,11
5a8e0c42fe793d29,3
49a2b1c9ddc21143,3
9f9726cd4047b83a,12
0a2f2f9138d86cc3,7
e04260e131146edc,5
ef5c8fb9e7de5498,7
93bd8223ee3724f1,12
7b9c11bd1e2a446e,3
918fba00bed48445,3
9c4c791f5566dd20,3
2522cd2f9cd8d92c,12
4e948fb9db93bfc2,3
a9c5a579dbbbf098,4
88a6bb73bd2cdb5f,4
86150f660103a590,12
0e36fadf88dc4542,12
535def60ace83016,3
d2e0ce29ca2839d4,12
795dfc20326fc44e,12
129b30383e24f563,11
55de95ee62668ad9,3
26f58aabcd3be4cc,3
62b8fbe4b54a5a5b,6
a5961a1cbdd4c7b3,12
8afc2ac0f6eb8129,11
c7f0663f434eebf2,12
ea8c6fa6f50d2c8d,7
ab0cf37b26926228,12
00f0820183c63239,1
f33a4abbcaf58a04,6
4d7aeda0c4190bfc,12
faa21fb644f70dba,3
07523e5a5403889b,3
3c4818da6cdb612f,11
5ff490361e33bee6,12
57b21d4788b5e79c,3
e59efbb6986ac3b6,12
73b01cca4c2a5eea,6
07315eff56ee0f8c,3
ada9a633f32734bd,12
c0f9992d4d06c4f5,3
b9035386a9c8bf03,4
6bf11149c0da2ffc,12
78e06f03f6300ea0,7
2974591506860a68,3
789e68f09ef1085e,8
f9ddc90de69dfe70,3
b617d50119210355,4
2dcfe0ed8ca082e1,3
3c72872c2cecde5e,6
b45e9f448992beae,8
8196e60d825e26c2,12
f2b4b9ed479b342c,12
b3125f25f842829c,3
0a5d41b795b4277e,9
447240056afea318,4
c6129a3dde821c2d,12
1d1f992bf35f1757,6
f299b5152f669c57,2
b5eb0568365b3faf,4
c9ac6287fe7c0759,3
697e2525b4b8fa0c,6
b20e32b4b41fac13,12
a5a8935accab0613,4
2f8e097f12c5b967,3
81e48ac5f5cee785,10
9bdd65c63f229cff,3
4ee89862ed454aed,3
c4a9f6d36cf1ce86,3
1a6fec3c0f20cf51,12
d466400674823320,6
70a93262d34526e0,12
f466f54f0955f092,12
279748199ff352b4,11
0143f4a829b7c7c1,3
99993028bfc5f556,7
f0d4fa59e3221791,6
dcf2201ef3abb2ed,7
08638095a8c92cd3,3
40084ac1bf718256,12
56cef35caf481562,11
62ca693f6b285449,12
e0cf83822c80ec11,12
affb3f7844c75a04,12
135a34188b322b68,3
f7b71587d89f70dc,7
59fd2fbe787a0694,3
33603d70957fa4e1,3
d7e2a52e72919666,2
2a1f0aeee61a7718,3
27823a72cc0f79e4,12
3e9dc376aaf12cc1,4
6f65a44d363ce191,3
f22812e5d3574e16,3
6898ccf935eeecbe,5
36d2e4b4076d1625,12
3698820b2247d3d7,7
ec0c12089891a559,11
feac389ff05d6bf1,8
54315a80a277898b,5
0d8e52c3f7b970a6,4
5c7560e84a035d77,8
17b0b521207d7588,8
03d04f83332c3c70,7
d43cab5563afd1f2,12
93ededb43c8fd014,11
4fad3036c6f02ef2,5
90cbb54d6780ae40,5
2e19ce15b05557a9,6
656a06a6c7da34ae,8
4aa7dd8c33e55007,12
cad2d83fad33646d,4
613e82417d7c7ab6,3
4005d8fee1c10759,11
f32d62263c122637,3
9f7eb25a2c0702a8,12
d4361880f2416791,5
20a0d37b5a9b40d2,3
f18de1d399d0aedd,6
d49b18df24be0bc5,12
69bef4bdae1bd045,12
05984c16ffe19727,12
eab507f77e862ad4,12
fe1546cf875af1ad,7
f5d41213a6e27dbb,8
648f791d0a9e2466,1
fd2663d05d0316ed,3
efb030ab4b7bb624,6
654bdc313ab6139c,12
d2ba07aa7edcad7f,3
5007fa1a00c5d801,11
f7b5db030ef6f592,12
1d509797af27ae86,11
4936d2b138acd774,12
59e2705504bfe95d,8
9d4a2174c6ff539e,3
dd5cc6c0d3095b35,3
66bcaaa8cf4a0c45,7
c5f185dc74b31d42,12
d9e79156b019788b,9
0c6c24d5b5ade8fa,3
391298a5c6d9590b,3
35495264bc6c53a1,12
c02d62c84bb3b9d8,3
7bbfd7406cdbf07b,3
24c9fde9709377fb,1
cdd3b9124be65878,3
eda1a7400dd286e9,0
4a1fb036169a0e83,3
69ae7e9a42b4b45c,5
032c4307ff5c2677,12
e03084d4ca42469f,3
553de989eea12b2b,5
796b70732086afbb,4
3f01c527bd0539cf,3
c1ebea74ee49003b,3
d21a3668346359ee,12
1f492bca9bdf4f54,3
b3becf6ca662396a,7
04f1db285354647d,4
77cd51976692a6f9,12
c6eb7d6911d6d146,4
f7813e0756e3d98d,3
03ab3b179b76b4eb,12
9cfb9acc9dc090c4,3
ff7ed8fa87c1ad1e,8
a49976c3f1cdb736,4
b2cc832e384dffac,12
83ac8f81a3ba2e9d,5
9627a965e686e8ea,12
68b1f6c0ce19cf00,12
4bd67fda5fa6d3cf,13
6777c3d8ffbaf344,3
90cf6dbe64b11c88,5
921c2a5165dc41c0,6
10f875d92dbb4efc,12
f167b483874a8cec,12
19752a9cb6a71088,4
c8f8165c224e24bb,3
e97139e6062fd023,3
e873e65f48da2002,9
9f68c58a75329f90,4
f52073c5bfac6ae0,12
b21ab9ec636eef1f,7
cbec84d08e06f85d,12
533cc9c259d9d7f4,5
5de13b851361d8af,12
90449c382c7151ec,1
d044e2db98df5d26,2
c7c7e403ef1845de,11
49c769ac1c70d91b,3
af7adbbc44550240,3
ccb924ba502f45c6,7
aa6d982cae6c95f5,6
5f791df2c7032715,12
6d1a4092a48fccc1,3
8d688f887d553a93,14
7deb3ab225999183,12
b5a09a320866b5a8,3
952e3d8c2263cec7,11
be7d99197efd6bd6,6
934d2f086f24493e,12
2ca4a775d507f8a6,6
7273ac6528162de1,8
4b019ac4acef6841,8
352bc2c7436cadb7,12
31cfa6bf1fe69a62,4
c81cc909d99d75e6,12
79bf4733704df0d2,12
0407233a53a5a3c1,4
0e0bc1b7e24a386c,3
ac7aed95f5007ece,6
9dc02b0f1069a83b,12
61634bf2176560cd,3
a917eb74b9b67b7d,9
471a051e984ce7bf,12
9fc4c365a404e8d3,12
e2e7d485405fa6d1,10
6ac649fb0ff2f15b,12
9d10c5b49efd107f,12
621139a5bfbc4976,12
ea727d0af45d3ae6,12
d8457874771c2dd4,3
39a900cce30233ca,3
d6bcacf054ca3f4e,3
4af8a8ce1400b3c7,3
d5a2b20bc25b96eb,12
0cfc0992f69abb9e,7
3ecd0629490d6cc7,12
f236200cb64d0fb8,12
54b211cc58dfb7b9,6
9ae5a98bbcef57e0,12
330cf7dd97b82005,3
5f138edd433c898a,12
de4a3d6af52c14cc,3
b16b78aeaaa103b9,12
fc235d5ffd9d7e09,12
2281c991cff0abfb,6
8944a882f721508f,8
bc79c3ed6bda74a4,3
cff42c9898cac06d,8
5f277e5252f9387f,4
d5eb9b393d38084e,11
15c55ece6afa6315,12
f6056ec8116514c5,6
b8598f29aa26f650,3
f69bc808cb759dd0,5
88c1a0c6045cd88d,6
412c6c6184b4f275,12
8bddc669bc922827,12
30fe76c1aa1842e6,12
099baeca02ab43c1,8
0447f5f295449c28,4
b972e852bd246c5b,11
dd3073342834b586,3
549f7ece84cd3f2b,5
fc3979a9084dd99e,10
9bc4bb89c8715623,3
c42cbf9e0a0990d6,12
a41519d1caa95fc2,12
095e75b1d8d37fd1,4
f3b3ccbcfc36c7c4,4
b18a8913e50c1782,11
d50cfa6da96b11b1,2
0f77d0428a3eabf0,7
8723014916fe50a2,12
a276883807945845,3
fc575f3b90abeb9d,4
736559dce8030030,3
7bf86728ff52851b,3
3525692d04a52969,12
68dd04280bb93783,12
a9a5e90e804c0e89,6
5df7e4c5eff32b13,8
aec9ef3d80f2ea07,4
6a7396230787cdf2,4
e7906845881ed5ff,9
65ea4cd6b987fe28,6
3dfc74aebb13a082,1
29891b37db853613,6
076e775a12a9a67c,3
99184980bb81a81a,4
8be3d0f476a6cb52,12
3af97209646487e1,4
bbdf31d992210fc3,4
5bffa9468b734b3d,1
e9422e98eb5802ef,4
319a82422d07c2af,3
00b877180e1d3b4b,3
0dfb07fbfc7fe798,4
373a9a8a8712aeb0,8
bb58633ff94e7e9b,8
f506012ce4dccdac,12
77670ef07b9a79cb,3
44efc1b358b6eb86,12
206c821eee90e82b,6
89711d638a1b132f,12
48d5ce144b57dbb2,3
3d7d862fc55e319e,12
71f0009198dde734,6
b01297012ddd7fb3,8
568ea2111e14dea8,12
538a12df247ecf9f,3
4b5f8c2a74b29de7,2
3a2b66c1e738bbb7,6
f7d21da869f52c4f,3
8553a4825f678aa1,3
b858de2d54b747d2,5
a295d10e2803d32f,12
58b664499bbd20fc,5
5146dd5c6978f33b,12
f4f0858077dc1826,3
105be69a8adf6177,3
8435a9820f6c2e19,7
a71f55761bf62803,11
ae5d703c973df7de,3
98b3c0dd20364e76,5
4166386a69223f15,6
fa38bfa7721d10fd,6
ff63fe746735d726,3
7b26dfa933dfe438,5
228397f73d36f0c0,3
85435fa621abe3a1,12
594152ce114c1a3e,3
b1f14a0ab55e2fc6,11
133543a448cf10d3,5
a870e5722e4e01d5,1
cb5b6a37e5704356,8
51e8ed4091d38ad7,7
4e811a4a6b169c5f,12
1bac124cecd12613,12
00f26a3c46a59d82,3
fec9d694fc9e0fa1,3
92660de5df667f50,6
075227790c688d4e,1
35ae27b7df97e718,12
00a76d8ee1a599a0,12
4c55422a8bb34e98,3
244bbaeb4b17805a,1
d376e3d2bbb268fb,6
8c12db8f8e234b0a,3
7d937e7d6fe5df7f,8
e0c4a4f40482723b,12
f9d08bdcaac97e78,11
57553805a0bbfb08,12
6e1401d78e58fe9f,4
74d8cf6417ec0f23,12
71f759cf485985b0,9
ba48e14a6599a50b,12
96ec80d28cb3f6ba,3
2318fceff0944ac5,7
19bdb131764773af,12
a502c89c858eabff,5
49516a87f42d39d2,7
336e4b1fdf227114,4
4d37d5b08b0ff4ac,8
ce0db1fd95747942,4
ff4239c6cd61a924,1
8cea89b4f433f106,3
366d4a638750d57b,4
43c122a39e46b59f,9
397ebc5daf4a1cd5,12
943f1ec4909d7eaa,4
a842d1cac6b05780,12
171df3d822266c58,3
046bcb123243be0e,4
d876f6bde95ef7c0,12
1832f63bc0993747,3
2f9452151de46e90,3
24e41bd1314d3a5a,12
51c21b8daf02c6ce,3
d50cec75bf6e0255,8
a253e54e8556952f,11
fdb75c18a3ac6b2a,8
e6f7eaff0ab967d2,12
d838fc9c9c621612,11
00d6ae69f79c0503,3
c67da64b5dbddcca,12
09a5f8aa939ffa89,12
431c3a4fbee5b422,3
a76ad4ec27bc66d5,12
85c91fcc513262d3,10
6a2d0a1f6425c59d,3
76031a60d547fa77,6
e5a0165a395bd94d,3
92826374a68e4475,3
5f76221aa5e12b4a,3
5b818a6c764bb101,2
051ad2e61513ccd9,11
80cbf78a178b934a,3
49397ba88a24020b,6
10ef16b02fec7668,7
087ac3132fe3820f,12
4def0676871c1ecc,3
23803e1f372f642c,12
7ec4a0bb27eb2aaa,11
0a6cc1cc9cdf31a5,8
975d0c04bc8cae24,5
53e7515654686fa0,4
687781d553eea01e,12
c8b530d7f2a124af,6
6a62d19c730fc96e,5
7ead41e218dd1c7b,12
e195b463f8c074a1,4
184fd95a27b7309c,3
36553bc7d1419790,12
e985e7c499594066,7
e7f3759b0aa6781e,3
d83317d89fb7622c,3
787f9ecdd127a836,12
73f778a131969cb5,6
3b05788240e9b7ef,10
cb2b753bfa8092d2,12
73ef82f969d7107e,3
34487f11c792d84d,3
29b2d36d46f0a316,3
153a18389ff2e733,12
fe2f3a785b896e43,5
ec3831d3998221c3,12
2f9e04c149d31096,7
f9ddbcc3711c9b07,3
2596eb140afb79c0,12
43703a19c7f4f8d3,12
d91bb826700a44bc,7
7749e9904e2ab79d,5
0814e34eb64ca80b,6
e3a872534e7e5216,3
af422be2f4ddc17d,12
80aab7508dce570a,12
63dd7c78565890b0,5
8cb181896c3d2cea,12
6c62ae7a0842e073,11
286575704f8d30cf,11
bfb76d6c3cdff66e,12
2db9f5300446bbcd,12
101afb93a0e478bd,12
63426a93f82bbbac,12
0466e8e099b12bf2,7
08c0467f9099cc29,3
703e78dacdd952bf,12
732a29f40078e871,9
489d34ef1dcf0f98,11
1fb27f069c193d69,3
5641f45c7ab2b262,3
05a3a2739114c8f0,12
cbbedc8ec0422ee6,12
8e68d02838b0cd93,10
75671816ae527a99,3
7df861c8e1cd1c8f,6
c47e0077d2159c99,12
4d1e613023c56f37,11
ec23c435bc2e185f,8
8d778a4398f0d674,2
576ec4d73957cdb1,3
40bbd7ee1b263dd6,6
b2c579ddf471df6c,7
efe1af65fc7d6819,4
dc1353071bc5f6b9,11
f463a708bb3e779c,6
5e7876c3cb85fda3,12
6b1dff7a2f60c56c,4
a645f06f266453bd,12
24fb70724203d0e3,12
2bc1a4ac36dea621,6
930d42d20b003fc0,3
6f98d8695a6977b8,5
aee51c0581a5f086,6
513cc9d7fa9fbf3f,3
a4d420dbf08ebf83,4
18d4578204449c5b,0
77345fd70339634d,6
cd888f1e28ee3608,12
2a1370b91f574aed,5
6acb8e5430fb019d,12
b0420e17efe15b14,13
f4614a4778481f52,12
ddb4f07e49ed6554,3
c44bdfb1e8ece3f5,3
aaed80d255664660,12
1c1685422b60b2c1,9
a9132fb932e237b9,3
57099fb1d2784075,7
509b7e359f856f85,3
339067d2815ac865,12
92f28ea56a9d8ec4,4
049ff944ffb59ae9,3
6257feece1f0721c,12
520070503c4aa332,3
cff7f53419061e61,5
f59576beaf9a26d3,12
25d3cf7689fb6cb0,6
142fbcd61e057b7e,12
ed3ab938fbf22fa4,8
239967eba9d30cb1,12
a8dec449fe5675e5,12
4efa267c2705046e,0
0779e17b2dd6df4a,11
d46812dc67f122db,12
db595b7eb55c68ea,3
d3606ff6d3979310,3
63c522ed625f00ff,12
9f80a6c51a75c84c,12
6db4de5fc06c4fb1,12
b64dc83cb8ef879e,12
5bd6747a04939764,3
638ef50a451bbf66,12
8b78dc172f653926,12
7a687673b13f541e,3
9e62fbba0e35ffa7,3
e95e2e98d733461f,4
a60c0a245e97ac55,3
9891fe14e655125e,11
51c4ec0bbba09ef7,3
f20c3329a3508c6f,3
a92e5de08ed591e4,1
ab197a46327e5cbe,3
f5efb3d08e74c6db,6
a00c708d3c937fd6,3
1231f778c92cad0d,12
8cbc3178c6f7e2c2,3
d4c9e6cc1ca61aed,6
16e7fbf79470ad95,10
3d25041cdb178b7c,6
bbd17ebf2f802de6,4
3afbc75e7047d881,11
759f1184712b7225,12
76e3cbc22a724a53,3
062ce0f4c3335ca0,6
93c1005bc478e6d1,12
f3a22f2f608d9ed7,14
36c4d7ec93615a2c,12
b6e8e4a08c0c5a7f,12
c2bb1bb302414a25,12
1016cb64307782fb,12
0e043e79d66bb424,12
447ac26a095364b3,3
910f85c70eccc2cb,12
8ee2f989736ea5f3,3
3233cab76be580dd,3
eb99430176dd8a7c,12
1940cf093959e908,5
57816278cf17a967,12
56f91b2696bcda0f,10
1455a71e8fa26f1c,3
aab0ddbac45d7df4,6
57b9d7c2ef162c5e,3
b53bc8c6b4edbe82,12
58244b5743815d2b,5
401af2b15f638289,6
a764d5e5b97eb3c6,8
021ae960f7fababc,4
1824542f6b230d3c,12
039caf04f92708d4,3
dd7f3b888530aa37,3
3410983ce659666e,7
e1ac2a7e966d3e83,11
770d3723c123fffb,6
831fdc27b8efe35b,5
607f66b3c4971ef1,9
55a9cfd4b27ec908,3
809974e54803a81b,3
9d94143f18b25faf,4
f3f1d40b841de8ac,4
3b58a3ad1d9331c9,12
5a99146d45353eaa,11
13653f683bd861f7,8
5a32bd46f13b442f,3
38fa0cf0f5a6a63e,5
4b412cb369367002,12
bc82f5bbcc1ed317,3
5300056a3d093d56,10
39c97a2d5fbc9a8a,12
05440b0b6e77433b,3
15fc8e2e7da7fdce,12
bb13e9a4cde1b2cc,12
3ac44ae8cff02a90,12
feef96e9869b089d,12
7f1b364693b3d84a,7
cee4406e4ca3421a,3
660501dcaba2bcfa,8
92e58eccdd45db43,11
e2f8764aabe2da57,4
1913e867f2a7b1b1,12
aaf6cde576cbea09,4
317ab19e1cbfcefa,3
5051f210cb4733a4,3
c7cd3715e909ff7c,3
fc5ad8616f1c7716,4
df4b30529b9e0248,3
11bc418f3fd073e6,12
9186b5d5719348b7,6
905998a0dc2004d5,5
f55642570b3bb1f4,3
174b55fa6678d101,11
bc7c8a3aa714155b,5
f375c6ca1f6cb40b,8
d2363a92895d58e2,8
2ba61ee1a4514c3e,7
dba4fbc58627c0b2,7
628e5182baffc82a,12
26621bd1b21822a1,3
4b30aa08734e01d8,3
069759fcfad7b9d2,5
ad95cb4fa2f05662,3
6e429224564c4e29,8
f0939bc51f3f6039,8
3e1a37857b4580f7,4
dd5dcec2e2ba57df,12
25355986beedf17d,7
860b66452d426a1c,1
488bc0b3037e23ae,12
5281742d46f71c8c,3
99281d2afa971ddf,4
c59eb633a18bc6f4,3
a88b8de97baf9f85,4
5151078fbbe5ae72,12
9bdf962ad488813a,5
f510b7c1b4bb1678,8
9531680755b6dd37,12
9174933b92522c74,3
e240ed85622a41e0,6
e0887d92a405a2b3,10
dbbe9c108ce68dc7,12
34faf8e9c2904311,1
6feb6f9ac81c06d6,4
f83a7fb5ea548295,4
e37f8a6531d196ac,3
30bc6b62aad5e551,3
7c5b0a4c970afc12,12
1a8e9806ebb8ef6e,4
733f30c1050afba5,11
4820fac5941b4ff2,6
3071d3d1b28bc136,4
c23354a997aaa926,4
30fde88aadbc856b,7
9feeae443cb07bf5,7
bfa4b9ebedaa0335,5
5a240ee19a70b877,3
eb06820c51c6d60f,3
ffc8d196fdab1625,1
6215592bfadf3d55,12
b86f12199b5f7095,3
e7f39dfea98de2aa,3
0b5d38832e426bb9,6
cedeee1f592963c2,3
654c56b998a6ceae,8
31f86f2e5cc73117,3
29c60614b0d1b5cf,6
0222d69e66a5ee58,11
3ddbdf8f471befc2,3
4ca012523c65ce16,7
8145c8859ea119a9,7
d43f9e6f45a8cd19,8
fe2b3a573f51c756,3
b4782d64731720e4,6
b084f9105f45651a,4
1d02cc6a4343296a,3
926ca7768c8ac643,12
3081b301e3241020,12
e7035614896fde5d,7
7143668031fe43a8,4
4dc4d9f6dfea89d7,3
acbf923d5aeee0cf,11
09eb57cd2f985726,11
d59aa338184291c3,12
5237d392acfb2f46,12
2d4564a3e7d711ea,8
879734d4e6948e51,6
5f76edbaa28f531e,11
540db126bee249fa,7
e8d831d7a2ce5d09,3
d369c35ebc388375,12
8ea83a98235a9695,11
41e8603b31ebd05f,12
26d8009ec1721b28,4
7f057418e029e664,8
c9811b8fd0202bdb,3
ce95484bc7fe226e,1
5079ba2daca22d4c,3
20fe85dc45bfcb18,6
2150727323ade146,7
63e44c4e1f9c0dbc,3
cd9b87978ea2e9a7,11
1544f6a6ef5737c9,12
f43cb2e5eb3f13c8,5
a6294f60b27daf28,1
5c2d07aa494c550b,3
a37554018f48cd4f,12
0cf42728b027efa3,3
290378c16a92c340,6
56410b3e9584dc54,3
677680c1b86c6430,3
332e54353a7498b0,12
b779c6d0219e7657,4
23918755ae4e346a,11
a4f51b017b811876,12
2e884cac624e6507,12
9f6a74a5c3300508,3
419cf6836d3fb7d6,3
9097e715004262f4,3
19c73781d4e2507c,3
78bafdb7403de78f,12
b5d59e01644548af,3
33794aa4470fa95e,11
f0b7f396dbcd11dc,12
3223176e8f4c0d25,5
77bce8db690de520,4
88b3baff107dcb38,12
81716e2a5829251e,12
5da0404beab4d089,12
bd0cd2c319dc8f13,11
ac550a4726d2f8b8,12
43bb53f4ff4f105a,6
7b978070ac06e8f4,12
beab4755d66adcef,3
d98f826fcffcd61f,12
36cdcee532fe305d,12
0f8b9d7b9f56e643,7
1f66531463cba425,12
85436911b10680c3,13
586aca8b6abfae1a,6
01b95c651c20bd22,3
b32cb08129c295eb,5
eeca2718fc280df3,3
a443f3a52f40a447,3
cfe5641480069bcb,8
624d72239a39b6c9,12
23d035bdb636af09,3
f111511c2843c30c,8
afabd30d431fc83e,12
3888cd4339648f11,3
520a308de49d12ec,12
a9f694be93a812ba,3
c9b583c50db1b1f0,5
b8e5e0a5a7b14415,3
3ad54ffa8e568860,12
9dd0072cd160266e,5
78d911ebc4309758,6
73388373634ae47a,8
e20bd3f5dbcb3189,3
e38f783c51ffe951,3
456e6397acfe4863,3
78a7be9d9d9542f6,3
e5687494965853fe,3
38ab3173e39cf54c,3
0b6d70c1b3c27cee,12
0885ef3659fbf02a,12
dc33760758083214,12
1eac0b6ab1b1a4f8,12
5c4678255874e749,12
bfbc7375f1dbebc0,5
18e2ec38124d52f8,12
d6c5c560ef4aacb5,12
8e6032620068421b,3
79b5af1367986943,3
ca73101504aad268,4
3e75bc6d4250f8f5,4
f1778ae271870b1a,5
703c6e14cae4afe1,6
6b9125f4cbd7e464,9
a078aa1657bae36a,12
546a64b76609b949,9
0633adff31176a6f,3
5183ad17479d8e37,3
0a80611aba7afa12,5
1c38320a9a8d14bc,12
8711625c848f3e40,5
3a4c070167f5e66e,12
ba1e460c22ea34b2,12
918d9c04beb93a90,12
2547ca053841d8ed,12
7dcceec82bc274af,12
ddb1b5bf070400a4,12
3f0f61255548273e,5
6dcb1900c147c604,3
03c8a8f49590d03f,8
1bf86d641ed2caa0,12
f0bc46e0710a23f2,11
cf59c1ff518107e2,11
97bc09f2d65db7a8,9
1affdb9b40fdd442,3
faa3d2040ad19e53,7
d0be170773a05976,5
d348ddfa6b376568,3
a2c9f4faddc73da9,3
b0fae6b6c69c6ce9,12
bf2ae1e33f876e4e,4
a11d9a51301ca432,3
930f501b50e1e3fa,3
42de7d7fecb07d2b,12
15882b8612125ffe,12
51a6cb889a7c3512,3
8a456109c9e3f3ba,3
d2c7859e9df1b913,6
f438b38e74ad36b7,12
454bb669a2aa2e99,5
16bb8a2dc3dfe867,3
c02ce24e838e6e9b,5
cadbb4c19faa493d,9
b8096d1b6458b808,3
db5e1d6dfe1253ed,11
60903e32e4a73a4e,2
427f5d6f495ac069,12
09912800611cda32,10
f550c700548d2172,9
2a57ba53ff0a4da8,12
a11de9d22d7e6558,12
6d43b1c436dff82a,13
e83ff22cf835c6b9,7
1e78628f9a649a2b,3
282e0ff74c5c1e01,3
64afd3ff6d7cc835,12
a33bff28a685de16,3
592c28b94883057b,4
e53a84ae1fe6e4ee,11
a3c7b230b3d56c43,4
451d599ea1e4955d,5
736ee67d2deb0889,12
1409b2f42d3e5fa5,3
ee1d82ffabfcbf77,8
cf9f5e157a8d9c8c,3
7305a66902ba8a1d,3
020e8a51866d6b31,12
bf6a8fd23fc2bd3a,4
7aab7e5191acc955,7
b5ad0c9c9bb7bc19,12
9123dd6c9b435146,9
258e7a02a21eb241,3
2265f4558053b81f,12
2fc1c1ae0634df47,3
f159a6ccd77794d8,12
878bc23646eebec2,11
3e5268fa9d28ea7e,12
37514d88627b56a5,3
93f7d50e0c8612ed,4
bb6ad9659541fc4a,4
5e65b46514a06650,3
c970a87fdf35f643,14
5a075112b513405e,11
fd537c8f3ae00da3,12
faeb0836edd2df76,7
aaa2be5d0a4f7089,12
a9202f6d8ac2ffc3,3
7b2bb5b415355fd0,3
a5204b8c9e6093b7,3
ba09e7298cdba646,12
1777b23744a7cc55,4
1dbf90c004ea2d63,4
b206e8970e64c18c,3
4feb6ff99ca9ef76,3
dcf0440d080b9bdb,4
a79a948858e02b96,12
25f622208c428305,12
21b6fd2e7536f707,11
8f5d219e4883373d,3
ac1ca5f776614ba6,5
9cdec9fcba96caee,3
dd6e88baa8c1938e,4
a2d6a79b3c5366af,11
0e10c760780cff54,12
336a66d58203563e,6
2e6cb57eb74cfa6d,3
1005370626820c4f,3
d1c83822c73ed8d6,5
7ca0d1352187102c,5
3c8db8cec2f85e7e,11
d84a90bde7fba055,11
428b1eb67638b0cd,7
3d67ee3f92508db7,3
847e33947a959ab0,4
6f02c7a82e1051b2,3
7d1774a123f79b89,11
9518635b24d94653,3
907e12b0efc3f706,6
22f9c9897abc8922,5
5504dd8f6f1cb9f3,3
c489f0c2e0bc69e3,12
167e9473d18336e3,11
7d102b99a0e6b0c1,6
454a57fc3b350840,4
4c32d79e1fa778d4,5
893a98af23ec8175,3
ae6a59d1690f7b4a,7
37a9ec12b3d5a6ef,12
9e9a2bad82258bed,6
04e0a623e115239a,6
abd8b42eee1945ee,7
7ed0db0f63684b9a,4
0679a01959c70a8c,3
d4c8ec5e59f0c879,7
2766a4212e70192e,7
0b685a9c5f34f413,4
53966b671a208086,3
120f571cec9acf27,7
485daf2cb0f4d10e,5
cbd02e90f9e8d3f1,3
f0abc5f97253a361,3
91d9731ecfc57e1a,12
fc5789c70f57e140,1
da914ecf5e849212,12
cac6069f53a56481,12
5488a081bd1978f2,7
acce8ef2dc31042a,11
cfaef76ca66f1ef1,12
e69581ff0ea05895,12
781a77335a260d23,6
fc4710fe45ceebe2,3
6f2180eed645ba8b,3
a7eadf4891508da0,12
4c071e659cf4ea0d,3
df19b0fcb0a88147,4
ca3ceeb327735298,7
83043718833482c6,6
c68e803a0cdbe05e,7
08ac7bc4c60f2311,12
ac5815c055a70025,12
4c305d53ac22d6fd,12
5979b43e113ac233,3
17896d01471f3ba6,12
278f81fa711a9e6c,12
e6e191ae769e3b0f,3
efa8884a0247fddc,4
b6439bbb34ac76f0,3
233bc429cbe0f1d6,3
f52eabd730a30fb2,7
ae00f9c17644e046,4
85fba3591214eb27,12
de69d1baf43c1442,12
be0c82bdbd8f7561,5
9e6830289d89e803,10
ae47ac61a20f9d50,3
ebbdbf5b1c0e1840,7
b1f27f7465f90fad,11
bf7b71708894f8c3,12
f5c9781b8b498561,3
27d07145f703fa4f,4
bcbcb558ebafc93b,12
b12b339eeff7c489,14
f1855f13427282c4,8
b261e23472c16959,8
86e0df8863244836,6
7ef1d11120383428,12
b0ef54271a12926c,12
cfed5b52ba3a2772,12
dd713f3c4692b838,1
5051a4d2f57dae0e,1
0fdd39979eb892d7,11
802c75f1e359b18a,12
ece01ba1c7b2aaf7,8
724a697d3575c786,5
061c5c01f795b86c,5
00629485b827e41c,12
3a4268126af2b1b2,12
e9552af3101a11a1,3
aba41efcedcafd87,12
ced635934ed89f9e,3
8c6bd050426d21aa,12
26c4837864b875af,3
b505008e8049d238,3
519d753e910670c7,1
59cea5d669a3120c,12
ae2713737ec7b37d,12
e2b17aa4eb1cd104,12
32434e256e586029,5
619d77829987d434,12
983cac045ee2c42c,12
b59ef787e2497a79,3
21e5afb17705f537,12
2b1c8626c342f5f4,6
decac8dd6e0d45b5,3
d7d96f7d6f148602,12
1df145f25e5fa51e,6
0b75f550687edfc0,3
156cf99f9544b89c,12
6299ab0651dd62d7,3
c97d0b31911b1043,3
618f3dc17f73734c,12
a4fe4f5e824c5b32,3
4d3fd784c53c1e45,12
82822493e66f8d0d,11
1a34ee6c941745e1,3
46fcc0f850604c65,3
615d2d5567746968,12
f35a7afc647dc86e,12
4292c36d2f5b2536,11
31447a9f9aa90115,12
6587e6e8b89a07a8,5
bb3fe9f4daf85694,12
702c42722b77869e,7
2e9c32a942e6e5c3,12
ca1ea8e240464d83,3
c4b4b3a7cadedfaa,4
fab2c9231aa7f0ec,3
559b7f07af76ad07,6
adb68c21b4c1e1bd,12
7dac61ab9e846c48,10
1c3818332e43c919,12
fe8ae15cec3efc5f,6
d32605b0f0360e71,12
8720c9cf92afabdd,5
ee4f11339c98956f,3
76cf820cc2fb6000,12
9dc1423032d1b0f6,3
f19518fcefe8f402,12
b480f5de5d69cd0e,3
d544ec0b176d6609,8
de15028dad9c9ba7,12
a4d8fca431a3e41f,12
b948f24a098cfa6f,12
2f429499a29a1aad,6
9bb8da05b44520ce,1
b611fe1bdc425dd1,3
3867b7b84070c4d2,12
f4fa878eb965ea68,12
4e09e58e80053329,6
f0624a85be900e2f,7
34bde863a03936ba,7
a8f131a92ff4a113,3
46263e128f7edc78,7
c60e2a012405b095,3
90781560e3fa2391,3
2d16cc81aea401f9,3
9059bb3092390fac,3
69ed9345b015d588,12
14e9f9f6650725c2,12
66bde924ceb0ee2a,4
bcbf586a05b270c5,3
02a81bcbf414fbff,5
81f6afd3b1c69f8e,12
35509c15ad90e2ea,8
53300b4f3456a281,12
bbc4acf7269ca057,5
66aa624bd652ab51,11
1f6a62b521f3bece,8
11c4930afd66ada7,12
bceafa82b06a9434,12
656858fc626465ec,12
a96a085fff53afd0,12
d33f803cd4cdaa9e,6
bfcd9816ef80e2e1,6
75e255944497be26,5
e865f62dc99ee492,4
fb7d0d4fe39b7240,7
63471c538a33545f,12
55410d7c59f97753,8
4e8c6f8e4fe7f452,1
bef51742298087d3,3
b2524ebf1396db44,12
ad7eac2497583018,12
34869204f6e132c7,7
ad6a03a5e94caa27,3
025c7a795b2f1ad3,12
fa3e45e0de33747a,11
725bbc752fc60be3,3
403ec31c2a1e0b17,3
0701e76508126b8e,3
de0b3a919a4d3921,12
b3633f912a3f328d,1
ccfc2e1d6c8c41b7,11
a3004c10f5bb7de0,3
b4a278bc9fcaf964,8
cc0a9cd947a143b9,3
af9444c1195fdf9e,13
5d6937742de7af67,12
0e061c9232fec9bf,8
b038c0a6937ff093,3
e8075c06159cbb70,12
c16698cc2a0b3576,3
e7384445b4b5386b,3
82d9c8f5183a2fbb,4
f04cbec0aac6f771,7
d2dc54327bae8e77,6
44f0c476a773b114,2
e420e2e23a36eb2b,3
add3b701d81ea162,4
694f37ea7a3f3b8e,3
2bf3484f3b101b54,3
9f001d9e584e7328,12
93d216137adfd7b7,12
64fa011b234e7b7a,12
a5530d417b5f5663,6
c6e7bf8bb0d7ae88,12
2b6a9f3986ea467e,4
36fb0c5b500ab02f,11
1f4aa797cdc4d0ad,12
53f53b74f9fbcb57,3
4c23c8dbf6edb345,3
a99f3721052f538f,7
a7b5231b0b485e27,4
57a4999a4bda9f15,7
15b3ce90701aa42f,11
f5dc69ebcdc129a0,4
a99e84fd93d987c3,4
1d6a22dc3e988d76,3
5b3ac8704e3b268b,3
214721b40ddbdd85,4
767c26ca68cc6764,3
d109b0e871d37353,12
02722e5b1a19cf42,3
09a7fe32c188d008,10
5311ddd82e1acbe4,12
a06b0c0ed5bba962,3
f268499e095089d6,6
f0b627a61d1af2a7,12
b3292bbfa6080fb3,2
7eb8ed22a01de490,3
622deb83c27f26d9,3
ffecebeb14d2a687,6
51678f171dd11cde,3
f370e6b46e45b1ec,12
31daf6f64c7787be,4
e55fab5e72f12716,6
33243e4dbf158994,11
778c7fe8aa8d0717,5
144e5514c4043246,7
e2acb7c198a428a9,1
7425534c2dd37d9d,3
13908a9bd8a38472,12
8ba54ede31d7f21e,3
a17895eec40cef54,3
fc44a6f28d533e8c,5
058bb66222921547,4
45bc131b196e547a,3
cf99d3882f5ca71e,6
ee62b6d2cb08b34d,12
0fffc1936e3ac5d3,3
ae9da1e5af10e446,3
000960c8c458bd91,12
575bba5e997f6e7b,7
344aafb6563d0b71,11
e69eca477244888c,3
37a9537545e48e8f,3
5d3d48f5242813ec,4
8f267e2917f0f380,5
c4cb78243a629a78,12
a2b7ccd6e8eb9e74,12
7361b893ceaac291,4
658405b6a6a3a6ee,4
4210c9883ae6a8d0,6
66aed529ae429ab2,12
f72bc15db263f05c,3
f6cd3543bafb9a1d,3
c3a2acd262b3650d,12
0b60a5adb3b98535,3
904f556fab5788c4,5
7453ef96f6c60bd1,3
eee2ec585b63a182,11
4125b623efe9176f,4
4f55934c1f2c9bd4,12
f3a7a0b245b62da8,6
80fa1ee91e9fa2af,4
8445a478c2455e4e,7
58ae3c00bdfe5646,12
5cfa81d2e240e5d5,13
597a93e113f7a18e,11
eccfe4540dea08d3,5
71982ea4e8bd7667,3
15b8291301c4740d,8
1ab7440a0b7578d9,4
f3b60798c8e54ecd,5
797c60ea898288d7,12
70044b5b6d664853,3
d64d060cb22ff378,12
e8427fa073fc4a92,3
055d818e894e198f,7
2bba07aea1fc07a0,12
ce2769ca17268c27,8
a9a400c3a9666521,5
521dfe9d0f7938ae,7
738aa8fc3c0b5005,3
7c0936102b6b1438,5
fa7e4c8d4f9114f6,3
8bae3a7e99b869dc,13
5e5f269f96b31063,10
6f882e730f9213f6,11
19f5f5d72b19d003,3
772732b8c767e24c,12
34946bc29778755f,8
91abee7a7f40b130,12
24e05630f9af6301,3
adbca4190fc02e8c,3
96ae7bd03b883674,12
df956c46deeda31d,9
8595efaed2dc6875,12
2780a7606925faf8,3
903915cd09ac70b1,12
4a40735d902f3faf,4
cb4dc0f313c3a5d2,6
46509cbf6345f8eb,3
c07eb06d21379f01,1
cd23e5e9b28e3a32,1
909692579e785d65,12
a4a37d0685e064c5,4
e57cc151a3999a8f,4
ff4f77290f725782,12
3031be002d86a5da,1
4192485aab908d62,12
565f6f1a28815be9,8
93de3e7ba09795ac,12
e01416e7af296892,4
b364a962d4ed17a3,12
8a957ffb97f3ec23,12
3f20d22743ca6574,3
205752b5c6b9af6d,7
5194c02699d78d40,12
0f92bfabc4dd9759,6
cd2be0bd23e54e76,12
d94d2f649392c6a0,1
33aab78ed2b6593c,12
ebccb6ea27b54f57,12
9ebb258b03100094,12
e69ab5b37abfc925,3
c7631c526c48b483,4
040b4f8589fdf336,12
82813e43d18c6ed0,3
b691a57cd27e10b1,3
c2df6e281a8e468a,9
fab6db3944304808,6
635b26bb180b3d65,3
7f67cd5b748da81b,13
efd8f50317384221,5
b368b4381a0731fe,12
ba7f3f8fe79f547b,12
32e8fb2f1212f1a5,3
a46b1bba989223e0,12
cf9ef088fa989aed,12
e43d4808f544181a,6
87d91e3fd190752f,3
69c586d7ed43368b,4
5d5f34bc5eee3963,9
abab19e089567c45,3
824995e4f1d3d747,3
1f2bf27d0b8c3cde,10
e2c03a6c0baa436f,3
4492d8cdf43fdbf0,3
3562970de2e0550c,5
b9d26d1d5b81dd86,12
e003c7c262262d51,8
a245bacefa2341cf,4
23616414088169b1,4
2516f34bd318f707,10
5b245c1c322e1dfc,3
26bcb170d0f69974,4
cb902953f6708521,4
153bda499069a1e5,12
26b0026145606f35,3
d531d29ae9554d61,7
924536cf38aebbae,11
53dd8f3f949cea27,12
fe52c774fa5c90df,12
40bcfeaf58dde73d,3
ae9a1240a3c83d42,6
6f811e70af91f59c,5
ce90a02b7b37058a,6
27a13e9ef50c8bdd,12
1a6626eae06984e5,3
b3c39977f6a4b6f7,12
e524244dfe6061cc,7
b07123ed42405eff,3
dd75992b756c12ab,12
130830255a46731e,5
feb564693c33ea7e,3
37dd03529dbc8be3,12
4d1512cb4644c09b,8
f72e3587e11101dc,9
29c66918c3e5718b,3
10e48dc7b52f1fba,12
4b65e07062637044,3
5c748eb16a64d628,3
a67ed4d5bcfa8216,12
d981bed53a5eb5ea,8
fcae14e5bfdee2ce,6
02a5408bfe2a5894,3
66c77b551d2c83b8,12
33284ba20107e32a,3
2710ac0a370b7ab6,7
b6c6b5656f8c0d61,3
3732a6d01c01781b,10
662b3575f7966c06,3
f20bcefbcd632206,12
65df8080e70c66e3,3
ee0583ff5e32d376,4
90af71e6f44f1003,12
0e36d2ca846b0a1b,7
0a697fd99f9bb34d,3
869160c903c33f69,7
26d272731077e888,12
1f0268ec3f50ba99,7
7c0fed70d4d82e91,6
5bd75600c5ac1217,6
12baddd463464014,3
6ded793ef5d871b1,6
6b4b2bbdb0e4912e,14
e3d5e76ee15044f9,12
99b04b95596f2464,3
5142cfe5c2e0c907,12
11d3f84e1d92d01e,5
80b47588d3b48e0f,3
6609ee5f2e184364,7
d6799dc82f098c8a,4
ade91b4cf3fbcdfd,12
7c27024f86f8d41f,12
1917d2e41d7e8835,4
26678876def85d86,12
0c196265f3057d82,12
2ed6467df39f2d66,4
fe2e7b9222a7377f,3
17c37fe08d02cafe,4
7f6b0cbc204c157f,3
ea2c58b3540a5643,7
685f9d641c72f989,12
47256920b855fe8d,1
364e28edabd2edd0,3
a9a2965838bbf741,8
83f70369767a0644,6
fed675894c566b22,8
c28df735fc2cc462,12
6c4d5eaba16e6a9a,4
75b4b01982a47ad8,8
6d186cf02b5ef3b5,3
0b56b9f54b19c6cd,4
e68c1cc6377fc0a8,3
63a1edc12dba2c7c,12
efc6e156b6b1e049,3
dad994213452c67d,12
1c4bcd08811bdb64,5
ee71f19431f9c980,12
5e0e6c4f719ffb6c,12
17b9a28ddbc597d2,12
640b0ee1a7013f90,5
db74864ad32052b5,7
101040bf435f25bc,3
7032a63908e1b2d7,7
13f43befb644b035,4
d410edd7e413968d,3
efff8b8ce9d67715,3
452c78b3428b5063,8
9ccc71ff38cca958,12
9c9b8cc3c0092e65,12
95eac444dda25f84,4
80687119cadb382f,6
6704863f25aa88a9,8
46fd6fd93526af01,12
52a6d393e95114e3,3
de391b3fadab5ef6,11
422b3d02e1de0d4c,12
ad0ed4681ea44bd7,7
0b56da9856f2270a,3
e6e79461921d4c57,12
9b97ba0c35905e6d,12
9d3902d722005dfd,3
be2edf85b8801dea,12
85a60985c97d1f0d,8
0bc6962b3af8fd51,3
165d7df59d075fff,12
3c22bf6c02d678d4,12
65e1e31b72b06647,12
c39878a0e30314d6,11
8e480feab32c0173,9
1ed2d33252b7c48f,12
3d2014ab1c65d615,12
79bcc421c0627cfb,8
01610c4ebbf4ca58,3
3a748d38a015657e,3
d7634bdda1f569f1,3
c6fdf5b8f945b810,3
6f0fcd495d3fabf5,3
c56925acae89301c,3
152a7ee0191f8038,1
7e3833baa6672f59,3
401a6f9904b0e084,3
6f0c17fe955e1f94,6
afbe81ada21f5e76,3
cdb811c1488c6e49,12
f809cd337d015148,4
d649a45777e1137a,9
0f451dfa3912c183,12
c5bba121925fb868,12
8ef80d1d5f2459c8,12
5c0fbea9071c3a7b,7
9238a6b492a60f60,3
0ac33d039b95fbcd,3
274efbaa6f75c766,4
be5b4cba1a808a77,12
c9abe1863c48d77c,6
d278ab27fcbd9ee2,0
bad663c89716528f,6
09b5d1405dd11769,3
db8239681d8000bf,3
e200d9db532493da,3
5d420596441c0606,12
4e690a0b492238e0,6
5f6deb01a6f00420,12
0bab133ef8d05556,12
3a97d12cd21882bd,3
eff587a115e806c3,3
939ee1b15526c9c9,12
00e894ebb1629b1b,7
094770cd58a39498,8
badaa613d1d1a0bf,8
f266347c9e719780,12
8da0785e623dfbd4,12
7f788abbc94a90b2,3
efeae34965a55fa0,6
64d6ca3916042eef,12
541facc056330802,4
325dcc974a1d11f7,5
f9baec5f22d9a434,5
cad646fbed011869,12
e64cc4aa63bdbd49,5
9f30217ca41b6204,3
588b9828b0240b70,12
6d1e67e6ea01e3a5,3
6b53480d9886f063,6
084e032d21ba54c0,3
254d7e59754a3ac9,12
ef5ec7244f08d05c,5
8913e508801073b5,3
13a49d4790d6ec64,12
1f41383f225bf360,6
3c86b343fc7c3560,8
2236855a3f886e12,12
b46be52ed08f480e,3
7559a50a617e1ff8,3
a5dc36205e4a5699,8
bd0bad44e64d49c1,12
446674c9c8b90a4f,4
0a317e8109a8625c,3
3954f3113f82e8c8,6
052b6c6c552ecc26,10
748edd335de28e04,8
6f725cab518f2c5a,1
51f656350dab6174,7
8ff525b045aeb432,3
861eb1f4729ab9ca,3
0e241d0128b425c0,12
114a70105f474790,12
19f1f68e38a924f4,12
11b69945176a82ae,6
f7938aacc901400e,12
9384e5929c976159,11
de3074565384b81a,12
2bbf0ab322c906cc,12
c02685797f12a74b,12
cfb2ca4a62ce8a19,12
a79d4dc6f173a152,3
4a5cfadbbe0792d8,3
c64bafd02afb152e,8
b807c198d1365ed8,6
af30617038853fe7,12
7c4d654cba2dfc8e,3
23a30ef9011c8b2c,12
da4d1908e155c336,12
577a0f57ab02e5dd,12
459620d889acee73,9
e4046b94ac854092,4
e848b517bc1b1fe6,3
ada78ff62b70fd76,3
e51348a2ee569675,9
de69de2133e59485,12
f1bc67abec2c8e99,6
097a90b71a6c8b2e,1
5a139a12a5ed93c8,8
dfc704f7f8b9fed6,3
4b6785eda33b1b06,3
ee85710bc73044bb,5
2a7a64fb50d6ae74,5
038585c70ca44f99,4
76bad425ed447c58,12
1e8f1ee519c332cd,14
70461538fc8a38be,12
88e7f9ad2cc09d34,3
ccd321c08480bb7a,3
f58557dcd14c8cbf,12
bc09da0f1ead6ec3,3
30bf01d874adf0d3,8
854f33d1b9dc4771,12
44d884714ccb8bc3,3
12d4ff48ec39d404,3
b927aef4743fe098,3
708e749ef8961068,14
cfeb8917bba1dc0c,7
be146e2eeb2a7c5d,12
41b3c4d921564152,2
b8b770a52ee5b424,5
9f472a2e339688d1,12
cdb8b34e8bf4e019,3
6a4a801982429128,7
e7e3445a1840981f,5
6554a67418c585bd,3
bd1df5268461cf2f,5
88983b0e6d441bc9,6
f5640af0bce75e91,12
dc456838bd9c945e,12
358cb0d00fb6fbaf,12
25f32cd90395982e,4
92daf2426b513c1e,3
ebef5075e66d2ee6,3
22a191bafffa1063,4
255fca7a2f03b123,3
58c2b13742eaf6ec,3
dd00a220fabb6c39,12
6f0f1d5c54439448,6
5d011de993b0d9d4,12
92935d9e1d8f3c42,12
3fbe08530a94cc8f,3
47c8b6799d976a64,12
18a56ea2f1bdfa8d,11
2515e579aa6396ea,6
9f00c4256aa25d05,7
8310b44c0cc09148,7
67a251b8880b3bfb,13
2451401eecb9d8b7,12
a152ea6139b47630,1
ac0306196674e54e,3
e6dfd26dda10de72,12
3ffc299fb3f35ec2,3
5d639c825a18b231,1
cd5aa8846f2cb0bc,3
3f62229f31696a29,6
27ea72d9c2d46834,4
a572f7073bb55983,5
4e87d11cd484a9d3,8
1008b78353b863fd,12
96b5d1bda231316b,9
5232fe5cea1f5cac,12
6416908640a78a81,4
9f7f08cae653424e,12
9ff507e2ecff5cce,12
0c808235ee41ee07,6
a463541d53f02b75,6
02636840846480ea,6
a0eb9dc627aacc6d,11
4cef878af1a227b5,3
a81e88fb06e1a874,8
974c7baed4b2bf10,3
178cd7a694d2123d,12
7269ca6308576598,1
64c9c762710e236a,5
32b2c39affd24232,8
226463e149bdcffd,12
76d6e1b5a947d28e,3
8ed8002426e72c48,3
ef5d42dfcedc9659,7
5409c37b7bc69a80,11
f2ce00575144b1e0,5
0e5d5fc9293e6015,3
670a0dbccf07a32d,4
4aa7ca9c9123f061,3
e9ed4749cbf15eff,12
29721b38288a308d,14
9370cf0824728d89,7
0e0ee6342aac81c4,3
57113fdccf4e99b1,12
f9f57e1b2aa5a1b5,3
bd01fc6a00736b92,1
5a1e5ef7e7c82b5b,4
71dc9c0e8daac1d1,3
f660b8343f1c1ccb,2
d75345773ed9c678,4
0ac5a89e9b524e78,3
5769dd3a1102d710,12
796b1348dbbda979,3
81867b340087882f,4
30eb33b75a62f571,13
cf0e17d3af538159,1
35a63c344aaea3fa,11
56ddf23611134552,12
d9689629a438b0b4,9
97942f571e0385f4,8
ea085ef3eafd82d2,4
d408255c600545fc,12
2a2b388dd46749ba,3
c1324eee50f0151e,9
a82391fbe985f131,5
b18df6c28d6d5cee,3
0cc6137300d18aa6,12
b8eb17a441c583c2,4
701c2cc7c7d22f60,12
dee97eea051ebfcb,3
7ad604bc4bfff685,8
31b718a3c674a994,3
75acba60784d8967,3
2e5cf7b7e689c42a,12
de139538e04e450a,12
3a07ec4b5859318a,3
d5b02cba54e5daa2,8
1066601487b7d27b,12
1394337239c4ebab,3
39c5b341debe1108,6
8c8a4588f30167f9,3
ea26ef0ebe69fd11,5
667d530fc14a1936,6
9518508f545eda1d,3
d223e8b253016eac,12
db8112b0236a6159,12
a9fb05d73c5e23aa,3
c68cd2df58014b15,3
5f471040bb5ca8a7,12
4e3899212babf3de,7
da29f3c94532e130,6
57790ee2bef5bacb,14
0dead428c9cf96ad,5
c65c3b60ee8273be,5
dff01c21d85aadda,12
02609b9c994028be,6
1ca95c396efeed91,4
cc9d3f8c99659b48,4
e63d095ba4c9b9fa,7
c5052d762c3de413,4
0528de52234643a0,3
9381e8ee9b2ddde7,12
11a50ae6fc74212d,12
baf831b0b30e754d,4
e2f639e0de91e023,12
a4401fb61acf5526,3
485f2db94d208760,14
837fa94b63170a04,12
74b9609baa8f736e,3
7f2c65584f45551f,12
e2b49ab3c7d35daf,3
77d7056d41443be0,6
b609de41410b4ebd,11
2eda2fe92e975b1e,6
4c1b3ccc59fc988c,3
4e77535971bdc22a,4
dc242d243d6833fc,12
b380f038c8104514,3
821c3b857a27a4fe,12
7ea991295fb8f72d,4
6b78472ae582c186,12
64aa1f089626953a,4
9ee5bca7851bb820,12
3a6452934ba6077e,10
83763069aa7ca087,1
087352cc17a0ac99,3
bfd89a5433433c91,6
2854ca24e2b2ce87,3
3c773bb7351e3353,7
d18152c09684ada6,6
32a61347d9c528b7,6
af2d0e67e5716ce6,3
ecb08129a6af08b9,3
d8711c4a2a734c8c,9
637279c99f2c976d,2
55e04632b6aac5d8,12
066461b7d7052335,5
f7509f9fd3d9db98,12
9be001501f149de1,5
4b02afc429af09d3,3
7dd7460f56d82a02,12
9c894162a7b88356,3
f74f348145d2de7e,11
9fefb539509ddb04,6
5fb60941d509f697,8
b0118df694f23663,6
cec5df7a0a46d78a,12
3935ffed907eee27,6
deb35ad9e495f3cb,12
aefdf4752aec2a84,6
b0cd5dc8e0c028a4,5
1e21dd166365979f,4
1072d61bd6d8353e,12
2f506847df001fa2,5
b3b39600ae27c889,7
b943bb69a3d481ca,7
67ebee2bc3395347,4
c2c9fb3ade02f6ee,12
c6a99900ba361acd,3
5f46ab7c316f87cb,10
d1f987bfeb62b766,3
37d2868f1c95c7cc,3
6f60a8b579d25663,4
f2919afc38d2d46a,12
efeddb0c3294d609,10
15103ee1a0f071a6,12
9362405b63bf43cf,12
00df6f3ae2bb4653,12
f7562268f532f0db,12
c20d6db15cbc34ee,12
3c6bd2a96c2c58e2,5
bf5cbc3baff726dd,3
0110cf0d2e98cb00,11
6dd4ba76b0ecc487,12
ffbee9b83abeec93,12
bca7a933e6b58be6,7
af40676fe05edbf2,6
24f273317aee8b6b,3
aad75095ea9c7ec0,3
a50cb8432f6687c6,3
833c323d88d618ce,5
a45c5ecf6a7a2eae,3
60e8fcddc6f64cba,1
d440b8a1209c203f,7
1d791c0f7ffcf310,3
1dfa7ff16827d353,5
c9cf617e9990bb62,3
0a1ab808c2277d80,12
8107a98a53df59eb,7
08cdd9894b170315,8
c7ff0dc590d3553e,12
001a8756f8a80a7a,3
17dfbf7051c822e2,8
d010cfd3ef14a308,3
bf2f1c0a18afe3cb,6
02d63a56cbe8306f,3
104b8f82cbb0e6b2,12
86f9eb293e2ee3d9,12
74cd19826f51161e,6
2b988fe5a5c0af91,5
18e11c0efc966914,5
55c744b63d9bb534,12
3c31bf56c3cb9925,11
0edf7177a9eee59e,3
52250d27768a240a,7
747e6f52e6cb992f,8
3185e64c38078996,3
d5ebecd3da783490,12
381302cf00a2d344,5
815f9accc8102d17,3
b4336ff4848b7a18,11
f1396e2b3baf8e24,6
7a5e2c1630a01a8a,11
93d6b875606b7f04,12
bb6eede15a1cbd73,12
f0458e406d97fd05,12
4268b204e04c1f5f,12
7335c570e097bb55,3
1ebe30628723327a,7
2909636167f08836,12
e6e00cb92f8c50a5,7
6dde0d866e014f41,8
a7958166e00db703,3
2435cb8184b888ce,12
68bd570414a0f3a1,4
2455644ff8e28e08,12
6b7e4614ca4cca32,3
fdc6128b6e7cf216,6
c8990abecfe06f09,12
f339f2f6488ac185,12
6dbae39f8b8da4fd,12
47f016e56bfe9ede,5
50c0173bd876c9ad,3
2ade3984e38ef7e9,12
99d1c9554916b6db,12
dad22bf7440efdf8,3
4ffb23d90b3b98ec,12
6365f37c611ec2ba,3
26e1b9f3a7ac2883,6
327c9088281acc85,7
3b8c7c73545672e8,3
419ca9af1dfa4518,12
a574b05901da980a,12
ed245763f2bd7b91,12
00918ba80592fa57,3
128600a3f3752034,5
157553e87509566a,4
c840923df232bd44,4
eecd2264ad170781,3
56c194f128c17e36,4
7d07b877176cc17c,12
b0d3037cd6f7d12e,12
a455b5adfede66f6,6
11b648366b58facc,3
bbb10e4939973999,12
c9c08ef9eceddcf0,12
4a621487066a4b43,4
6ce130d46041e660,5
8a92e8835b70d656,4
0ed3c91b2dfdf203,11
dd4cc099c90535ad,12
b638d249ab618d9f,12
5c08ab5a882f7aca,4
bce79e1cb6a14bc3,4
daf869e5484b0e65,3
a16338ea8ebdf8eb,4
fe9341149d19c287,6
8bccf81dfbb71942,12
6b5f999f43e58729,3
b5fa93b896a52a47,7
da514d5d23e717a3,6
d7b00da590bf9dce,3
f7ec34139123df6e,5
16f13553027da004,3
be2b69617586d495,12
c2b1be464ba4ced8,3
c87e4864d5bae7c6,12
ec71afaba6ee89ff,3
c796df000ec00f97,12
371976d8b809dbe7,4
84cff3f9d2cf187d,12
633e0d5227867a5a,4
e422bdc6a14c1b8b,5
b6837edb07981b18,5
4a3d1b73baa54790,6
0bfeccc1ba872dc5,12
e33d2eb92678e47b,12
603026c47bd0440c,8
fc99316354af9c33,7
774d1e588c74a485,13
ac23e4d352d68ddf,12
1c4ea0e65c3dd0b1,12
01cc8dfd570b4646,5
fb1c5548d475d674,3
7f7d68bf4f9a1791,12
9e303e0768b3b6c7,5
a98f759e96cda0be,12
fc72bf8558e5923c,12
2a17b5dfc586d5b0,12
efb8f7535c3349f1,12
2db1cd41f548ad45,12
5a52cb5d436f9da2,6
00de7abaa91b06a2,3
3a4b682960e1cb1f,3
12c0cea2bcee0c5c,12
06ba6fd5de1065ae,12
988950abb60f8cf5,13
d90aa17cb6413bad,12
8aece07adc72b7ad,8
18c5c7285be6b239,3
a2052e1ee34cb9a0,5
d752ecbabe468dde,3
35a4efb0ad19859a,12
0e8f5013dc550a5e,3
a31b8e1490f6426b,12
d802076fd0550455,4
e611af575ce6a181,4
9069bbace57daf98,7
745d04010f048328,3
c57517475251d95d,3
9fc8976e6368e0dd,13
77ad9be07a9bbe51,12
26cdeca888f3839f,12
ddb43c633e35e160,4
df2b015ec257ee8e,12
8dab28d5f153dd87,9
b21edfb99d58d2f7,10
47d708d660d6c5f4,4
b28e4fed56262c04,3
49726e270a59a254,7
48bad9b048aa333a,4
c6fec44bf78f7345,3
dc4bb3bdec1fc398,4
2467d84485bbc16e,3
50b289ea55fe26fd,3
a07f4c8cb7d321ca,11
42ed59052b98f6db,12
8595d59f0eaf49e8,4
43625f6e9bb1f1dc,0
ca278aa120902504,3
c59685029506ca48,3
31bbb11864b740bb,6
66ef6354df0029c4,6
6981f07e13829912,3
ee7de21a38359bde,3
36b5985101a9e560,11
d5eb07e210a29593,5
236f167fd8515cfe,12
c0513b69543456ea,6
7788265e360d1b0f,3
3cc6ef135c1ecbf1,3
48aec24e2502b397,12
287209cad58b3280,8
2530b6124b218dab,7
d0e5c0eb0ceab7be,4
bbaddaf7b375ac3e,5
b5cb6807b9cd41ef,8
506308a969a41de0,6
9e92bd169d761106,3
1ebf32b4b5a4dde2,12
3864753b8596d120,3
7416737ffe969d31,12
83c2c48ade846208,5
b47da45ecb80bd2c,3
c43cdaceaef55edd,12
ea6a8be66d47e1a7,6
577c11b8441ab767,12
997c59d5d75fede6,12
83c724a83e6e30be,6
d7a69b3b4ea643ad,3
9274e13b05f140b7,12
339cea405c6b79ac,12
dfcaf62f8cd4bb55,5
254d3d1cba32803c,12
35343c4f9f82eeaa,12
608ed2118a57c91f,8
69e1a236b50fdd8b,10
5fdcd635cf715c92,4
ef5e9f60262349a5,12
3ce4205e1b4f3bb5,11
e159e3d3c533063c,12
1ce2ac4b538952dc,12
21f3cd2b6aa832b7,4
ee7faef123d25892,3
3bcf71f33e793574,8
f046b080c2b4fdce,6
13c6316d91ae92d9,4
94e6ad4e420b9146,12
273d442240d6514e,3
2e571cacbe9da356,5
d824a56f88a98353,6
f2536f1392bedcda,11
5c3c97e8c825ea81,7
f9ed370be334a8db,3
13ec3df952e7e5c5,10
dbd0eaae06db66e7,3
067083e89a1520ed,4
899d85771284e6a5,4
22242db7776a4fdc,9
094933bbb51ad474,4
159d67e34ac5cd68,6
6b5ae11d3858f4ab,11
2f99399df7727084,3
ff9a0b1a32f5d7a2,4
99a90b330f47acb6,12
3caf73165b2411fe,3
a1d3e8f4cbaebe18,6
41a1d48baeba55e9,3
24d09f9090d872cd,12
4a24682920d3bddb,3
385e04fe85085154,3
f90cac47a2802007,12
c40249564edc351b,3
95dc7417e92630f6,3
5a05405326c70275,12
0f0d9bc0d1039474,9
003492d0f65da6d1,7
a54fc7436be7f570,4
01dd5f4613a433f8,3
01edda083492efc7,12
e04a91fd103c8a65,12
67e2c67b60358cbc,7
b1045a6aa157cffc,3
f65d6c8e3906e01a,12
ca1bd84cb208afcc,12
e4e1f8a7b9a28f18,11
191cb69dadaf45a3,1
9f28841a3b5fb36f,11
84f558fa20de9e15,12
66970711a8d02b50,12
fb42aa880172ac5e,3
2d25115e6f59ab8f,6
2bf8bfd47bb3aeba,12
6d6e901d5bcd09f4,4
d7f493b7a8c5605e,4
25f4e8dd44347ec5,1
5aedacc586b1ef46,12
df29ce7be5e261f4,12
e5eb61d38948fc27,3
3a7f4e777c7977e4,12
a93b368222ee9de9,4
8b44e0c5362ad841,12
3c6e2b0300446b82,4
be98759ddf2b363b,3
7be5db5501dd36b1,4
23bb1b2cdd21dcee,3
bab51b18e13f7595,3
fd7daa256efe7614,3
99bcf876bf272a6e,11
913d6a0766f3b65e,6
efc54b85dd8b8bae,11
6d1368c72cd177cb,8
20aee00a55275499,5
c38b67f5a84b02cb,4
00d9379b27e98318,12
a023d596ef9372c7,3
eee3c89a8075c2da,4
17b76a6a1ca4b499,12
b5447db6ca9d1306,3
3027cb048fbd6b66,3
fc3d32d778e8c7ac,11
49b043c0a9b0a6fa,11
f0c6e8b770fd4703,7
98f0bc53e1d8a978,4
282d426e9790acca,12
6779a648da77e38d,1
8a5087dacf09cf22,12
edc4e072437abc44,12
e7f0e17dc4467a75,3
18ec57f757162959,3
85c45b8c4c42a8bd,3
ad75e020de7c2ac4,6
7686f5cd70c56229,7
93dee38fe568f647,12
b3dda1b93e815f6c,4
22a7035de707e740,5
86bc0ee3eebc2cd3,11
7572d746bb0e97a5,4
cc4e015bf36cb35f,4
a8c9692182defcd9,12
c975f9125583509e,12
622f1591fc653e01,12
e59224eb3ab7d7f6,7
dafec5144f67c996,5
04e33ab90fcf768d,4
43f864ee9d88e299,8
63b64c154177dd02,4
fa9382e524510b81,12
34ce60300b907ab7,3
ab003d0e7655e64d,12
1cf2538fd7bff66a,4
9f202f692f2f0142,12
1bad435455bdae4f,3
ec44252ef7c9dfd0,11
e8d8fa1398f78901,4
1694fc4db70a60bc,2
f42c56c12830400c,6
fa9989dea2820caa,12
f3e24db33b263cc1,4
e01567811e00c408,12
3c19949b1b0678e5,6
1c86b9c74f4c30d2,1
8411e1a6d0f9688b,8
ec7f0d164f0f0627,5
54b5bd05374d11ac,12
6eed9d5b26395124,12
ff5b643ccaad1d63,12
0178912e88df477d,12
31ffee4c3d6c1a8e,7
9f5a7223b1ca7907,13
fd2712a33830a899,7
f977aeaf44b2f362,3
2ae371dec5a2bd2b,12
3ee22210ef0800a6,11
16cb968eaac4c082,4
dce1f02ba0e1cb2e,12
80fbfb1b190bfa8d,10
de3b8efe6d8063b6,12
239346f2c0cec8cc,3
9887c550f38a3c56,12
3d98c965fb2846b7,3
ff6fc2c46900202a,12
33dbe28a9fe79012,12
86380b1747c5eba0,3
e6e20641c50a4bfb,13
705f95a0d2e1f5f6,6
40f77328e069baf9,3
a9e4a7ec67142a45,11
5b3b65bee33e90f0,12
4dc46ddb3214b6a0,12
d0e778ec87f51fdc,12
7216915d61f51e13,6
2f665d5e42095d99,11
34712b2acde5ef32,4
e994818f353adeab,12
91a636665eb601d0,3
9296a4452d5d02ce,3
d193bfc5cecc27f4,12
f38d24ae2b555be8,12
d8e03baaa0a83baf,5
ffa7dead6f0f7f69,5
6c3b647a376c08e3,12
21e5e24496b8adba,3
a424bc8a6960b310,12
ced8bb9eacc01e64,3
f2fb102720be0378,6
1a1d02d5c613d46e,3
5b95c49249c92fb2,1
f9b8f68d4e74f9ad,0
62506c078d919fb7,10
56686b553bfd25ff,12
470c43aa9bffaa88,3
b9995e92b4cff097,5
aee538ea033d930f,3
42288013a6300e25,3
e3c8128319209df9,3
bb655ee20a26ebf7,8
8657609873872bcc,6
dfbdbe39e293358d,3
3cb98f03e24bdcca,12
cedc1f8f682412cd,3
1bc415cd72fadbbb,12
a881efff0802211c,7
03012d26852284ac,3
40068c99c0d422b2,4
a3bc3ef8ca002f08,12
471c8de20c04f4d4,14
250cdddfb990746f,14
6f5461274d1422db,11
d0eb065846ccb83d,12
0da37edd42ff288b,3
c672fcc6254d1afd,12
cdab132877d82951,3
c1ad98c423368f4c,12
cfcadf9c3afef2d3,3
e4c6b9ece84cce9c,3
b3af82cdbe6448cd,9
98656ad0f4ff8e9f,3
d72171648ac0d2ee,12
44d83146bbd9fed6,4
adc21eb0ce065024,12
1c82453ba841abae,3
ad0d5a1b8dcc47ef,3
5e95c1ed9c23b33c,12
10e0e2a6b41e1206,14
2013008aacc06c59,4
4128e8b45ccb0fab,3
959e4e0bdb988006,11
478185bc4bfd4f7f,4
ca22c2ce152ce948,3
dcf494939e596dac,12
df45460f43b58fed,11
d7e00eea71d0ebbc,2
79a3a31fd37fc1ea,12
97b2b44d3c3b6045,6
d75ab5fd0ac4f929,3
99aa1b43dc8dae1f,4
fbc47791f62c8353,12
c7fb10141782502a,6
b0557e170ab56b67,12
b5ffe4ca527df453,3
a731206bb646f7f2,6
610b508535ccfe05,6
7407d31136da1f88,12
5253832672b50f90,12
bb1b80b0389b4efb,7
3f33e223735850c9,3
863164b2537d0e4d,1
14b0ad11082fcab9,6
e2e33aebc2c97909,5
6515e6a0ec5e9a01,12
000f77070b5ec685,4
899ea3348c828c4f,4
8ded37ff4c655dd3,6
9a100c68ff1dd8d9,3
7105e24e94ad6ff8,12
7a8878dcf253f121,3
d7f9e3790e3bbcee,3
0012acd1e2bfbe1c,8
3f76c60425eaf50c,3
701430afa3aff114,12
484b656057e04db0,4
2a42e27a40d79ff9,12
390e58aff2cec363,6
33818a36b66e0cfd,12
89afe6a47ecb625c,5
68a1fee70754efc8,12
e63b41ae0ba0802e,3
6c4e35bd83a189db,4
5717db1837ab343e,7
39d61c8a3ebd73ff,4
e3b2d33507904ee3,12
1d0c32c85b944b16,9
d380a41700366c4d,3
77f5eff7f5e26a22,5
8bdac361565c3614,3
c670877b7bc73cd0,12
98ec22ebd790e65d,7
cd6a6aa86ac3f135,3
ce0ba8fc2eab4090,12
5e4926f1dbfcfce1,12
40ca147b1895ea53,4
4fcd4a6418bba819,3
e18e6d277c4ba9d3,6
2040da838d53dc85,6
87b57d1664ead0d8,3
3f26c064ba5aab6d,8
a15bb87b0dabe689,11
97736b4ff7f1ae3c,1
02aa82efa2ebe95a,3
85ad39c3d5c206e4,3
e1d10fa2868ec3da,5
409baf8112d715d5,8
74405ed5c45f58bf,1
a3aa3a95214eecf8,7
2a643caaf5ebd89a,12
646fdf4aba22f2fe,2
1bc760b68d994a7c,4
fb7d2df986834324,4
719b54e38c230d40,7
ec38619548650121,3
dab438863943c964,12
259e374736094c41,12
b9deb88639d82c71,12
536b27f30cde3139,12
3a0f4f2c3a5c988d,11
19599e357397c183,8
b9eb91fca0f88b98,7
2887e244a7fd19ae,4
1e6d91caeb748d87,8
d600edc035ad2b76,12
e40b97b233585bd8,7
7fa5acf2f0d6c77c,1
871d913990c92bc8,11
4f6156db9c7ddb4b,11
9a6ff5d52d2e32a6,12
ae9480e0d5020e83,3
8a7f820fa1a616ec,12
0257defb14823b86,4
8051051096bbe559,12
c6f6bb701f12e9d7,5
b7f288cae7836682,7
2723c4f3ab44990f,12
93e6de6307abef15,12
d3d5f5766e1e5a94,12
1d8eb248c1f58d5c,6
e592de9ef7b6decb,12
3da7b6f6593783db,10
c2fb46e8d8801ba7,12
9bdb2ca85ae1f09b,3
269f19808e3ba5b7,12
3962e3e21e0cd0c1,3
f58e0855fb286fcd,4
c3ea3e7f6640a0c9,12
b6525e5508583072,10
f4c616da11d60974,4
2e747aaa1c015cf0,3
8f592dca0c3b6220,8
59c6233e8581742e,12
2ed217484ce0fb60,5
187c2a60a9915845,3
f6f4dcc9a358d81c,3
7e373634c3b9e8d8,6
40f6cf49c570ef32,5
3802357163f61aca,6
7c0f4b8465ad5fad,12
abecdd93bc01a65f,9
970367180fb6b777,5
1c1dc5888d0260e4,12
c1ddb105004e65ec,3
5c88d69d2c044a2c,8
2510e6502d924a28,12
056d26567ba22b38,12
5e8a81a831dfccdb,3
aaf1b4e1ecdca5a6,12
a564970784b4afc6,3
00dce8cdc8ffc4d2,3
e37adb3339122e37,2
a02d46d6572a0e3e,5
183d44072d974af6,3
3a4814b426d33a0c,3
1973673d5e1f6831,12
4b148dd7d31a1a54,7
155aebc86d231be2,4
011cc7ea7a061bce,5
3eb82b956382d8c3,12
b98fc1442db07350,3
7b409fe4983a1a7b,3
7f363cbeb80af403,3
a9ae1f667d735019,3
d522c95805cfe05d,5
e82144269e360011,6
cc36a400548c44dc,5
807e60e95f429f0f,8
9de0f763429ba60e,12
99e5f2354843f269,8
18debf95e980b973,3
d53a4adaae9bfca9,12
8642d84f6fe0eb23,6
0ad93a0308283f94,6
8ae21bc8a2a8f8c9,1
5a643c7eb10139e6,5
0ff1529d81dec5a3,5
1c149c93aa912661,6
7ca17b75773a91b5,6
568fcaf554632ed0,7
56bb8cd08785b338,12
ba8a7da41a2f460a,12
fedb920f3f3b7c7a,5
902662b0e41b0540,12
57632c7946c65e1c,6
a293b71ecca2a00a,4
47e0c4ed9121ac17,8
1d88a68682204f15,3
8b667d3dd49a20f2,7
c1556b112cfbc96a,12
bc1807584b8891b2,7
9158fafc781d4e86,9
b5dbbcc963efc599,3
6de2c7109d6040cd,3
d298784a7c0d77e1,12
2a2236507b30bd03,3
f5af8612e16eb59b,3
d88cca2e77faba28,12
be2abb5db1ce5946,3
08612c2cceb0e35e,12
8e43f21c1cdd1011,12
2de91f6125672f12,12
b5848ddbed51bf7b,4
f8291e0551e15efb,6
678fcc1f1e3a800d,3
5164474f2b9c1fe0,12
58d761eb5606d4ae,3
1bf7901597d801c7,4
11edeca99ae6c2cf,4
6b442419debd6ca4,3
8baac53311b09465,6
a2bb2cf6934f3c21,3
30b45f004f62cd6b,6
9dbd3d2dcb995722,14
b182f97a91d90ba5,12
d957747f77705ad1,3
36dd654df32f9f11,12
b949d539ffedcefc,5
7758da84e1fed14d,12
bf7667fb7fc6b9c8,3
04c4748a44b0bfb2,9
abc716b12dadc7cb,12
43829ed28f6f0bbe,3
6388505a1188a62f,12
e94bfb144b4291b8,3
c80ff96beadf212e,12
2bd4d63f605edd1c,3
223769ef8985a0ba,6
d0a96b79901e50ce,12
f0649d6eb998a3d8,12
0fb96a6bfe9fdc34,3
855e6b0fb9d9d1d8,11
cf4ea97dc334e50a,4
84b0487fc3f1f151,11
5a38713d7c3d5c01,5
65c6cb67aeb009a2,3
360fad4dfa0ef2c2,3
a17a625225827601,12
acfb1c3c6adf0ed3,5
389c8e10c8e5819d,3
7bf34f55a7a3cea8,12
44cebd178658f8fd,11
b09705df71718326,3
d244ac1f64b4255f,12
f8270aa524fd027b,12
ff3aca6a6a1a078c,3
70ca4aadbac1bb8b,12
ec67d7179f093c43,7
878e961236fb0c4d,6
f034ae2814bcca13,3
d9b842f795673c23,12
94316cf25ea783c8,3
a5d93b06c78f4066,3
7abfb619bb0541ef,11
485fd7b0c7669681,6
05a17e09e0c5cc61,3
2668a02162489b71,8
5f7af1dbbdeaff86,4
99d3348f873b0e81,5
aa1ff4b5647df2d5,3
542667b5375bcf83,12
00e450bcf4a7ec24,7
8e74c83969e19055,11
442b0cef70992a1b,8
9e1d2e30c6ec1f55,6
1feac32ca53d923e,5
4a345a8fc0582944,8
7b4684970d156924,3
2d87485d1eafb052,3
d7189b0adf993d89,3
e4a1d201655855e2,5
ecb41f62aa0fa539,12
2e58e6770942ea4c,6
9b9250c7bbd1f7f2,2
077765733b482c13,3
f1295b64a1f1af8a,14
5ba0167d5e4d3af9,3
3ba7ed90d854af40,12
f29bd72d8e26dfdd,1
140b077d7edbcb1b,6
301f417daa89ca29,4
7554b9b34eb982a0,3
11a864232bacc613,12
58c292103fa7686f,4
effe8ab17b4adc0b,8
88c6e94c3f4d917e,3
18d17d5bba71e6a5,12
dfc3b3ea758f0565,3
5fd47132ddb5a35a,12
80d29a85b53a7be9,0
04c2d4682d874a5f,5
e80eab7c2ea6296d,12
f733b54da0d38c8c,12
8359b0a7fa9d70a9,3
37d0243b4d0ec561,3
9d2edf32837664ee,12
ec958230910ad959,5
ee530199bc9eed70,3
308bab83c44d8775,12
48fecd32c1b7b577,8
b518d401620503a3,12
57747f155420886c,12
1ff504dc8e97dd11,12
0d1706e706c2191c,3
603297e4ab001efa,6
06201660674e1ee9,9
df1ba15b0ac9cdb4,7
3b57fef2221dc1fd,4
17e27ca59971f1e4,3
31939448215eb8a8,7
88e6ce268b4fcd3b,3
dd5043b92a478f11,12
d2f9e0040f5903f3,3
d3f2c2bc23d21da9,5
0605b1c2d9a018c2,3
313955667fd8dfb4,1
4c4ac87a6d0385ff,12
7824e04129bd7a10,8
0670de47f78c8475,12
347c71b1313fc5b7,3
7188f39440278afd,3
ee3256920ed8a06c,3
ab4abcd5a79be979,12
535541d299cca25b,12
67b4552e45a72f26,5
cc8c90f986a4cab4,7
055e0c0987d99ecf,3
074708b3800bd7d3,1
0ac2479f81dd7584,6
766b84542d2ed330,12
459e4e28c66e35e1,6
dc20388e54b31f23,12
5a4ca865dccfa90f,1
5e8639f52ee59944,12
ad652e45386e5868,3
f5edf610261e417d,3
c2ac693691b808f9,12
5073036c0445131e,12
e7f94df3e5df7dd2,12
33030b857431e7b6,11
82cc375903cd6261,9
b457488422aa9808,3
154c6996ac8521ef,4
0bc33a77479df980,6
61f4c1aa92b7f23c,8
0a93a42cbd34333f,3
a121825e0cdde620,12
855855dde552aa4d,11
11df83ff1bba691b,4
5c483c71e7f97e7f,8
4e54c536f060677a,12
57877a600b733a1e,3
bf902b451e070031,7
1177e91747557967,3
13423d475d9ba18c,3
49f549feac5d4631,3
ae0230d1814c1021,12
7ece234040053d90,6
58a4215c2f9b7584,12
cc22fcde4031a695,7
c62a1df07b36a8db,12
71e2e1322ed9de97,4
dee576cd57432a92,6
07cc99eed7afc425,3
a80094dea7374e65,11
7bef5fcfc0f6833e,12
f3ec94b5af09340d,6
2683b988a32fc24e,9
f78d4fa35c4dc2ad,4
3f73a03bfd4cda32,12
6ea1b80419f6a1a3,3
4435a97167bb011a,3
5eb19bdc20e66d76,11
750716401d42e282,3
fa5cbd64c565d79e,6
060e217dd92555a9,5
7e3002b964dfd6a2,12
b5c22cb841948cac,12
a2143c00137d0617,9
56feb4f400a73529,12
6bdedcab03af782e,6
33b07e8b508624d8,12
d90878573fa37a1c,5
88ce0d0e45aa2d2b,9
eb5131558fad627e,12
16590032f7533da2,4
b0ccffbb7e6ccc2f,4
c5b1dcfaa0a27b35,4
1159a75b5a7a507a,7
cefad4dd80fef755,12
431d26667a653060,3
93808332c67ee9eb,12
6d5a6cda696cad65,3
8f53da69dadfd3f7,12
8115a587ebb1069b,12
a888591cb5332cdd,11
91b3410b53ad9010,12
ba0ee5deffb9635c,12
153ffbf9fcd3c16a,4
5dcd585632af5711,3
058e0450d89816e5,3
43e8677e8e5f48e2,12
dbf9ab73e312b7bb,4
f40bc0633884b5fd,3
343c53eed72b804d,9
7172e133b6912124,6
0817c79ea1a6e4c6,3
e7ff91ba896dae92,5
18b2a8c71e265a2e,10
b2f2101b297992bb,4
bb1f18455846e70a,12
dd05077250c6ef69,12
bb07f4713ae4c183,3
9c5671b61ab95dbb,3
428a4dbe40ef163a,5
1dc6058f968f87cb,5
425062ab9b67f254,12
eecdffd55cbc9251,5
dd109612e813877f,6
c6e50bc9189f036d,3
9b377e354bed830a,7
6ca3a7bdb821aeb0,3
f3c7f50431af2d3f,11
42d5d66073570afb,1
cf48792697185b47,11
855d9736035e2ce2,3
e841d49a48277421,3
d85e4422fdcf4dc8,12
5a108deb9a3e35f7,7
341cb870468ee748,12
6d55cea475a3b1b1,12
6b4ddd4d7f1d070b,3
1a5453211c6ff039,2
84ed6d54b432e0a7,12
4bf9ac8140718420,1
da15e4e9e2c6b914,12
39d0c5c5b5b0b43a,3
7ffc4bd83d43d15a,3
f11d2aad8fa7dc2c,3
c178f9ef61e8d9f2,4
72f5c6f54fc2fca0,3
3ec22e09e76e2788,12
f8eda9991de08009,6
517e0d93052b3d8b,2
7b1bdbd075e017f7,3
edb209c11a24d9ce,3
cc78d7173505217e,3
46bc4adc08535082,12
d93654e2450c131c,6
85412eb777a113fb,12
5ebede4cbafca412,5
5bdaa732032f03db,11
2b94244a2c0bc138,12
ba213fabef51492a,4
13f9516bdf0e18b8,6
d8a8466b12398d8a,12
973fbe740b5caba9,8
09d39782ff2b1cd8,12
038b3aa716439b32,11
c43a50e9e0cd1a33,6
9f67842978a9dc18,12
be57a9cb537eacef,12
72484a48a2e852e4,4
d9141b284c7e2624,14
93c67a687bfee7b7,3
be1a3d7fc0dc364b,4
a69c907c60252370,12
db13bbb9ebebba00,8
3b4edac3e9e31541,3
bc5c14d0b8d00726,12
773060476f8152b5,11
bfbdd51ca5efeed2,4
5eae1bb735180625,12
fc9b7b0b016b836a,6
905c79117002edcf,8
fc0d7166ccbfbfc1,5
b15a7f3d8dc1c6ae,6
2ad2dd20775da91a,11
e390e58af5b70369,3
c662cb44cc3d1b25,4
3d904b11b707b085,12
c7775bd9a81e7f03,6
8f05c573f4b5f8db,1
e367112c2d9c4889,4
0904f7709e337604,12
e04255dbd01ebdb5,3
e17f611698c409d8,6
8db3b917b7c43217,11
8395f0607892d720,7
a481221ee85083c1,12
43d918ab65bbd121,12
3ca65f6ddd856811,12
042d1d25a235fd68,1
5d1cd4f23791419d,3
0ff614ef86f96e3c,12
7f80e4acb337a950,11
7afc58634c0ae840,3
259ebea5c3cb0842,3
9d387b48094e86d3,5
facc1d410cf98bc0,6
8cbf335684c52942,6
a987df57b1685cb4,3
0754d08d9f6df73f,3
1459fe1423295a9a,12
b0ba50eb8ad02888,12
b250b0d92d47eb14,5
306b8db567635f6e,4
e8acbe4c28556d3b,3
8b9a3e32ae72a6e4,3
c0842bbcef454782,12
7cf988540e585449,7
69572ec269a72b80,5
e7c68162e0cf8dd0,12
623ebc0412d9e854,12
70bd5aeaf4bf5ac8,12
48fd75864b9ab8a0,12
52e7af7da7fabf6f,5
805f278a7839b298,5
d9539f5413b26457,3
3a4d46f716f0da37,12
1abebe3e40784bf4,4
770e853e503a720a,12
2f4666da89a22123,7
8f144139219e6cdd,9
5504bacb2e0c1573,5
bebcd579521e65b2,3
89a6e2c3eb02675a,12
5b02ac6868bdc20e,4
bd808a2407394936,10
34398070e11d6c87,4
7c51c6e7adb0de0b,12
42f958011703f985,11
3c0cc66d53c3c193,8
54066572f60e8180,12
9b94795c9b573975,3
404558b753874bf2,6
027f956a48f054c6,7
1f977e95d6ad2b01,12
03ae9a2c174a8a94,12
132e6737c40a2464,5
4575caa5c36dba5d,6
3f835177d03f58aa,8
badf1c5e9015aac1,5
2f1402cfcc574d1d,7
ad6c46d7e782bed5,5
504fd18d8c1ccfab,12
e2534bec3c896a2a,5
535756356d196fb2,12
e1c37285091b5c01,12
f2da6faf5f76955e,1
a745d46fb42567ee,5
1cc4d7b2bf42f067,3
9137d97b7812f653,6
0db8758d803f7d84,3
8ccf8ae25318154c,7
80389f14cafc3565,12
14bd44bb3b34a1ae,3
5fbf8227c9b24340,12
175514ba7d53181d,4
1bd46c79bac00ff5,12
e45734ac70690a12,3
b5401ea81d615af0,7
0aeac8bfa945fa46,12
0172387b75d4cc26,4
06bec2c6f3a301b6,5
304c12a7e3389a76,10
0d7fb917f09a0341,9
ff9a819ac1ecc964,3
ed23871ce329bfdf,3
e278019546b235c5,6
425719629f6be336,3
e7d3a7dd18376a88,6
9f92450f585a5d1f,12
fc8722ce0f9f3f65,4
e5d76b704ce4dac0,3
251c511e1c245fbf,9
0a77ca14350c8d1b,12
e8905a56005d3578,8
d89bc0e27d472ec9,12
21316f78c5977a1a,5
3bcf013ab3b11aac,3
cb5f5a22145f0d23,9
946083d47ff547f1,6
a7da40557eda6af3,12
5b7df2b7220a5f32,4
5fe70fc12929fa8c,12
e704480c3887d4ac,5
6dde015fc0ea12d6,12
199bc1e3e0e7da5e,5
7b092e3b7020acbc,12
fde0f74007e5ec8c,12
4d241f2e80fa7e0c,12
8990e72d122a192a,12
04c65c7f093ad93f,12
0d069d57f92e229f,12
34fcfa5fcadbb12a,5
a07318b23a088314,12
3528b5146cc4c4b8,3
3f2f50b51c870ca8,4
823732c1d91c9e32,7
83721d45fe144a8c,1
68c0ec87ed35b2d7,9
072edad3c0ab3047,12
611bd54ff79fd9de,3
7e0307144d4ab55d,8
447311e01d69e44d,3
5af31591df42ae56,7
a0d0748632b33ad9,7
0af7a4646a3fd1fb,3
10960ebd8190e1f3,12
9e9bd13ade1f5786,12
0db6df10a92aeb73,12
0cd7ecd834533534,5
93e9ab1650d22966,12
68df506fcc34b78e,4
e145729338e7b8a0,3
0e73d05191936322,1
af38be771e809c86,3
38f1caf61032e77e,2
182e70239e78428f,12
88f87189a6b8eea4,1
6f5356291fd16b76,12
3f3441626f1616d4,6
e12a4f37edc77db5,3
4ae1d4027b1a4be9,12
742ec15063cbf45d,12
2666f74b928bef3a,8
869143cd25e621c3,7
6466202d635c2a26,6
5240dd771c1e49aa,8
9bfc2d0ea474ea0b,11
0c9a897c12a6ddcf,12
3b2f6808ba911a0b,12
10ba55ee65400924,6
6620d284559ba6ac,1
3c2e420a8af61dc8,11
fb1b9b6d2a5a416b,8
ccd93e260f36e2ad,3
2c8826912e825948,12
7cee68553620d796,5
356b0a9bc98901e4,7
85593fc7b55f546b,3
0bda368fadfde1bc,11
def51ca50b2e7fa9,12
04b20c68615984d3,12
a7588cd360eae0d7,1
670c7882d3d2c924,12
5648aa6781d4666a,11
2ef512cb9c34f54d,12
4c67515e0327ec92,1
1f51039ad40049b7,3
d2c6ccddcc9dbecf,3
674f81cfde035630,3
06218bfa0549b4e3,11
9c5707c013141894,12
09e7a49184fab839,5
699ef8c2fdae3d6b,12
9d8949e58c08c9c5,6
c0fc9f26bf26cf44,4
406139051ad2c891,7
8fdc83c958b67775,8
cbb0abc1080b4b03,12
fe729825eda0fae0,12
a405be5eb4cb2c29,6
633005178e633f5d,6
d8a7ffdd95f442aa,12
a0ee50d33339bb91,12
add8e357f3ae6d3a,12
1942925310275c3f,3
22865a59ddbd87b0,4
898b65f3f3e95a10,8
fb83f2a39058720e,12
d1e3819bddcce16b,11
76f452dfd5639ff3,9
3901ff14ff015bd5,4
a85a52d436df8c1a,3
12b9e1eb98730612,3
e60ae674563dcf40,12
da42bc34e493577c,7
4b772e065bdfb3a2,12
80e8168b9fa2c2b5,12
b398a8796226b03a,3
105a5ce0bc768ba8,12
ca25b0775818c502,12
e65e7cba57166bf5,5
e02d42d3b3db196a,11
a7008c831d06488d,3
239b115980556e71,1
bab2682f91c6304e,4
5bc701b5265f530d,12
a81236042cfd0709,8
767b6c8153e0e397,3
6dc779b07c141234,6
6182b6d3540dc404,11
f355cd8dd2df8042,5
494bb86b7e8a4bde,1
b207f223603882ee,12
2dae68fcc528a62f,5
11e664dc3ea1c7dc,3
2d6d1706b357e47a,11
79c34bf3bd181218,6
5318dc43e2948d05,12
05a498604065d849,11
2f6f6bcee0f54626,3
81b36ae2a06d192b,12
425271cbc0bd641f,10
0a40a4157fe8f6b7,1
a0bcabc16aa61721,3
b565c65f1de48a14,6
4e060d8f88c103e9,3
cc47aa05710448d0,3
c4ed0666b70fd88c,8
af76edc782d6fa54,3
68a0ca5e75198df9,3
2c480f538dbcabfa,3
bc187ef86b727100,3
298be91af2b8bb8b,5
8c1bd9410e6b3fbe,7
0033e4c449ea175e,6
04c9a859ec566044,14
318cf06d670a1641,1
a59778ac742292ef,3
29099338f885df06,12
670e6aed72f6a225,5
76e652c7a4322381,3
032e87efec244de9,6
4dca24bb42e93385,12
8dd941ba6179ec87,3
707da8f8e499e2c2,12
5d0e31d37ff3843c,11
3ce9a75792ed7e90,3
5db9f7f66de2604f,9
e73620cfb5d8a70b,1
32307d701081acbd,12
cb7dce7265338382,3
82b937ef6f59c3f8,3
b8264ccca0c50936,7
efbbf5b85a165022,4
81376f66f465e4f4,3
106d837be0741c71,7
0177cd45077b148f,12
dcc4d198f01e52b7,12
72c7abb4230d9073,12
a0e91caa9b3241da,6
41da985034757ae8,5
cf31dc43ea1c3e5e,12
fbdf3a58fceba498,8
620d5d6c47f472da,3
10e40fbc5ded70ce,3
c484b2d4656fb9e5,5
f04bbc23f96ef70f,3
f3f64fbdc19cbc1b,7
dc2366286d375998,3
ad035ecde9d095a4,4
b1c23c6a071c0b22,5
41a96c29bd65f9ca,3
1dafa2ad3f7a0c4c,12
497648d6c1f8fe8d,6
4a03e56e28f45511,12
cf500cf20ede7d29,12
83a4ac614b30b822,6
24936c4df16f8316,1
b96829c109cb0e84,6
8c1d363ef7da3644,7
1ca26dec21eb2611,13
afad5e25f6a38a8c,6
57439a1df7942d47,3
d3b10ed3b9a4c30a,5
def728db8738c10e,12
05c1391bb8a665ba,4
928d33fde9c58c51,7
4b80b6c2cdea3afb,4
deac2228192ef85e,6
d013b0d6f930f75d,12
58db5d2f5c100bcb,8
b23a8eb6147fd36a,5
51e27a8fffcdde4d,12
ed98d0d2e99edf04,5
4224ece7e2f91a31,12
da1f9a79fada16b8,9
41ca67e291f4b6ef,12
176dc3dc7af14ae4,12
cf3c084ce8ccad39,5
123d23fc81f42d52,3
02653756b8e3b730,8
3c66e286d43c26c3,12
2ecb351a1d8040b0,5
e750c7165b8b9a25,3
155f207dc554f888,5
5c52828145e1c3d2,6
a3332031c1587490,11
e09da2e3015eb1a2,12
fdb17dd0bd1ea840,12
24356d1e2297139a,4
e50f36f2c9396ba0,1
c9ae10f25fb590a9,5
00ec37faa165a71f,6
af6f4ea39471d526,3
49a9eaa2880eaf8a,3
9a921a7fa8371cfb,12
9212a0651dfe06a3,3
ad7cdbb3bc0cbd97,3
a0aec58136714540,12
c6e164e7759d0eee,1
0bcf0710afb53881,3
f67107a569337cab,4
ef033c8291724f46,12
3d7e44b7c616d3b4,12
0b3bc04e7f1752f1,5
d023e993cdc3b7de,3
6b7c89c09314716e,7
8072b30b7301cbc2,5
9ca51f25844d3d57,12
55ef8a484428070c,12
d3e824e6e078d8b6,12
53db4a1dd0c2a743,3
278349724a865cea,4
15a5da8b8bcf5cb7,12
df09f55416951e9f,3
ea1c8cc2c9a0e387,3
3945e7b2d265eb4e,3
d9d3635bbc6d0bcb,5
2d39a98ffa127c70,6
34343ee736a97fab,12
4806cb2dd67eb254,11
3079dbd3dd4a5e9a,4
c0429762d69ff1e3,12
ec7d6d751ad26a04,3
c1a2a60ab3ef5e46,12
7652b301ee6dfacd,8
3e6afafecdebbb06,3
2f3533455a30717c,10
0782fdebff5c2f36,12
aba969d76de3f770,12
a5294535d5da5212,5
a5f64c06e7eb58f6,12
449901ce1985acb9,12
2f726ab2769492cf,4
733ef61dafe2b8e2,12
83e4f54de920a3e8,3
6d4ec30652f7f0f2,12
cfe6b4c0b266646e,5
447d83ae0770f2a1,8
e80219cad3b5776d,12
22d4f488d92a0517,3
4aa1bad47ea12eec,6
dec24cb35a573681,9
71416ac893b665bf,13
99e5d1e9af9895e9,11
66eac3495002cab1,5
7f85333444197879,10
3e8472bb5ed4626e,12
c64cdc34b8060e29,3
ff24a13d47dd2b5a,11
a4ea6b4ca06733c2,4
2a0eadebc747c525,9
ed26b8c7a89df4e7,3
831467328b76f905,3
e5f9a2baeeeb24ef,7
d05677092f68e693,10
ba9d6da7161393da,11
ed1949efe56fbcbf,3
8b2bf1c11d21dcf2,3
514d36470ae28676,12
399251a3e8db4f2d,12
9a8a511eff320f17,3
911b681894a0acd4,6
e653187288990e1a,12
aadf6cb3b5dd66d7,12
807f1b27e16a4ec2,12
c7f250a1cbcb0d46,12
d912afd893a0977c,3
38bf4ea213af816f,3
a6fa8d48c6dd78ca,7
e608ef5b18498116,3
7fe9b1fc5c444b39,4
0081cd33855e32e0,1
80cf7b603fb019bb,12
d930d6e1cdb4ced3,12
a630b8bc2158418f,5
6cc8d7a58252e456,3
8f5f3e643026032b,3
0bf7fb22654511e7,5
be3af334ddb558fb,6
c6bd3ed67b4a0745,6
c6a9e4dad9bf8d30,6
cce950cefa0827b2,12
ec83da375def0369,1
aafa49c4c621bb46,12
dc4816a3c29c56fb,5
63d31d6a62e60667,3
f98687a7777d7ada,12
b903d675106247f1,11
fc3caed846ea7968,3
66924f1b54277fac,6
d58473888deb3ae3,12
ad2b5d64c6d87a31,12
e1a6298f8caa31ed,4
6ad19a22d9681f46,12
272d3e567ae3c5f7,12
9b4d8af333097754,3
3c33c4fe401d2c84,5
6057c766292aecfe,3
d0502388fe062142,3
de55afeef0a6b802,3
0874608d839e24a8,5
3ea95ef1ed0196d0,9
fc58892d665822ee,4
25529cbe0002a82d,6
01487950a0ba10a3,3
dbd15053f6c817c0,5
71ebd1d4a2626ded,3
e2e687ee966e6a9a,12
a90343bd8e6c9a18,12
a4a357d6a30b8439,5
b998ed68c58b7764,12
b2e95107bf81e52a,5
6c10bc0e702cf8a9,3
e55930b8cdd4cee2,3
1b8d5c9b77cb2964,6
eb883ddaf36d3517,12
8bbb0699f26e0211,12
22bb54d66799b7fa,8
709d906ee3a5fa60,3
f0f96eba68a55fe5,3
096a9e742cdf10aa,3
7c4cdb99df616f7c,7
0dbea3cdd9295417,3
521b54bbb4aca202,11
4105ca52e09e0249,12
e354c2424633edee,12
8107a0e5952c012b,8
a4ea512129367025,7
59fe7d724b1d1f36,6
86de7585b5ce60a9,12
6375eb1ba56169da,12
45ad9239fd976846,12
7f6a03ef6128671f,3
44d0d0070d73e762,6
7f44f3f6f5419fd8,7
d0e56d7f3a69358b,13
4b7726553f6c024e,12
16aeb3d2ebfde513,12
95e397903ab4c0bc,12
c308e7e2de4a0410,3
14fd67211bb10ff5,11
5c2d7709dee808d7,6
04c300a8254ef184,4
1cc8959d9e72ffb2,11
054c4c0d9bcca8fd,12
b9dde48b06df3493,12
5535fef1536aff97,3
34dce7dc2eb5b173,5
0990c64afe3e143e,3
c286e18ef7d36b95,3
ab340d0f0bc5b1ed,1
e293ee2152051ec3,12
5dbd32b0d6968932,3
9baac1ac3af2a381,3
d70aee0a74e8ba0c,7
3e2f4073253afc40,3
3353069774179ded,3
62c007f60f1c39a2,10
03427b6229719058,3
0667a6ed3096056b,3
295ea47bab71749d,9
6c18ba5efeb0c134,6
405dd3242c3350e8,3
461c560f955f44fc,3
f7665ef10f7b723b,4
fe0aaa79c791b9e3,8
97fe8c81f3b5e6b7,4
fb893090d34bf9f4,3
4c2896ef5dadf953,12
3db979727566b89f,8
157e81c77df2d9a3,6
54b18c1594c236dc,6
eb0c9a8d84622ca1,5
d2fed3a325e72421,4
1f99caed7d38c1ee,8
0b9ac8184869b6ef,3
04580f396162a84e,4
a9a74846d31d5a80,6
66cb1fe11fe8e317,4
e1d295f261700eed,12
52fac5f5d2377a22,12
bd48fc37580592dc,7
8b80457ee746948a,6
4b00434850bbd7d0,12
a8fab9774bd11094,3
8bb9982338aa058f,4
ced7b9d700c3f78b,8
ddbd599d732f9f87,5
e041b085ba9fac9b,12
463d616b733bf2b4,12
1efff123258910a6,7
9a004f4a3adfc700,12
be4743794120c481,12
e449629e00f28682,10
8467df16c26b0a3d,12
45a85556ac8951f5,12
0005cfebd7fa8242,12
b1b2daa7f5557de9,5
67fbafa2203e2b85,12
8d7b7539da5f2f7d,3
28561af1a5cde2dc,3
8b7e9b32f7145d8f,8
d126620ea25696d8,3
89411768677f3a2d,12
edb37d84013bb7f8,3
ec1ac65ea0b1098e,12
4599e4b7f9b89aff,4
9270b81a118f2b19,12
f7ebbce7af9dfb7d,3
18e6adc3d8ca8455,3
f2db9c9bfb0df767,6
1de3dc70f1fd891c,12
15350e28c8f105fa,12
d48538541addd086,14
3ed306c5d97a661d,12
4847f9924db1f380,3
ceb21e08dc989848,5
bff1d024d6af7654,3
01c4b2c90f53afc7,3
47b98aa263e12018,3
508e8e6529474219,5
54e78509a3e60138,12
1752af7584ad538f,12
635c89f3e56dee5e,12
6194b5fb327e14e9,12
b4c08f1534b32f07,7
e8cc078ad63455bc,4
e617fea915e2b8d2,5
fc5279ea1a05ce18,3
0d214aebf9812995,4
932ddac6b4a775ef,1
2d4c1bcfdc9f6f16,6
ab7608448ab76298,6
84d3bdc6a38742df,7
0adb2e00ae571738,12
ea60c020a9199640,6
aabebd86fb33d781,12
07607653deb86bc8,12
9a853661de59fa8b,12
db557c7a064719f8,12
9670e2462ca0b6f2,3
071027e10fe9d983,3
9f00ddc2fd1e99c2,5
1e308702675d1553,5
9b8dc47f34c681ab,12
386628b35e572a55,6
3acc9cc92f5569d5,3
e4f775168660707b,12
156ed8d025d90ad4,6
e32da38712d674e4,1
dc6008b52f988494,12
f16004e15a6c5997,1
ce598ea52c01ecf5,3
c69e2914c88fb685,4
adf17fe42b1601fd,5
453fbf1e019eaf34,12
5fa43f90658bd8f0,9
44a98e60cddbcb0e,1
0df365b6bb25ff8d,4
329556aebb3ed0e5,12
91228acab2a20f20,3
114fc9c74e6dc1a0,10
5faa1b033bd0eb37,6
73c7b76fd7952afd,7
93675cedb1df1e17,7
9f811e94924e027c,3
f62c3d2457e519ff,4
9a947e7b8b8f933a,12
4c09e5fa973a3c88,3
70bcd37d32fb1dd7,6
c6317bb618bfcf5d,3
572518e6850a68b2,12
d436a8b13ee14219,5
fea7e06a0c327d77,12
454369e7abd3b102,12
731cda13f596b9c0,5
d2668dca74eaa65f,3
a80f15c01c4986a9,12
6dba23b9ff0734ff,7
9970b324c7533b88,12
4e71ee2a94c4b053,7
8a6d49381d588db3,6
cd58721abe9b7753,12
51cb46e5ecbad8cf,4
063538e2a27281af,4
b2b3d67f8106072e,5
9c51c521c334a0b2,7
c5e2acdbbf1d00bf,12
8305a1c3a99e21b7,13
d8af3a09354d33dc,5
9dba71cd9b204eb0,3
9fea5680d87ad1e3,11
da09a04a1548c6d9,12
01f8371431ef3dbc,12
3a5022754fbf8128,12
214d07d9f667a09d,3
ff1ad4b0534cb5c8,12
4df093ca177eddd3,3
0cc0cf0c0172e6db,3
afe1224bb58cf079,5
f4962ab530d0c78b,8
57ef747be7edd317,4
3225cb9e4ed13df6,12
0ceb86b6666e8572,3
fc382a30bb4af80d,12
4d6f51fc0f9f3c04,12
1bbd56687f7419e2,3
887068a94aa83a7f,4
c9c4ce21fcd791f7,3
bc3ea2253cd47985,3
45bc13e8b68ea6dc,4
93765d968ed95001,1
b6134a1d8afba4dd,4
a39d8ba872d458dd,3
09f50a9f9878c06c,3
2950ed9c9b5a6be3,6
bc1f2d204262f951,8
a392d41a06d9a187,3
a797f70de25d905c,3
497842f61b6c0916,3
67913a00b2f6737b,6
bc8cc97c6a570fe0,12
edefbcc2823c23f1,12
2cb3ac1cd2668b66,12
a74f9bd4a1ee311e,11
c95ccb94d46742ad,3
7672e0d94b7682ab,4
961b47e097cc356d,3
72438d6bb0996396,4
6b15f8d64fc0a2c4,1
69dc568feae25173,12
7fb457ee58781afe,11
982e94a565d3f3db,7
aef4b0395e5d9823,5
f2412a129fc4e0d8,1
885797b6ead8b6aa,6
8b69e0916bc0a4e4,12
1fa2da79c6457554,3
d184044be2cd2df8,3
fe4a4c70bf8dbfd1,0
e70052aba34535de,3
dba622565ee75ac9,3
537ee106f0d17557,9
ca537fe8637820a2,12
8af69a81d2b33bba,3
b8163e8718e0d5b4,12
af1dd2cc0af2c1ae,13
a0b0e3a2def1bb96,4
fbf99d1c8932d5f1,12
fae92c7050591594,6
9a344581eebbfefb,3
e2df7e3df6bf6e7d,3
807ea699928d584f,3
ec954de8b09d1c1e,6
cabd1b6123765935,12
7fef8aa17255f137,12
d3b578d754dee068,5
1a7d4e5efebaccef,7
c12340dfc2c66e9a,11
ba06ef7cc7cdedfb,11
fbb889e8c8fc3044,12
fb0d99a0008b431e,10
63f3a9466ca392e2,10
144837be595d3c83,12
87868e4f809f6e1d,3
9b89f7348fd24f34,7
554b138e922828db,3
a0469c511e86652d,8
8f00417432042de7,3
acfe5a6222c43de2,5
29c941473102bbdb,5
b467bec8d46695cc,4
218c84a523022cc5,3
d1f874d26ef810ba,12
bde1464ae5f8174c,6
a770746d8b647153,8
75f673aa29e629d5,4
35c56f28adfede9f,12
ec61f5433a181ca6,11
a0d2de8895e5af9c,4
f54e6dbe7db00a4b,2
02d4c96962fd205e,12
cabdfe15ecbcf6e6,3
046e7de13f2cfdfa,11
a9ab84186929bd0a,5
d184616a97a13002,3
0bdb92a33a266f33,4
23b574a278c989dc,8
bb9ac0ac407d20d3,4
d9947926c6e1fdda,7
820ac4ec74173b96,12
b6cf9484f2349a17,6
669621e81604acc7,4
e887cc192aa1450b,11
8f728315f0afd4ba,4
e92686881633c057,3
6aa3fe328fd0a452,12
a9da31f912c06fd8,12
fd17657188d356b8,12
8e0b5b86595d815f,12
ced784c7f4c2c2de,3
538bc4decc430472,3
9d71f11d54f8fded,12
fb9b98ddf53c33b9,4
64a261f3468ab7f3,12
d2fc196c03edf243,3
4d60d748e8925c39,12
435a04cc7a199094,4
3e11dcff57cfffaa,7
5d261e6f8b2ff711,3
67ce83a0550a05bc,12
80ae773147d88c69,6
2ed635ae739da1e7,6
51ea444a4d7b746e,3
1575c84c0efa0de3,7
aa4a6bccd6516aa7,5
1e06207e81504cc9,4
e941da65380b6364,12
4d0f29fa14c38ec7,3
8afe11f39cf11c34,8
f81b32a45c6b51a5,3
5a8ae21b135e3bdd,12
5600b14976b4ecf8,3
cf5b003a183e8802,5
9bd3e119aeec427d,12
cfc45f04ab3ab097,4
a496b191dc85bceb,8
791f916c398b3134,3
4d8a743315219975,3
9d46002914472bc3,13
c0c7a7054d6a8410,3
b02ebecf02dc0bc8,6
f2c039d793890767,3
0398ed18d4bfafa8,3
6c47b62b5c7251f4,5
835c829fa9eb9094,7
c315b55233a374a8,11
ccb3a72b9f481e6c,3
e8909c6c75ae1b3a,10
9c086a29758f2a30,3
5aa86827c88cbe67,3
74d78bad3f402a36,3
79d5f28682b2eaf3,4
018c0bcb460a91be,3
64afd3893d927548,5
ab05c90baf8cae74,6
dbfd62467e8a21b0,7
fcc11c21ed8581d4,10
bf8d7c05768e80d4,3
063a8494c9f97192,3
322561e447ef1f62,12
1f416f0812e3978e,3
cb2f7aee46752f99,7
08552c329758cba4,3
215054c206fc599a,12
e92202dd37d796a7,12
476331ce5e85fda9,6
e40633cc8f5f0b8b,3
56fe9ac72df501be,9
d414e015f6920fb1,12
1f3aa4b801cc09b0,3
74e876a5f8853392,12
8110640d788c94a8,4
4c79b5c586a00187,12
980d4dc167ee78d9,12
7d9a65e04f838897,7
152015c44428a310,3
271adf4557abd0a4,12
40fc9d5085028c3a,12
036e21b644cd7008,3
7af72569af6c673e,3
957b12ec50cbfa2d,12
3dbfb7eac211a609,4
c07483ddbc26de2c,3
60b4183110f4cda2,3
129183f7baad0434,4
bb9e3646079b6c13,7
ec45361fcbe483f5,3
f17441de6974a2f3,4
bbff3fdf9309575e,8
50774d58a3d63233,7
170cbe80f839ecec,3
cc6c249e4a5cdd87,12
13765ec4c131085c,3
e159a539a473464e,11
ae901dce8af54a48,12
d3621c4700c185fa,3
668c0674be899619,12
e2e0eda55a3f7851,3
4cf31a5c7484dd75,9
6c74a11aea0db3b3,3
3f3c7dcaf1f279d9,3
0dcd2f5324c031b0,3
a5546c2fb9a4e906,3
44e13ff1e7c478c6,12
e57c943bb25fd9b7,12
f72dc6188f77ad32,12
e0c5f580550af342,3
61e2b23e2d0005b2,8
eeeada05c0d1f6d5,6
bf1f57e81a16a695,3
61e69eab449328a5,9
16dbd9a9aca253c5,2
54d4874b0f6aba24,4
61749a6dd7af22cb,10
b74c0a53d0525be7,4
c2ee80a81cd4ea47,1
935708bfd7018541,5
159538e41dae5310,3
06ee7ee52f17e9a2,8
90fc6afac95450e1,12
3c061e8a80aaa05f,3
0f4d4c62ccde1c05,12
86ef6b93ce0cf526,12
af6ff6aa3b4163b0,11
d5e813acf458b951,13
a0ad6ad602d9f4a0,12
cc0ca13aa5186a32,3
ca123fcfbd760ee7,11
8893e6d76d02c6d4,4
e2e3c7bba9a12c61,12
9856bf3d3706ba24,3
d402e40067030411,12
ed587a6b39d12c08,11
f9f262204ff9bf08,3
ca3cd0ed53becc62,8
7c07d271c751ab7a,3
d2d1090ff40f9061,8
845d067578ddd70b,11
9d3a54bedb1004bf,3
f3cbd8b47afe4478,12
78902f10060d4aef,8
9971f276b37f3170,12
cb058262a1223016,6
6663d63c70df50fb,12
4d3fbc2f1d086030,3
6aa844b44ef162cd,9
6dc34f39b9261f23,12
bffb131dc301ecaa,3
9658f3bd485cb33c,11
ce91a15997cb5645,12
209b51b7a3471dcd,3
92e80e05090da084,7
4925046d28d4645f,1
3691223d65165289,5
39ebd09a02aff010,12
30e44617fccedf8c,3
a3af0e9ef6b1cac2,3
fd9f9f93b9aa2413,3
a9b829528f8275cc,10
293ee752ce4a1840,12
be58631c2259f716,5
6db7fd6e188c25ba,3
cbedadb019a64a68,1
f60f821fe109c797,12
6fd22a6a54b3c09d,5
6faedc0b082fc47a,12
3b21e18e87e1116c,3
a722e4f98a843ef7,6
7136d93a3d52d582,6
e91571ee793268ed,6
c4b949770f79a071,3
35847c40e8b565c3,7
957cfa5adb7f51fe,12
486f5f17cf679a26,12
b1f354ed1735d7b3,7
f3087fcfb5b82284,4
f5cc2149826ceb3f,3
bf9d8762e2bdbeae,8
6ae9f90ed45afda2,12
ffa8f4a4932df143,4
911ec81394412980,8
85fea551903e128d,12
a90c289ee7911cdf,3
39b4e69b1de62dd1,12
9a45e9bc11a2028e,5
59d62cdf3cb8243e,3
18eb68e75d970c4e,12
5bd160323e60832a,10
a9c8f2b9e8e31154,8
9cd6eb543f624cec,12
e14f227a441fb25a,4
70fb9fa401d7ec92,12
fb7d27805de1e299,9
3bc81c6fb1da8c6e,12
02b3dc3503893343,11
ce6748b73efae31e,14
e269f445242ceb92,12
5494a9c117478b92,12
fb5941c1a52da12c,9
e33123e865b64d44,3
84cbbf07d6f15fa3,4
d670c17a9aeafc08,7
ce01496e3971a1c0,12
0d511a6ceb70b2b2,3
0494463133cc7b31,4
35ea3dcd04398430,5
b4aa27813f20acab,3
ab7b30d04f58ce0b,6
62d481dba35b1a15,11
5644b309ee6b0fda,7
7f47be10fab1582f,4
005a7fce8f00c3b8,8
5738e0cefe2e16eb,6
ddf6cf7acd9b052c,12
8d6f60ba9b6039fe,3
c8eebb15b62691d5,12
7726dca7f1f97b9d,12
1634742e424eff98,6
9d62afd9de2eba4f,3
e70c7f582d3d1268,12
7a384049d074230e,8
b4af1f14ca1435e1,3
9f0cbfef017fc91f,6
7ddc7c6a057b61c1,3
23644d3ffba59be0,7
beb6ffe951af222f,5
98710f69e7c49ddf,5
6d1558a5811d00a2,5
8a479279f7751af9,11
93db65fc45c41297,12
abed16018511a23b,12
68091fd8c336aa4d,11
b25c65cd54ffc420,3
404d02a7e554755a,6
b36e184fadfd0bea,7
8911169c5cef5a1c,3
7096c4218594e0dc,12
d9c94db814736aca,3
33bb6758975ec030,4
fed6b76d4fb1b81c,6
8dab95b15ae06759,12
495aa9a529c3309b,12
af8a41d41aff6d8f,12
6e5da8af9be22014,12
f8f8a2fdc2edd049,12
b9583cdfe455c102,8
6d4a21b6f6d4296f,10
d0e2d7f6dbb5ae0d,12
a4f8b5d11a75fef4,6
30667e054e10db21,6
8ae2293dacc672b2,3
222c93fd68839694,6
6669353ada11f0f0,3
6d06d50ce6fdabc2,3
b8600641a67a9c9a,3
50febe1a9f8fd3f8,3
60b68d2dd1012c9a,5
53fb72085f79c77e,12
fe0a5eaec6351bf8,12
5edd8777fd1e0089,1
2781647a5d4b36dd,3
8b58fcb8fe9ac4e0,1
6c76651f4ad158e0,4
e0a2d9ee36fd0044,4
0b794f7ad6e7e174,6
d25eee6ad9a25988,12
9ca90710fd856362,11
cb0f59014d5cad40,10
2ac9881cc33665ad,3
6240b3eed85d1e5d,6
c259a86479f082b0,12
7a0a1ea709cd2926,12
08ad4b793a77eeaf,4
ba238c1f479e0633,3
600a9feff18a0b43,12
ef3996829d0bcaaa,3
72fa59db7c67d6cd,3
2b84fc264e164971,6
78f431e3412aad03,12
1f072fa5a3b802ed,10
2ddf27833d52b904,4
7c8203f08a109d48,6
c2430a6f7b17281d,12
b7935b49401fef33,12
fef961938bf9aac6,7
a8737ed6d3ceec07,4
049e15d0c4924c92,12
27ff94913c384db6,12
94eb8c2b37160279,5
47e056d85cc56f54,10
1e63c40b7a5818ce,12
6cce34318891a7e6,6
fcf814b268624f04,3
9cd1cbc9c4c73424,3
a6c1fd8adedc59d0,3
3f0eb0693c689877,3
87bfd3fd31a1c5ff,12
e76a9e0ca212aac8,12
777348d09b30a47a,6
2b4b8754e051bf05,3
f2f7b473edf359d2,10
16e75afaa3394fb6,3
b0b9982f60ffa63b,11
b811f2dd13d18ab4,12
f0854ec095b152ad,7
19dbe2fee7a172e6,3
32277fdd226e05fc,3
bad6f7af0e3bbb66,7
9ce8d37c5f1f196e,11
3d0a98e02254c304,12
e7e3c0e7c714df6e,3
c31bb904d22232f8,11
cf9e0c194d7f0689,6
4987d8e38e914507,12
90ac71b825d70809,7
5d8e88ca1b8a5209,4
5e8867df3998491e,7
7dd8aad26e6f426e,12
5bb37e73ba3e8db0,3
a1d3b94a89aac8bc,6
8faffd9d0d8a2341,6
e5b394aed266cc3a,9
f32225fc9a9ead7e,12
26576c7cdb1ba010,12
68d3bc7e04fe8496,3
a0c85d2e3f14986d,12
8e66a451c74e2d00,5
df51622285b30c94,12
c09c329181d65b30,3
dbd166994e6f3226,1
73acdba42fcf44bb,12
99c9d84c93ae53cf,3
b3820124e74510f6,12
344da192992a6d46,10
a33ea886d50ad672,12
426ce23b136858b5,10
3dc0c3e0090e6b78,6
dfba9a1bd6fbe601,3
a70a8cb3b2f9639c,10
74540d7c36b61c2d,12
0b17febe389bd759,3
c2dfa04691d57417,10
b4c4f3e243eb9590,12
b1f3b176cda1c24f,6
ce12b661772bb62e,12
e3ccd89a486c540b,4
e2ffc886f05a8756,3
8e3d6f53cd8cfbb5,12
58dd5b2b41870c6f,11
8a9640f96646e6d6,7
023805eb98df4165,8
572c6aaffee8ef28,3
9634b90ef21dfdd5,5
c7e1ce22840486e8,6
b9bffcb74a41a29e,12
5ba36ec31090c9b0,12
883d88c55ead296c,5
291d2456cc4c4c06,6
0896b6c82294e829,4
029196ea76787f05,3
bdec5c89f53d7d53,6
4abd605fbf6ed36a,12
fb452859192b8cac,9
ce17084e5302ea59,11
78dfb717350f9606,6
73df9cb486de9b00,11
40c27d50340a779d,5
fc9c05ac134bd8bd,6
f832ca78415a68de,3
a4e1ae0be58df109,5
7d904938353bf717,12
aaae52fba3b16fe7,3
7e574b0d333d75aa,6
45006cd554d838e4,7
098e922906fc9dcd,7
0d8ed5be281d6e7c,12
8f6bca779ecb928f,5
596ec3b9477ad994,6
4595e3c721899207,6
1bc0772581957253,12
99c7c5e737c4c35c,12
35043adb2b2afe95,12
b764838afcdef082,11
8a085839a79a7434,9
c3eee5867de3ccc6,6
14e3e8ab90f73a71,6
a9c8f6a8d2557ad6,6
3b824a135007ff5d,3
fb547d56b4a3d91c,3
446008dd13afad41,12
ee155bcfb2c7c8dd,12
72de6d7501581d7d,3
8641662fae082ec8,12
c4e5c47642749293,12
e82d77dd0c2e09c3,10
007eff595f957b08,3
1b153eb69637c173,5
9e59968145be1ad3,12
02d73ed921b44a8e,10
e83f34f6f4998781,3
18c874f1285eb63f,3
c7cec7a574c8165b,9
357cce431fc9644e,12
8996a893951e404a,3
4d54d3fbbe947d9a,7
c2e0d9bb96bdaea4,4
d03ee423559d2021,3
d9be322bbb847ef3,7
89087e58b1251b33,5
fcdf1379f67e2091,6
f2e6264852eeabc8,8
c33f91d4afb075cf,7
c08c6a0853a3c4e8,12
74701cb44b523fe8,6
d804d242fad597c1,12
6f7f5f761611c938,7
f96c268dbb33024d,11
87c950dca66ef6cf,4
64860dfc81550080,3
b1982b2b01626cea,12
b356f572b744f882,11
fbb3939de40b5b71,3
e27554b9b668e031,12
dfe13b1520c9aa73,5
be3f404a8a129d38,12
16468311e2c6efc9,3
947cad808ee6dffb,12
44414a2595516b5e,3
9e5572244ff0becb,3
01f94fe1f4a1619b,10
76613599ef0f65c0,6
dcd22fdfb1da1554,3
facd6c3e903c1fd7,3
d41da019f0bab93b,3
c9897afcd749ffef,3
79c2792072d7e055,3
68aa07f1b7c2f134,12
af3baa6022b07d1f,12
2d96ed5ba785892c,12
4df7bef4a64affb9,6
b4ac8f57493a5955,12
909ca0e5c65f966a,3
8fada2915fb7251b,8
6b1b885ff02145f5,12
a5b148f8106ca324,3
9b65e569768786d2,3
81faea2f1126baf7,5
3a58cc71756186aa,6
d8195e425a2dc278,4
a43ded2043a544f3,5
c64bc101f0019cf8,12
23b342aaa40b6e80,12
8f786fd73e5b650f,12
65dbf024dcc5e8be,3
db2001e94d627463,12
c0ee47aca0273c2b,6
753703ef8c7ac592,11
90492764e63790a5,3
eb3d4009b9d56c61,4
b0c281f7770971f6,12
2976606bf4f67277,3
6b2e52dda82b45fd,4
a88d576a86fcc5e4,3
068022d600a8e9d5,12
6e4ace8e2c2e7eab,12
479300ac1392ea5f,3
81bdeef89e57a142,3
4e4815e382fa123e,7
6b85c8fe1df437c5,3
609a47501df517c0,3
fba722e6152b6db0,4
0136963d4b3c5835,12
3386ccc7ad08f4fe,12
c85b0a0dcd1a812e,5
2107ce7ac4da6370,6
b0796e21e0b1151d,12
0534809b271d8f13,11
8b6d707a67be7689,4
456242db0abb68de,8
5d68b46d4b68ed27,2
761b4d198f7cbc20,7
fde90e99b0884fbc,12
e5ac4cf898c45cfd,12
7f3558f6837655f3,4
d8bea515539f404f,14
e6a49d2ae3b6abd4,12
a598ad5e07273035,8
16decf5e860b181c,12
8cc284dd04db0af4,12
277f66b4f8949422,12
2d8139d788e610d4,11
e2e2aae8a6be3f48,12
9d4c969ceff5ad62,4
6c3e2bb32a99633d,3
19f7ad8d865b70d4,3
71183d6551c5265b,5
619878b7a19ba5c1,12
289e731b99cb2eb5,12
39c635e8020db88d,12
482b0827339aed73,5
44b48dc77f42fd66,3
ba8071e4314accbb,7
5d25bf31c2390a66,3
997feda1f992f5f6,3
448ac2230207a34e,11
7d864c08f81e7371,3
4d5111e0d44214a4,12
a22a66d1f4c3c552,4
7634eb0b3950887b,3
0380a36161efa45e,3
d3c6b606807ec7f7,11
2ac1cf041e280715,12
f39980648dadf962,12
acd511ef1df2121c,5
0fe37c386b3390a7,3
9884266c53ec4748,3
05c42ea4dc2e1c5f,6
5f17ec8882b4a7d4,4
f33554925814b953,3
08db3b1a8f677446,12
bda12239c4844a0d,3
717105f693cd7fa2,3
08d766b4aebaf798,12
93cbdc2664231621,12
e10a60fc9e550f48,11
0320179c10e4ad35,3
b8f4ed94211b5ea9,11
e281d98d9283da41,3
bbbd0fed4cf1f77e,6
a902867f40a7ce9b,8
141a361b5ab9f285,1
b3c9c47f640b2cb8,3
bbeaed746996e29d,3
7ea2fa88602bcd8f,9
0fffc6ec8f0472a6,10
77d7a074724637f4,12
dc1f2cb6d42f5e9a,3
217a159867582c39,1
a32353c1ef7f1a14,6
cf2d7defaa8f58dd,12
f9ff8c7352db9f6f,3
26b2524419ed5781,12
d71e14dc4d165128,4
7b0d6db6e1f888ab,12
2aa73a61be42193d,4
a4d9eec7fccd54eb,12
ebd40c5c04ee2ecf,12
da705d5bc6e2cd7d,6
e0333c7e0712c85b,6
4b83e3be7b67a21f,8
5dd70c023692d55a,7
26f13429c2a9030c,5
2f732bbc7da29837,5
0d5bf9beeafbccae,3
aa651b616779feea,7
e68e2c7c722eb157,12
c62066a5e6c7524e,12
a0a3352e5d36b274,12
1dfa7ff7f4c7a92a,12
8565b66d0b2a11db,3
80921dbfcba0888f,12
e780713f8a490b07,12
306c75e1c797f3f7,6
4aace135810312cd,3
7acfa1833e60af6a,0
8867b75904036be8,12
a5afefa8d5170f59,12
67547e63e68fd64d,4
be2dc60014353f1a,3
77ec1035b8a3de06,7
f0fef77b3a4e903e,6
8486f5ef0829855a,5
38414c696dd63427,3
b2e933d470e29b81,12
534b38ddd78d8d22,7
99c8fd08e9ef5d7b,11
779f372e9a083f01,5
9412501a9e50c4cd,9
83d654a58a4b6078,3
b2e6a9c98573aae1,1
1fea727b86059a76,3
8570cead30b34ece,6
cc38a787ddadc96f,11
45f25a7b80e35841,3
4a996f2dff9b95c5,3
77503b116f6adbf3,6
4b880c66cf08f7e3,3
0706c0a3733e2cf6,12
f686738dbf590c85,3
a71fba61cdcd18da,3
f49796badb30e7df,5
0df8ec3db3917ccc,5
217ddbdf9b20afed,6
a5577818d36f4a1e,3
216dea85b8203539,8
b9d12430ede47644,3
d2ffdeb6d8cd9c40,6
061bb7d101875477,12
21f28836d3eea332,12
ddbb8014263fc19a,11
22c73b2410bb8ae9,12
44ab29525f517b00,11
f4843851eaaf0a81,3
ba5581576df4a3c1,8
0668f457e2517410,5
50c18a65c35f32f4,5
d09194a00fdc198b,12
5aecdb6ddde7353a,12
d8d1574f903b8ec1,12
084d6ed98bd5e72c,11
3c9082e1dfcb1137,6
dd523398b5a2e25b,3
d11f0dfb95b0d7a2,4
30feef018a66fd11,12
a8bf84451a8ad9da,12
aa25b3b1dcbdce1c,6
651c57540dfee6a9,7
42316510db46fb57,8
c89bd8b4a0c702f7,11
462f112365ab558d,12
c9ebc9319ef70cbe,11
44c52bf1c5ce7b28,4
cb741d86e2d30255,7
2b806f0b4addfceb,12
73c339f355ae7ba6,6
52ecbd1e7931541e,0
ef6d081dbb0de486,12
4a23716f03ed9c49,8
bdb6d5353ce100fa,12
e7caead41542acc1,3
84f1b603cd2a5b43,3
3804af1879bd9fcb,12
e4816b8d67810a5e,5
719e534383ad6c93,6
101ba6e28925aefd,3
d54a7773be0a93ef,5
da578bbb3469acd2,12
815e41c3441f1d95,12
47d5fc98b19200f0,8
d826a2871f15ca2e,5
a671c7fbf9083c6f,5
0003729a9b762aef,12
78863798c49cd320,12
01ffddb38d4431b4,11
08b5da45b7cbbf2e,11
ab61a2f76a072fba,3
31005bd6068d198f,6
a175f2c6ee363d2e,4
551c49033389aeaa,10
8e5b46ea050bcae2,12
9953c5add08caa2a,3
1087882d01b370ba,12
092ee7fc12f24639,4
c694a4a8e768fd45,4
444713d640235ad5,4
4107a93225e7459a,3
097aa41ff34123b3,1
56acd2ca8096e33a,4
cf9e69ff7f8a70a8,6
6a42aba35a71b592,4
0cc62ea5f1ff6d29,12
2af09c056edfe11a,6
c041a3621e2ff73e,4
862a27d18e5e72b6,11
d7fabe9d5ed200ab,12
5234136861f11f98,6
a59f1dec3013c16b,12
7bdd2bfe90393905,3
4b46337e33dffd3e,6
58a9debd845febe9,12
5ae68dba36879143,3
281f5eb25f4c3e84,10
48873e22a7a6f41a,3
b5d25fcf5b518a6f,4
444d6e12a26d70a9,12
a68cb378373b21ae,3
c3136d59a2fc43e0,3
098980f72a183a00,12
077ddb2b396d823c,12
d98134dd2495debb,4
79b5a4108dcae4b1,12
480614e6e0e4c1a8,8
3179668e3fbc01e9,4
ef1d19b25d19ec33,3
34f84d8c337cd8d4,3
2e8d066c30cef20a,12
01ebb84e869c1090,3
b4fd4a204f837464,11
c78a6a481951c559,12
1e1bc3abd1c4fa80,11
8c2babbca7516cd4,4
dd40777a79466eb3,4
dbb819404891e2fa,11
e7377dae27cbfe2d,11
ab87a00920b2686a,12
eb12e22e54b46e37,3
1a07ad3d32f28114,12
52aac2ecdff0a630,12
dbb5af12a1e821fc,10
df9102f310a3f2ad,7
aff7a75e86990430,8
da44038025eb89c9,12
eaf409a18e89d545,12
b6eb330b102779ca,8
38a44f5f97fd5152,8
7c83c71dc137bc74,12
9a481cdc20fa4ae2,12
1b0d2aa8fbd0c48c,12
0f8034a0a224d096,8
2724a3d935a9547c,12
099b35c20e9841c6,8
cd464488ad509bfb,8
b993b2925b84b0e1,12
d4fffdacfaeebfe2,6
340564ef366a8c78,1
a59ca20008185f8e,5
b7247138330ef9ef,3
67cd1607d07d1243,6
35d1dc840c6725cb,7
ded9a18308dcf300,12
2da759ae7f568e49,12
e06e84850145031c,7
8a9fab93c4a983fd,12
b31b447784388e06,12
83d96c584e650f7d,3
c7610ca4519ec003,3
69d43c89ac074b89,12
e8b48edb527016b8,3
34abd474644ab459,3
8e8e12929e51a1a1,11
70da6096a203ebbd,3
b7c264e895e9d82c,6
13d211fb1cb6a5e8,6
8f51c4beac950b9a,10
958e859170dc9ca0,4
19a7765106ec0a12,5
b19773ad61197886,7
e4bd5b99c8b7708f,4
9e6811be374bf9d0,8
1a71933fba0062c7,11
175b2fddd118c924,7
ba9914cd4f74b12b,3
97c1fa931391236b,12
85785a8dc1b1e4de,4
b2e313ac1f151075,7
fe8975de55c51bbe,12
356f94348d8dcecd,4
d238bc39b6f54b54,5
0bcb2cdbe5180c13,12
bc10ba86b6af4e83,5
d977efb64b90b1e3,11
8eda8be708c37945,5
ea64c644ae1fb32f,3
9053f8203f4f9ddb,8
61527ac033bbceb9,12
5b25d29f4a57af88,3
561ccf3433a4c8b9,4
688732dfbe89c6cd,12
ed5316be24129f41,3
0010eafb4cd307e0,3
f230a5e2fd9b1bcc,12
edb4a45290c27e83,7
d04b9230add481a0,6
00e4304d8fc43b83,4
f26db2aa0e82d8b3,4
273ba7f2b7ab23fb,8
3ef5ccda102782b8,10
cb72bca5fa126665,3
81430debcd3f1eb8,6
15082759ef5a23c2,12
ffe2f0da67dbb9ed,1
d56ff45802d73b1e,3
66ddf2de33ca0609,12
9ed5b5d73af4305f,12
31d0a3a9b96d3c65,9
65bab334a5c5560b,8
c3d3241892bbdf4c,3
43a37ceee68148bd,12
84e1ea69ddf9ee81,1
9e1114c03ac1d8cc,4
e97743cb1443a130,4
1d356317026ed806,1
a40a2a6b4ea5a73d,12
201271a918d17f63,3
15a1f49a36ec9cef,11
56da7beb0fbfec61,11
ceead0c2f30911c3,12
6d1912db3c6c4cb6,12
93d8787387fd105c,6
6c334caf3c67393b,3
574bb494306e5764,3
600671cc058f1a35,6
6b3343ffa8490867,8
424c8b9ba31827b0,12
2c2c1cce408fe18f,7
e8fa6b35754c590f,3
0856e295ae6d8687,12
117121ae5f3984d7,3
a3c7e379483fe6b5,8
945ba74ca7d2f3e4,12
b07db50e94fe4a9f,12
f6716a31d1b11d99,2
6e0fc0ea068fd686,12
b581c82769700904,3
0dd5b1192a2b600d,3
e5d8cfb65fcee5fc,13
91d7f4c8ac2f8fc6,7
614aa227982857f7,12
88bcb19f8b7d9934,8
8d1ebe9d1b5a3d05,3
a709208e799fc751,6
a454c16e7183e0fa,7
57e1659c14ea5919,8
9aacf6af4c9beb9c,5
8c0bd3d86a4d3c49,3
b19f68234d913c2e,3
f853e9fb5472b1d1,1
f42262eb9d3340a6,2
2f5c8de39617b55a,3
e6a219beacc9e493,12
8fb450ecdc94d9f5,11
64e2566c69289e5c,0
caac9e00cd60b885,6
caa00d1f54126436,1
0d0f2d4b8aa0743f,12
2d8aadb4ad9ecf81,12
6c9cd6b07eb31c3b,1
254eb186584ba3af,3
b9800b7f82a0797b,12
0e7b9d465d7ebd5f,12
c9fadb7eebd03d56,3
74b7d8cdf5773417,7
310f3232a6531e64,3
82104d3b170e577d,12
3f58799d9b96d9b6,12
fc9708a32db51d59,5
32072633048e16d1,12
384beb7ddf4dd78e,12
fb8068aa7981deb0,12
44bd97c1c0c2efa5,11
b4ca2873ad54700f,12
21323d01b76fcaa5,12
e5f7afbfa90620c1,3
e5a401ef2b16eb78,3
65cc24b24c4f68ad,7
b33811e0c20a6ad6,10
eb602999b615df44,1
d27954014892ddce,6
d8f648ffb89b1e5b,3
79b32e1506296ee0,3
5e44138cb1e46225,12
0cf95d4f3fc4e501,2
6b45df44f1543206,12
ac279a3dae5cf6d6,1
0eea86f60b8bcb96,11
efc850388517f84e,12
3832782dadc6318a,12
3080ca3f5eb07814,7
07f31bee762b7119,3
51c09e53492e48d3,1
c9cde70df03646a9,12
abe75f6c0366911c,12
5395a964b158325f,11
7eb1bc97e3fef82c,3
6c199c4c60c014ea,3
e7550d4997cd6331,12
6aa5f429ca16762f,3
822f9657f79ae829,12
45c87aac75e7ac3b,7
7d3a782c3b6c5b2a,3
491b3aa8d0c2994e,10
1f302c47e775500d,9
544aae9f8f16c2aa,12
8ce47c7e782318da,12
a4d08fcadb5f82f8,3
1566829da171e143,12
f8f3c0c4ee76c61e,12
f357538abe9a2cc3,6
a886e6ef72055fee,8
971ac70c3a5b7aa5,12
abfe82d94fbdbf88,10
3891cbce394c9aca,11
7e7a76d9e07dde7e,4
c547d1c93522218d,12
be7dd30a42fabfb9,5
60454b2af216c9e3,4
e024f66b832a6cbd,3
f3a6fd4172a95771,11
4d7d527f86f7680f,12
9478a55cce563cca,12
20671b01c94ef702,9
13752690913bfd85,3
9afbca7f59e980f7,6
89cdd129c882315f,12
c880e1ae1eefac0c,4
98d886e9af9e25be,6
c6595a667b736f07,3
ae0650cfc28f92ed,3
0c44fd6ed38cc79f,3
e00c4f51553ecbf9,12
b22a72980cff4a9a,11
014a17c7a63cc417,3
6b402dd69b7ac82b,14
f4cdae97a7b1da8f,3
86233ab4d95dabeb,8
0656d3670f0cd8cc,3
0d8aee2c40c8bab5,8
7a28d6efbaeb8dcf,3
29872f7405df8dc8,12
d136e894bd3c67fd,3
38df238926c6ffa2,3
4d3131ccee41ae2c,6
818c9d4832c81ea2,6
99f330856112b6e3,3
a5fc5b16f8dfd94b,3
391dc4020d664a81,3
8ba532eb7ef840be,12
5b6f9c22889e5470,12
49a1914c6d5485e2,5
be57b0e3905680ef,3
e53968718856d2b4,3
784e27a1564579e0,12
57a3db5b186cf64d,3
c953d40fbc1663d5,6
d47965e17d54ed6c,4
08a2f7265b184d20,1
16452e80132e3633,5
3a70fcba795f35d7,3
66cd1b77297a7c2c,11
a7cd5ae8c9b65b5c,12
5fa7e2750d7d556e,6
0e362901c7456aeb,12
6ea59c63700e549d,12
caa8b43368336e92,4
68d07bf16bdd2430,12
286faa17c08f6149,12
8ee46385075c3320,3
9f2766da8fef332f,12
3a6b6e47cc880d77,12
c259a9dcf2e0b605,12
11c083ed66b95a16,12
1fa87d4eb010e8c3,3
535310261db928b8,3
a7abe0981f10a388,3
fc82770009d1a341,8
e13b229cbc0787a1,4
86e1574ec234cefd,12
c683423610f7401f,3
cc73ddc7dad59831,3
b51b6786d0f5b5d4,3
c77489a2c4d33a1d,2
62fb31010977e33a,12
ba717591454f055a,2
dbe2ded262924079,4
7fc8463d7b9184dd,12
4cd0bb8a8f72e4e4,12
7e3c1e597d21137a,4
d8ffa91de7d7b875,6
80f4c7313e27f369,3
db75a31bd66e8b5e,3
dcf66910b1b3bc7f,12
f1adaa9c7efd399e,12
cc6dcca822721498,3
208569abd1d7a69c,3
511f3e52e337fec7,1
1d8fe434adeed127,11
c9f9b11fcfd00741,12
aa566498a99fe1dc,4
b84d2f8b26f47a0a,3
e0c971df8df6e938,9
9a85be10cb1e02f3,11
5403d5f6c7502a05,6
d6bafaa8e294ebc6,4
1e1bc8526925f953,3
5cd1510afed6971f,8
4c50c94fcdf32c98,12
45a0e9497d2d996b,4
13f93050031fa599,4
4d86cf89a1a3dcdd,12
f04ab4435b9f7047,5
02b6261bc720450f,6
ee532096c1ef977a,6
c65e7893000b2daa,3
4841923aad30ac0e,1
f7ea6d80a487fdc1,4
a339630d354b23ff,6
2c5e6e09edca8e24,3
70a48f09ae260cf9,12
d91347e915a79c63,12
348cf590c96f9d2a,4
f6357b70d75cadee,12
972318ef6d85dc6d,3
0beef0d7bb13759b,6
e4bcfc937d3e3b75,3
bfcac11e334c702e,8
ae14dacb9d8caad9,10
7ef2bb429a4982cc,12
90871a38e0864e4a,5
aeffcab67da97d04,3
c1b6cf1509d3714e,5
3d6d8501a2386ec4,3
68a0bf8eea5dcc68,2
434eaf86591f4282,3
8ffaf0308011e2f6,4
76c6dc08d874620c,3
6470b48b4d40e02c,4
9dfea06448b10dff,5
46e6e278d17d8677,5
572e1aa2ac6643b0,6
36d67d646f0561fd,3
32a5f439389a3451,8
f1e093a17c7658d0,6
1951a44620d51f32,7
8ed3a4c98cf7c363,3
068ebb1bcb1d433c,3
5cde7b6514025804,12
94ac6761303f144d,12
24a0ac2b2a2ecbb8,5
30a3c58130c2292b,4
56c4a12ff0961ac4,10
53b417c26cf7fded,12
0d56486ba90bd865,1
15813e689f436723,8
ee65402d9924a381,12
2d120159b2b6e4fe,7
537b291e09b1d639,12
fbd11c57e3549976,3
168b8f6245493a70,4
1c299adbfcd90550,12
c7bb00c3a9578853,12
2dd9c314c9785d4a,9
e01eebe88e51c13a,3
e1c5e22b2d14d148,12
bc9ea093679c4c86,12
5907f8de70d26408,12
a6284fc659226026,4
6011536701b793d4,12
31de1bef460c4409,4
1c926a2aa91e1dd3,12
d557c92238d2565e,12
3eb8fe4181cd60dd,5
04f04cc6e7f7aa23,12
fcc59e4bafd8bf59,7
84bc6ebf12ef38bf,11
46f2992073fb1cc8,4
47e90f6b275c968a,5
e7513ec2bd619f22,12
16b3e715261be24f,3
b3bd7368eb1d6652,7
f98c4b4be754818c,2
a946c97645c4f13c,6
8bc0357861966ab3,6
cd3d9ea69be7af4d,12
9e264640785062cc,3
b2e677ef52a2cc1a,10
a9a71b4de0acaac9,8
f91b99a25a49ca15,6
71e8de8e53612382,3
decc08170029f28f,9
ce3aa19dc463255f,12
33dee5698c46321d,5
5cc35a324904e01d,12
ee096d950b3454d3,6
0c87b77927c2e147,3
1ffa5e4faada368e,12
47fe534a5e96f0b0,12
383bd0ff7fde3a6b,3
ec21ca01ff2b7527,3
95ca9d662ca6ba7b,12
78581c3a7c8f861e,3
2f059a31f8077767,3
b0edfb0eaa4d6cc9,12
97077b50edb10062,3
e812cb1545d2db83,12
48a37ad108698a48,9
3d0d0b10531133e6,4
a43a1a0ac69845c7,12
48dfe13c496be440,4
eeeb94641e48a97c,9
409c18a7827132bc,3
54de18a3c44d208b,7
7d75c9fed50a9cc4,12
ff4d346c984fa1a9,3
ec8b5128da31e64e,13
6d397d39db8483f0,12
79f767b40f34c4b7,11
161dba007df988b2,12
e192c018cb0c3698,10
ad8c2a30f453a7a6,3
aac37ca64c23c324,12
392e4d7ce6437912,3
ba514de10a01179e,1
5c1bf928f82fc46d,3
cf07fdb1e23d0b8d,3
4a869755e8dd417c,6
7f4160a6b051e38a,12
8929a6e7bbdc902b,3
deef960c8b32b908,3
0d45f3c70ee92815,3
3df7d94ed5a81e06,3
aca17ed5cdfe4dad,11
96f79749d4a1377d,12
dc07c7ac70e601de,3
350e264a529e6af0,12
32d111b2be13fa90,6
13b4b011655f7e03,1
97b8217561840599,3
ae87709b9d538eb4,12
9cb43530991f542c,12
8c56e7aa68a7ed99,5
755028a2de15f7f7,3
9dde46d5b0b5f550,3
cc065ded450e3647,3
33a7df73243c05c7,3
0b2fc6aab2c44306,3
e5ffddc1b4d7dfe5,12
de6d215a04e3c46c,3
ade30c17cff17eca,12
c1def3712d305261,12
4a13ad58c6d8e944,12
134a0e3d6dc78cfd,3
0c518f504e4e4788,5
a6c4a4d6ce9f84d6,12
0cc9a9b2e87b23f1,12
faa8299b75367aaf,8
70aaf1eb40385ea5,3
5f731529ce31d5da,12
33623916317d3367,5
77f3bf1319407b49,12
123a7128422a8436,3
6c033942bf8d1a68,5
1a12875cee5431d0,12
2e32e1beb89bb1d3,12
aea763a3a715f5aa,7
286167f867d52d91,6
21f40c0b0dc0b3e9,3
e9f638c341b4ec99,3
d06a322a42820977,3
053979c81bb3e5e8,4
5d196dced5bf4cf7,6
8d482598c53ad20b,4
100db0c342a4f69f,12
990e34b28f20b142,4
d6eb4b4dc56bde90,12
4570b9ddab1cac61,3
176e29d8d02f2949,12
8514bbc777c89f7f,12
10d3e3c3fbb4d680,12
84a464a3b628c2f3,3
3802e7c1c6e44c9a,11
daf8b3e54596b801,3
b022850647f0d29b,6
ab058d33d246d656,6
035eb25f5d1c7745,12
7146b05396ded2d4,3
f7e02888e6b92b19,7
a3048f0a6a8e1d3f,12
e8b086a5ab2b941e,3
5e6c8b878d317e6f,6
2b0e4dcd3d3dacf8,3
9b9fc8a1f552111d,8
f99ec30c324330a4,10
10028656423b911d,12
e21306dd14132183,3
e23d3f3114ad1c29,3
afd1ad51dddec997,12
15eea3aa4217b0dc,6
70e69327b9ac1b1b,8
5ce246ec4dd81e08,3
9cae4519c5007187,11
600db1bfc19bceaf,12
c08338f7abab2c08,3
8f4cf52e5a57d052,7
4fd3c155966b0087,11
aad3d7419a8b192c,4
42ff93bee20b8e3b,3
0296fd50c4f9ceaf,11
3f1500415ff8bc2f,11
612f0b0fbc5939fd,12
1a674d213b0872e5,5
1685f0dc064af4c2,7
58164d6948439538,9
77edeae615ff682b,11
f45437174c9532c4,3
bb2eed8c977d484a,11
97fb4c23604dd632,8
f48d45eb1908466e,3
9efc3864a04b9b23,12
057e4ca2f64d66be,3
ffaef5ae854438f3,3
6f06166f5adc2e11,8
18faf1b573b94275,8
c5abab78689d09a0,7
0ca00fef8ffa5dc4,4
a3cad84c251367eb,11
cd2e4743b02b1859,4
1b4faaf5cfbd6c8a,14
1802b54f298802e9,7
1e3ed976dc1ea60d,12
dc53840b1beb0b6f,11
37bb974c24f6ce47,6
b27e39143fe81286,12
cbc4ab6a2054081f,3
7bcb04e90df9d6fe,7
40833cc74e960721,7
29bccc29b51ef1ae,12
4e0342470aa84c92,4
c930a92fc35b9e6b,6
0fdc3500cb1cd1dd,12
cb788573de5d3a6a,12
808bb16b663c6830,12
a580ab5dce14a24c,4
c4a1d9616a87efde,8
74d3c52fce5a69e5,12
85da115eb78aaf1a,5
58ca8ca6a00a2b53,0
a55c81897ec702cb,6
fcd3ab932186a81b,3
ef199e6c06c6a651,3
5413be37004768fb,3
a14b27583c0f9298,4
6b649bee591ea6e3,4
469ab4ebd67b8315,12
5eadb94bc6bfa23c,11
7b747e229e79b139,7
0065c4f1e3267cd0,6
33347e5844e2e6d6,3
9ececfb17ea2cff5,6
57a671fae49cc003,8
3dcd91c6f89e8ac0,4
f5ecdc883db3a148,12
39c55887d8af465b,12
f4b17a972a821942,3
47545589fad4729e,11
059cf4d2bfe68903,12
48f00419db81a172,3
67ab5109fa318eba,14
8e59c42210ea572f,5
729a8e21b0339758,4
551cd5fe0025afab,8
0cec42bb2ec9a949,8
d7d3fe063521209c,12
ea24eb8ae26f6eae,3
3337795e68ef1f1d,12
69e8f822aa7761e1,12
290ad99c14a30324,3
17f15103c2401b4d,11
d90f972948dd9c20,3
7dec8dc541d27725,3
a58bde9b40378615,5
f63cdfad4a040717,3
6d3af9b76066e5ce,11
375e2461f35e419b,12
1c1233f74e6e2b49,4
d4f5902868790d24,4
90fb01629aebd2b5,3
478c1addcb6379c5,4
b43124748f4acfdf,8
b67edad13fca1042,12
45feeb3f48ffb6da,12
9dc2f300d159b381,8
245e24e3fa6d69b0,4
e7182c104a7b6fea,4
8e7a6b1be285cf3c,7
f0a3a402add95c29,5
9da199ebded4af93,5
405b65b9cfe60de9,8
f7505b10b1d2a08b,4
8ba48b59ad381427,3
421136b97e4d10b0,6
07d3291315b9eb3b,4
cf1c47a22c3a1992,4
2e7b5b4761a2bb17,12
68893021745e920e,4
9b6d0ce200b45013,10
be2473293fc0c55b,3
e5ae7aa37a110548,8
f7eb047c8df9463b,1
ab040e8aee735cfd,8
1b12f5bfc066ed80,6
bd2dbaff25997808,3
77933562821fe99e,3
175bb682043d6a93,6
a7e2f727b7c127d0,3
d32da8bf3ec23693,12
dfe43e88a606fde8,12
144569815e0158b6,6
16aae329cd4f395f,12
b3429420ad10b06d,3
ee2a577c2af3b2ee,4
ac02556e7df89423,4
a3aab27c9c630045,14
2e6461c44aa09e73,6
59f1eefb0f2d093b,12
298a56ced553df92,12
2144169a98338f4e,12
1eb14387c27f7f02,12
4237bd123a3c7836,5
e2c6705e717cfa65,12
269cbf459ec32c7a,8
b4abb5eae9d1a030,2
510233bcf0c49034,3
e632044eef99d9bc,12
6f438dbc73ed5ff3,3
dc312ec73517c69c,13
a3e7a6f6936e16d7,12
9aa69c17d7f53371,7
189903f1f9c5f833,12
53f336f88b1a58fb,4
226128c497f09f18,1
01bab3f706fb0603,12
041155e4a41bf342,3
dc46bc30791ad04a,3
3aa9b368180a6e37,5
86f4ccc4552c467a,12
cd7d3dedb7fe233f,7
a172cccb55d7f3ab,3
49692202cfb419b6,8
257bd6b58976f5a5,12
1e374554549beb0c,12
a0256a0dcc990e9e,4
a60694dc049d9669,5
c078177353d49b35,8
c4088752dc141716,4
9782b261e20bc2cf,12
6335bcfc10fdbb88,12
8001a101d04766e3,12
0555b78290e07e70,3
847d218408b80cec,11
10795cceac249f95,12
a09a5781c9b95822,12
7764a64c95530461,4
236e7bf150110d23,12
71215ab2ea4be029,12
22776bab583e3165,3
1c4777ebc3d7ddf0,12
0bb30cf9bf487029,12
eb689641295c2740,14
64f313b229f51615,14
1646160e87195b77,12
31188e1f507f25ef,5
fa2e316a7ce9daa9,3
70956b36039903a4,5
b8a8c4558a811af1,3
e525bb8c71ed5430,4
0c7929820b12a1d0,12
a4d168b2aadc7e01,3
53b1118c487ca2dd,6
9aaaba539d456ff5,12
f0548b002b3df0f1,3
55d9f84cf75bd79f,9
8aa898887512185b,6
de6069ed36c43049,6
32a9c31b64d2ac8e,3
fc2031dfe9c2519a,8
5a7c6d16b4a80927,3
5c7b62fd70dba5b9,7
33f3c805b1319405,4
e644a89d2fdb3c5b,11
8a81424e8ed85f73,12
4c5b5cb8aa8004aa,13
d224882d1c25d798,4
5e6b59eaf21719f2,11
cac9f77f2619b5bb,3
ea71fcc6d21ecea7,6
6a03060d762947d7,4
7f852c59414295a9,3
055dc13058e0860f,5
11593bb9ce22b2f5,12
a7afdcd961e6f76b,3
95b0e306ae206f81,6
80c108d420f44df8,4
7637fa33ce00dfc0,11
8f390db4173c253f,11
190d31fd8152641f,3
40becf5a48a21b0d,5
6c230dc88a97a26b,13
8ea82a9eddcde9fd,8
38a0bf7965ac1e31,12
e7fa9f6058c03944,12
e163e1f3af6e5ba4,13
b2e260ec619650f9,3
0c84d4afb2f8089b,3
971078b585a31dd8,3
14add818517da49e,3
cb7f062cf4218b5f,8
db65c0685cba98ba,11
1a789598d9e728aa,11
3f9291312e7262b0,12
d9dc08442d99388b,6
446054d1626cc08c,3
aab6cf5f8041f1ed,9
97f835b1cbd2e53c,6
0ad9d5db0edc47f9,3
edf3d993d8dd8f57,4
1d4972d8e4f2110c,12
bcef3b6b507ab77b,4
167353fb80ede934,11
24ae630253230670,3
a62b0cd8972fb3c0,12
9ad152bfa91737af,3
42c989bd9c6fa1f7,5
c7d170bb30dbff94,12
972720df6f049b18,12
ff9c46c8b69672ee,12
7f567f4399a933c9,5
2734e48d3563de49,3
252fbd17e290a83d,5
3a8f0c88095f6618,11
2c2b9c4342c4f9b3,12
2d2e324998a36ee4,12
993b9beaf1a3dd2a,12
7a382205d6242fe7,4
4e49bc23f493532e,6
c05f3011ce022dc1,8
3b719309758e1fe7,6
433b461a1f9a374e,12
5db6dc3b7a63c0f0,12
0615ab61fe2d49cd,3
ee6fdb5f0734d8db,12
b5cb69b5abd1f664,8
7305d93b4c4de8c1,6
19434651e54fa309,12
5b6f249f4ee83bff,12
f93bfdcf75bda77d,12
4cf60dbbd222f7e8,11
9970747843c3bc1a,3
a5efcb9eb320cb26,11
a423ba79eb29b4fd,12
ea6c4de08110be80,3
3bf870364c050716,3
3ce141feb73c3de2,6
cf3bbe0b561ae24f,9
f80f9eaacecf2da1,9
cfedc3f5d5f8c69f,6
f0a2f8b4e3e581ec,6
3bac3792724a6f6e,12
389c075a135ac412,3
9af320ca4c4bc834,5
26cbf9e38aab3468,7
67deaf58826333ca,12
32f3c7611f9801af,12
5b987b7529459df8,3
ef2c7c8aad0d7391,12
aea17bc6fc64c82a,5
7169b576e69ab96d,3
239b417e9848771d,12
2ccf095e565e140f,3
568a100597cee93f,12
8f57fc89466f7622,12
3616016ab276f675,8
fd49fa12e205c08f,3
6e624966b2bfe609,12
404b9e79975feeba,8
af3001002e394467,4
fe2937b64718f358,12
f6446ffca9d3a910,6
438af0ec35adbf3a,3
49f70d0297f86fd8,3
f57cbe38b5698b63,4
ba13aca0c4bae7aa,3
3b0f3db90cb41a37,3
91e07c97c190d9fa,3
34cd631bde5075b9,8
981b5e35a67fcca3,12
7b67acf4bb0ff1f4,4
773e09c808ddcc35,12
28cdca0e7f3a6fc5,7
d777e2a127d52c2f,8
f353f32273e2ff51,1
80267fd4a360bbe3,12
e7c1dff3588fd95a,3
e27e06a2287d409e,3
9a9e835a9e9fd119,4
0bcdf30fd7e21137,12
ce801cf452b9f59a,3
9cbf5c06028b3375,10
9ad54e9a1cc9d732,3
6680046c62241415,3
7f6c145c155c662d,3
6546cc30210b37a6,12
d0d7e3c201f777f3,3
bd888b7a55425043,11
9dfbfe5495e3b260,3
13385159674c6d93,12
241742027851e27c,3
d548304e06cd9e58,3
f1cded4258d842d6,3
d55e990866de2323,12
c979b8a4717e372d,7
03c90d32e0fed429,5
093d8827fe626ddf,3
076f394b70d90242,12
77e2d61c01394020,12
467401998284b46c,3
089a7dbdea4fb4ca,5
625996223c0878ed,3
6000f5a10ec382af,9
a8dd2cb00247b05e,12
91dce8fb10b36935,12
8267faff2b49916c,12
f813e032749f7d6b,7
9c4d21d1e14bbe35,3
9a642767f9084be3,6
c24ecd41852bdeef,6
1e39993d281b0bc2,4
79d9bf96ae37f3b8,3
50d3c3b7c0cf55d5,11
ca5b43715332c663,5
e2b6ee98e5953cbf,12
313443cf8ead86e7,4
d6122884e4276d6e,3
6dcc21b9c25aa6ae,12
334eb001445f058d,12
71a9c58ea3bc5ab9,9
8a891bb1696861ee,3
59a1070165404f04,12
34e8be8ab3839c65,11
03cdc45ce8532b27,12
c266b0b1c08ef40c,5
9475003680ebaa21,1
77ceba5485f2e00f,12
65b08530c1ff873a,5
abc5768d7383d017,4
e2644b3e1addb5c4,12
7e6e728f06019243,0
9587dcd82d73d9ec,11
18e700443ff62abe,8
ad165ebd19df4711,12
3e9bdcd6e3bdb40c,12
3890852a503a4b15,12
4005d56c1359eab8,12
d937f715d876c5f4,11
ba54dca1416e82a0,10
89b29af084b63632,7
e529e430d4d936ae,2
8386b8337483ed1f,12
920c6745905fe0ff,10
c626c43c650fd0d8,12
1690077486240256,12
d3192608793f2349,3
ed98e6bbb7952a9c,12
e58acfacd8fa24d7,12
cc54d910444d9695,3
a55e93330115508a,10
19cf9b9da4bd2adb,12
48a30087f3cbed93,6
9a136093157544ea,13
5b4b5178bfeb9a13,3
cd14454d57f0199b,1
d8419f8e163c7f48,6
9bf7ddb7ec441108,8
1d944ad181f1945f,3
4c8ca0767e2a09da,5
ddeb6ff86eacedff,3
5e79e56d79dd80be,4
42a1b13f6a68f078,8
6a205426004bf16c,12
08cb14ea3bb76e68,12
55b8ff104caf8596,6
055c10d1480e87e5,12
5a5daaf440623514,3
5baad74cb270e9f2,12
fc7df9918d8a6c20,3
c224dee5fc5cd15a,7
9e2175a46169ab7a,3
5879612ca1ee670b,3
478d3d88111b52d8,6
f242b07456dc7b70,12
88cbf8739b956878,12
379705470bbd617b,12
a7ceb2d5275006f7,12
52cbdd0dffec3790,12
cca8c9e34e732c73,4
648f4f8a8f03ccfc,4
c529995c1ebd2607,5
36624c07b02e7fe8,5
a0476a0137d93a2d,3
62a445eb158c4633,3
295aae9da9414720,3
e128ba10fbd7c427,11
914481414154ea91,12
51f66ee6e588c184,3
81a51788aaaba4c7,3
eaac7f54c12bb447,3
cef9e69a4da931b3,3
17125dbdcc8a6f05,4
b8fe804a38cd2dbf,12
47b70058d688fe2f,8
5af71f6629fa879f,8
2b5a28c93db9380b,14
1ae3a2915140aecc,4
b3e91c30e7537bea,11
913b0493728f0069,3
abdc1820ba6fae83,5
64ce942ecfdf6714,11
18d1e8369cf6b544,6
3019c11803acc497,5
20425779797cccc6,6
ae2eb08456055468,3
f0f8a824fa0b038f,3
b95e30eddfa9c4ec,12
e28f6e6d63bfff81,4
cde07ee6e234cf21,3
a03aee9a8d47df49,7
8d7aaa50a13bccbb,12
c9aaa07821eb93af,12
9d53670efc3ceb4d,3
f10b2addba0f26ad,7
47779bc6165155c6,11
1768171e510d7df1,8
96175eb1b4db6985,12
179e0361349dd430,12
71e886a5d0982585,7
aeb83e2c8e60293e,4
7867c278732cdc7b,12
f580980f902a5246,13
8efab1242c6f6ef0,12
f0457736d7a5c8a7,12
091611f6ff3fb2d4,4
e04ba81dfc4c0251,6
72f993d11278212d,12
36b388fd259cf4ac,12
dc3a090e7e4b4a17,2
541373a0e1727d11,12
b46fc2819f26d31a,4
4e94dc3bfeb5c1a4,3
dc31cb5e4e6ec5c3,6
75d0143a73b974ff,12
dd8c3aa1e91cbdae,3
c06d7a604e84ac1d,5
b5dd48afedbde1be,12
b0c7f1f91a0e0af3,12
e829e3d122f28ad6,5
cd8aa84edc5769c2,12
f92840d6ac098152,10
9dfcaa17aa4dde21,13
6d8b1d9d76fdc828,3
d2eee08263244877,5
a340507dba68f5a8,3
9407d81f78d7db6e,3
d2eeb4317411bc5d,12
ee3d32278a129e23,1
1029a6be9902f039,11
bbaa904078776bdd,3
7a2271711bec148b,12
7833e5c40a78b09b,3
a084456ef377e20e,7
bf73ecd01ad61ddc,12
5b4c7e68cd608613,12
684a92e5f9396f44,3
bf084084e2a67839,7
17b48bfe604e8faa,12
03c9dcd700d33331,6
8eedfeb55475032e,3
076c7348801e348f,5
20e6f88d5211b782,12
f86db137de46bcd6,3
bdd0a1feaac3cebe,6
0e79ef2cc259bd18,11
ef28c2303d0504bb,3
f03cc6fe46d0db28,4
93874bc21005cdd8,12
838bc6feb3fd76f0,4
4b7100fd868b2534,4
2042035babd1aae1,1
a65edda250ab3f03,5
23067e937803830c,10
e6b3c55d97f5eadd,8
092290c69357ff10,12
be19562898b9d1aa,3
d2f39ecc18dce228,3
5aa6ac0b44c457d4,5
96f2c7796ca2b38a,12
de793cd43f2e8bfd,13
76ea2fc3f2591647,12
74aba104bce3f722,12
1371cd6af1e7676f,6
3c03eb6c2e65452e,6
b87798bd3c06bd55,1
a68a0f1ec8fd2cb1,12
0faaa096aa4a5078,8
70ea1b001226fc7e,3
b8b8ab30a565fa84,3
8b010fe66794f024,12
3261572f4a434a85,12
15c7d2119238f681,1
25ca85af2def3233,12
5adf6af8a77d7115,3
6e1ad355934f1710,11
2e32b68fe1ba8d9c,3
d22324bff307db07,12
afdfad3d38511384,4
e696857158c252e2,3
5d3298a7ad4f6af6,12
ed34f57b0f9ec11b,14
d5f26541e2d1d476,12
776567be973f68ab,13
9bb9561fd6c27e7b,12
1d6d1a46d68d0e47,4
737f9d7557a0074a,1
4820c28ac258c693,12
865d2b57fcf6ef99,5
2bff5526a3f5df50,12
4591e62a99e568a7,12
fc0b3ec344720dc5,5
67ad81cf39adb506,4
44a9f6b2e6eb2cc1,12
5ac1e870b0843130,11
ff3ab42aaf9d1262,11
03982e41617f37b9,7
27e0c54f32578e38,12
2d6687cc2d5ec800,12
c4ac67b611a8f34e,3
5bb9609fdcf15317,11
346ba8493890e77a,4
25fdebf200c6dfdb,6
6258e65c9dc6140c,6
8937e7b88a395ef0,7
cd79db5ef9456945,3
5cfac7f359efc8b9,3
8a24a573e3e5b41c,4
63a7dbe682ec547a,8
cefe88c77cedbd90,4
54c1bd380563325f,3
d6004df62b739082,6
0b8cc706a69dae45,12
29ac2ed5b0a5f50b,5
f06bc7cbe403074b,3
54b95d6521ffae09,3
7ccd692f0bcb6505,9
f174ba0c394540fe,3
d63bc7cce2723954,12
fe613bf333e40f6b,7
9691a91dad434eda,6
26a8c83288e26433,12
67a06871a952a86e,12
2a50ec5013e18ca8,13
acb8410cda18ef0a,1
c96cda10ab4679ce,12
46aa351ab5d44868,7
e6e010c7867e721f,12
573c49a80eab5ad8,4
d71051f93ff73a77,3
946e4fceaae6a2ee,12
b7ea26b02dfc791f,3
517729ba7aea8b46,7
1c52bdd9e34c4152,7
52a76d50955c96a7,3
07770d1152911ac3,7
bfde9cdbaa9825d1,3
82d9c01395f1fe72,4
42fd026bcb8706c3,4
470ec3444ebcb521,12
c98ae5ee433f41a5,4
a921a009955590b4,6
47be1e673d59d52b,3
ca99c3bf5bdd76a4,11
40492cc96db1a8dc,7
9f4f489892de849d,7
5b828ba7621a7196,5
c4bc897ec3211cc1,3
5e514990c0024fc7,11
9e565d8816d2d2d7,3
c277a0cb0a7d217f,3
98b135223007dca0,12
45ec34638c29701b,12
273493e01fc674c9,8
d35109bd32d26f33,11
c85f43952cffe3e0,4
f189a06df2776af6,11
6cdf2d35d72d043d,11
f74974187d76c60f,5
e16acd37a66f8c8e,5
c87f0ca8db028e4c,12
1865c7584c587ad4,3
6b7cfa84a790abb6,6
0457e2f5d356b680,5
0fa70ad52fdadd7d,4
4cf0be635610a46e,8
d862ad0491e1b5da,5
98ccd2b9215910cb,5
75e96be3b4338725,7
13665d118d655056,3
3511196a29c218e3,12
7261da577c140201,10
2db75486dc3b8875,3
6c8c98e2cb0ae4ca,4
f7cb430745ad068e,3
03b36489ca074c97,5
46c1a8a12c6ad2b1,12
2f95230358f0870f,9
36b3f781b6a7d9f2,5
211401d12bb3747d,12
44860c0cf2ff51ee,12
892b181091b8abf6,8
cfd9c44c1b65b645,12
962793c52f91175d,4
dd179e7d4dda9361,3
121170dc428da8f3,5
17c86154a6b162ce,11
ba39f462ebb10391,4
2faef50f5af094b9,3
5fc84f82b20dff4f,7
9ec6edcfe4ddc4c3,5
65c0ce9528601d2c,12
45a56c7aa35c8b21,3
c1372d0f674c8e1c,3
c87f9ee86ac8566f,4
db386b622ec82c04,3
f9dbecc46b0a96d4,3
2656db109d683406,3
de1b64709ef03795,10
687c43fd1e281670,3
f8f8964fc2d174cc,12
d7c33fce4fafce5b,12
c0daffd04cb9e74e,11
540f605da892d161,3
79dd1504ddb7ef54,12
06b0ae59af0171a3,12
5392afef77085ccf,12
f8d63ca2499f951d,12
8b1a701f52683bde,4
7898183e157a23c2,0
2776da2556a21ce8,12
b34b539f72cd7d27,3
71b6a8a107667638,12
1cbc4025c144c26e,3
19c55ea9334ae934,3
b8c35d0423ad84a5,7
65f3ecab6359beba,5
56da6b93c06978d5,6
a8db49669f75e5f8,4
b3d0d75c9825a4ac,12
07ba1b23e5f55eae,6
9c5501402ce690a4,6
8c38dedf31ee29c6,3
b81c59b7157627fe,12
e6dc9b2090ad04b0,7
64987b0e35da940a,3
0c68699b9661ff6e,3
bfc406015ed2da3e,12
d20223f7cd021829,4
bb5fad8f16fba27d,8
e59a0cb85541f700,8
5718bb5ca8a5dee9,12
dc1574117a384a0e,8
26d259c127d0f9fa,8
6452127795c5bbca,5
482b7cacd41bbddc,12
03887db99e472661,12
9bf6c757180f0cb5,1
e8295667683f72d4,9
46764cfd6ad53997,1
8baf07378eb98248,3
c6dae9ef8d56d948,8
4ed270e8342d0a6d,12
7495e56128e4a05e,9
5ebbecc0e56bde6f,12
0dbbb5f34d033122,12
12953af963d74104,11
47a975eb89346159,3
7e3d3aa4ccf45b73,7
68c94e6b2a61e594,12
454bdc3e91734063,3
8879428e5c3f98ea,5
da7553d708738129,4
ecd1d9fc5afdb6ae,3
f7b571f4e4d1855f,7
fc33c823bcdd3e6b,6
a8180c5001d95884,12
6aa50994bb5147bb,4
90dbd28f8eda2fef,12
5612240cfa6cd67d,12
ad2d41c135c4b4d4,12
5b93876388f5bd1f,1
fb6031583ea604a4,7
9a430466967cd5e1,4
4057ea13282d8261,13
a7354c39c32b105d,3
96bdd4a94c6796bb,3
f76c230f76916aa4,3
872ed44b9e6feeb9,3
7784daedc322aa71,3
dcb66873e68f1f95,8
2395f1a59e53487e,10
05fc7b888c1f73b6,12
0311ed332bd7d19c,3
c32c5e8bb8aff8ab,5
9d551a751be01d99,7
f243ab41adf80e78,6
51048c0b5d787a35,8
743908bdde8d1cf1,3
3f4aa6bc62d89b35,3
a804cecfd9be43ac,6
9bdbbee883313abb,7
a1c192ffc6a6b4ed,5
9b7c50e714607523,4
54b8273f4a5fd4a9,3
75778d684ab84234,7
20574b1610d3f1cc,4
b2d085248d392659,10
6c4e716c527fd604,5
a7635d8ed89ef28e,12
5ebad018cc3e10ec,3
daa3b11a9cb1ac72,12
4d1a2cbfcf9318ee,3
915e16b392414d63,6
e052222e5dff6f83,4
8000b936a109105d,12
9c4340bd8010603d,6
331b0d509ab9da92,4
8fc4bac392f302ca,11
382e77167b9ccbbe,3
6f6f8ba95572d71d,8
761b257561a9b3f6,8
4308d3193ad081d5,3
b3ee6806d1acd1dc,12
82b3cae9e0189f46,12
6160c48b00ff232b,3
5c067d946bc06fc8,12
ac28965d58786a6c,3
9e65271923bebc7a,12
33a64f0162b68e7a,11
53ad518dfbae7b93,4
bff0984ac11a8e91,1
a582c4f05c825c69,3
270a22fd48747079,5
3bdb2b754544ce64,4
ff60116950107b41,4
6079835f4ac19bb6,3
53bb57c8de52bcd0,11
95a5aaae32aa7526,3
8ef0ecb1f0319c4b,3
51b3cc60cc8cf495,12
3ff28ce9fff7b03f,3
2f8c53de5ba320a0,5
a816f2b9f71daa38,10
c903235456d4cbc2,11
529f9f727c046e6a,7
19fe0e14a8e605c7,12
e8d6237b3d103640,4
b4ec386014eb0db2,12
3ba6012cc035b496,5
134bfffc60e383b8,10
8976ee57eb34232a,5
0f760a268011e65b,4
bdaab629f12753ef,9
4badb2809fd6141b,3
2ada39b1f68a01c8,6
83e97c858a613f94,12
4a4e89f940e78e85,11
25e9fccbb5f69b8a,6
12def79112e41d7b,5
72761376896bed67,12
8b22aeeaa9ded588,8
dac0e2fd75836c3b,8
30c53728775be3ba,12
567a32d314bafdb7,12
2b84a7372fbd6b5b,6
afc27adf4a29f557,11
aa25cfc9147dd943,12
6ff15bbfebee9dbf,9
97d0eb2e2e39e1ca,13
dec9203a9d8fb296,3
618e480f2528f9ad,10
2c23729a73cfd9a6,12
ea2fc68d3cd03173,3
55254c03b1566d81,7
8cd1fb29ffa18bb5,4
9c6331c5c83dbc1e,6
c62bd3298dc8b088,12
88c76ae507e2c1ea,12
fdd3ae216b1784e3,5
c05b93011bb378ed,11
00570a1c08812b56,8
cb574c1db008e80e,1
0c6b118607219a44,7
5306eadcd187cb1d,3
86b32513d492ef26,11
d64e039029e430e2,12
fd9bab8f7bb3a5b3,3
e8a4776b6f7e10dd,7
78ea20a90c07cf56,12
c700967a7b5e3a33,12
db391dc6378617a1,12
4e2e96711bcb10f3,4
38060d0c88cd5943,12
0c1052525151d04e,12
97f48160694ec5bf,3
6e6a0e8c7a724463,12
f8c6d3ddefc8d8e3,12
bdc004a326646286,12
d7a21b9536d09950,12
5ffc639d7e786a0c,3
98beb855ca59e8ef,3
de4a02af9df2702c,5
61f80cf5888d3e09,12
4b0ee2c1419add08,4
8d37a7482d43d9e9,12
02697bb1918e6bc9,10
a7700be729dd9257,12
1e31f355d7124004,2
000f6af40ea41043,1
48b2d069dff98396,5
ca91f6ef99350b3b,4
5bbff9f0975b528a,8
6870e70541706e40,3
09d0910fb0e2d06f,12
f47da36686821741,12
c48ee822489c94d3,12
59bd0c8e56886efa,5
05dd5ff2c374b50d,3
caf2cba28b0d81c5,11
c9fab1d0b850aa64,3
4b95c1c808272648,12
d995dfe316ea82c6,1
e8ef09e8bb0d0934,11
2a1e4ff12ce6e6b4,3
c20083754a7c3bfe,6
5ac78082b775d596,6
bc9cbb340c2ed9a7,3
b9c96e30cf14632b,3
81b81ce0bc4dcb25,12
7cae628f8d854d64,12
2531852fc3a43613,3
e7c9e3f9b048645d,3
c367e3f10c0f2920,4
a6438c1748d793b6,4
e4b0126236942127,12
5c5d24d546930fae,3
50f8c01ee65a0b65,12
e31be9b447676fd7,12
c64da0ea83cc61a6,6
d0be9c48c024ab0d,6
16d9c76df5c8e9a6,3
b90674b63ac3097c,11
8646ab0a770334ba,12
e42551edc886f135,5
93f15220a6de0559,7
8670446844c86f37,12
94442420a727da6d,3
ce6cb7bc6f88bd56,12
0954fe8f4444ef36,5
960a20c5052303e3,3
efc7ecadb53fb616,7
410a5e416534a2b4,4
26c24a83e25ace8e,3
6e59e47d0b471e04,14
a19d5975e7fb04cb,12
ed643013121cb9a7,12
57216de561323a95,12
b50a82a2e6fa731a,3
61b2958e8dda6d88,4
94fcda88da06ae41,1
1b54f8fa06a320b4,12
071eb5319c978f16,4
6217a300cf5908cb,8
e12100ae8dc89ddf,3
b7f0be33eb03340a,14
bb42ff859e082b4e,12
22d755fbb3b59839,12
0037576c3b1369e1,12
53e240e0c6bdaed3,3
741bc63381202e1e,12
6eb186d74c3659d1,9
785227fec90b3199,5
c0b840c2636f5692,12
5e818ea1e48034cd,3
c24fae67c25278e6,3
d00286142e63be79,3
d737555d28893329,6
0087ed90698bc959,12
39f2e58e4fd3ee69,12
2967679dba47bcb2,12
31dddbd63a560819,11
87c40c0836538276,6
e16748224718bace,5
6a130c11b3db2fdb,3
72f25df4a0b8f8ab,4
9db1b182fd81b40b,11
5d0218777750919f,3
1e9c04ac50bdc883,12
17ee069b284654cf,7
632f861be729ba3d,10
20bc97cca5e4d641,14
749ee567760dcb03,3
3e1afb092d8f2b6c,3
d7684f5684d38876,12
ee4ae7300b6bdb58,11
388fcf1f6a70fcc4,12
03f3a5bdfa16fe77,12
746d14218968714e,3
4fe6a45449727ed8,3
9ea25121fcb00125,12
8f923d3b5eb291d3,2
dfffb28447153141,5
fec9baea435a4a0f,5
5c6a0cc39f08b197,7
574fa3f754dd47a6,5
b60a7829e24d578c,12
7b15a5b82a143bee,1
4e237db4089698f2,13
b1eb5e7d526f22a2,9
24fef685023f5cb1,1
a5885894bfe5e1b1,5
a8186eda5a399b1c,9
e387a0720b11cf5e,3
0c16906269a38a3d,7
418bcdff5fd2e3d4,3
8e7e57aede3e5a43,3
351a73899701860a,3
3692bf161b10dd36,12
412df8a859b61938,12
4b7c93bfd135a687,3
3271d1f17df1ecbc,10
c5f26c389fe0052c,7
80bdb14746805d6d,3
fcc733091d280ac3,6
e4701662a884c54d,8
6c022461a4482cd6,6
d780be814c5562b0,12
7dcba3d344e9d065,4
bc3b68a61f0f2f08,3
b79d03aa3d11ec4b,12
83d3d277e5a9139c,4
7b48591cc74a181c,3
8aed7df4124f9101,6
4cba4f86ea2a5baa,12
3e903298bd2b0e34,5
b630f0f6642823d7,4
dc15b19c0ae8ed23,3
454fa05b79beaa22,2
bbfbbd3f13d51597,12
bd52137fd589dc1b,3
54d4d8106628fb6a,12
09626cae7daf233c,12
33ea4010aacaddd4,0
3cfca1a0f29a4c89,11
61eed135df136bbf,3
427c5944611eae66,6
b8393d3d80b358ce,12
2ba86b6d446ca37b,3
6937b6c8527046d5,12
ec440390709c03a9,3
1036ba567f531758,3
dcf145cfe6c652de,12
6bae38f324cc2161,6
1de3defebcad6108,12
8d7f4d1ed7366b98,4
64fa2cc6b85b1910,4
d8594a4b28946d34,10
5516963712b3331b,3
2bf54395140e4298,3
311e0b121483ae7b,12
e70fdfe85edde429,5
2d8112fa8dcf83cc,8
8b370e935987f0eb,3
2fba6c8dacb33ef4,7
2ad88c1cc569594d,5
e8e80f11006fbb34,12
f73e0379c653b742,12
74a94839e45e6755,12
82f0bd609d2aeea9,10
4704432113afcfce,3
15b98ab4f1b74314,8
e91f9e4ac0739340,3
5545f10e9d0f9ce9,12
711c400b26d053be,12
59231ca7353a2b82,3
53f460ebf5c590ce,3
d0498b7350fa848d,12
bee3c5b051fb857a,7
bc8d640d4289e3c3,12
1ba228ca69555cf0,12
7b138b9eaed165b9,6
90e79e4ea1f0b163,12
8749756a5133beaa,7
d876c50b90de44a9,3
ddd727360ae051c4,6
e6c20a9a345a5cab,3
9a29a551d2d40cb4,9
4afe13d59602e84d,12
8799cc3c2e431ebe,5
4519d4d186d5773e,12
58dc4ba123d94fc9,5
e546dc95b989fd37,3
16ba8273570c6a12,8
3bd4e501fba5cf7d,12
c4289d3eaf3f8367,5
a1b568d4899107e0,12
4a000a6cd117e2a5,12
5a9db8ede9edd9db,3
6c8c756ff310e92c,5
0e9a6d2c38f825b5,12
40230f9cf8856c2e,12
60015658a03389d6,7
a2169627e3cd03d9,3
b009ecef4d8fac3b,8
c474c5d0ee564489,3
8e96e04afbe1e03f,3
0da13daa39b8136d,6
361ecea6872715aa,12
55b97e4f8206b8ef,12
d50d5ae03732db9a,11
caf3621dad884186,3
99e89f12232fb585,3
ca11f8137f87d580,6
bb064b173e770b87,12
3311ce8ffbf49838,12
b9e977262a028a4d,3
4776b25514a9f470,5
e530f788720c2756,12
438684588826c8e9,12
29d8c500891597ec,3
1df6ba3153fb1f89,12
f6397b224365a770,3
cdf2992aba4bb582,4
55c409f426ede60b,3
5e46376d1a31f45f,8
0814547bfd7bdc4a,12
6a54805496078f41,5
59420da9b85a60db,3
7a9e2ddaf26457b0,5
de13907812bccb60,11
cc7ec775edec424e,3
86a7e78de02c20bf,10
ba8e2bc51c685707,3
b35e280a04ee48fa,8
d5ea0dcd1e5ddbde,12
9e92ef276721298e,3
0c0a1de187ee51c0,3
50cf28b6d572138d,12
59cbbf9955276c82,6
3c1bc385f05795ed,3
3460e1a7caf39896,8
4c5407a2106d396d,12
cae9228563b9f5b4,11
ff32a337c7b5b16f,3
844f14a2298ad8af,6
866a8839e7ebae5a,8
bf5fd9c0c3e58658,4
f5963021e63190a7,5
855db39b86069b30,12
891ef2fc2706efa0,11
44ca193c478f793d,11
15817769368cadbb,12
baf3d4d897cc2685,1
ef8c3ba30e28f00f,9
9a570c7751b3ceb4,12
eac756eec642dea4,9
47876c35eec5a3de,14
fb16bb02df279a53,6
286828644b702d91,3
cf20ec3aabc8575e,3
3b0d99ac0713ebae,3
208897fe2dac53ba,12
ed3e57b339340dee,8
6709979fa0d76b1e,5
9c233086a9306a81,12
f6c61a564e4be7f8,10
6d44313a3486b264,4
f99d187e8562b43c,8
6dcaab840f70fd3a,7
ec2dc980cb2eaef6,12
f8858a57c845252c,3
6db5b43a1ceb7a14,6
275d85e3feb1e18b,3
529d9a36d7048bb6,3
59f6a823071f2b30,12
f6d1841173f006bb,11
ad730aa4f618067f,12
cbd3877aa42a6b79,3
57a42295cbbc2bb7,3
0287615583fe44fc,9
f506347a2d13afd9,3
4065646811ca49c4,12
9796f6a01953a611,4
ca4e87a8e4a03844,5
b0c8d0662f40c852,12
858a7ca38c213939,12
8a92cc0128499b4c,10
77ca0b94956fe81a,12
f94c659027ff4c51,1
e94040a9f869de34,4
5d256cab51ff17e9,4
5a73721418cfb95c,6
afdd0a69df03cd81,3
214bea9a7b828daf,12
3acf5d8de9b5ebf5,3
7e33024820692bb1,3
fc2f03640e04ebae,10
10f9bc1311ae46b4,12
8b985108ecb26738,6
32fb4771278ce08e,4
81a2012199539bb1,3
b44b141171989382,5
da31ef44e8ec6750,3
447a8c84a89688b9,4
e7c851aaacbfa04f,4
4191686fa99a72f8,1
fab6e884a648a136,8
e3d98054882cdd44,12
9dd428f563992860,3
8cd447f5e2307696,5
7e62c9f6747a4d18,1
8efd366d233e1f48,6
f22c06a89fad34a1,11
2a0bc870e0399687,12
bb7a7353a3bfcff7,4
7d5d7e1471bb87ab,3
d5184184de93c7e9,3
665ab164572b3afc,6
ee583b94ffcdd8a0,12
0550a67ee2e9f122,3
ac2d50e2435bc54c,3
f95a7b526d506c89,12
2472055caeee451b,11
d0b85c20a777f285,7
6eddc9ef8d5286c0,3
769a39027d254171,6
1f1e746218dc95bc,12
9c0aa52ade183d12,12
1422af0eb4733954,12
591bffcc2105210b,7
c5ebeaf7bbb32b10,12
e8d71f84c7f93cab,5
8036d58466266b8e,3
61a0ba14a52d7a64,3
6d9b63b08f7aa9f2,7
60fc27148f2733d8,1
02110aefe27f5f50,6
82b6194254f720b0,6
1951272dfade81df,8
e07236325bb7c667,5
d2f1cc185865571c,12
597169716582b842,12
516b8fb6fb8460e2,12
2277616e03d59529,12
57041afbc78518a9,6
f8cca9ab20a6638c,4
731d01eccd9c54be,3
7e1c8711f3d3ca52,9
7c13ca677f89483c,11
77fbd8be75007676,12
5604ab82de881086,12
90d9ede1cd84c007,9
a76b886c31cbff68,11
55e074ff3ccd8f8d,3
09fb625ff055123f,3
509477ae5b8a8fdd,2
29e8bb6dc7709a63,6
a58d8c8d83633b5b,4
b4529ec5e8748efb,12
f86bf4e66b23bcdd,12
73a8b31287e017ce,6
17ba11050f2b8816,3
417be8635bd6cdb6,4
4e0f213cfcd3df70,3
263de359501f4d1a,11
a7d215b88a852834,4
df812a5dc68e304d,4
33cf70b662dec9d2,7
9e0270f2942f6b9e,8
548a079280c8ae8d,6
9b2a5bf51bc40d10,6
2698499f9eeb0397,6
c053beaea081f1ea,1
ae96c0033882e723,12
c89ed7942cf2e618,3
51d381bb060e3c55,1
297acbf4cc9ec4c2,12
2b3826f5d2b5ea62,10
eeb3384ae7b05dca,11
075c92d0df56f409,12
12bbead4fe401c05,12
3f935146634cadac,12
7f8604545136d81f,3
6e5a658bfdad7406,12
027e1efb7444dba8,12
6c2f468827b3c8a3,12
5caf23be7f9cfcf7,11
78dc6e5de2a79d90,3
5d56bfe88fd13c18,12
24e72c2e0aaf0628,9
5974ca43d20c5165,3
97ad7d3bd211f2ba,12
64c2dba049a42bc4,12
cd8394ab08292a6d,12
be2ed07ba4c00685,3
7d15a9a083eaf708,3
a59dd7d6c512e2dc,12
6f8817062057e523,12
39d11928fa790c2e,3
8bf5a37ffbcd2d0e,12
733645ea4fd561bf,4
f5231e2e9240091f,12
e7cb0afad151bb2e,1
44e3067596086797,3
40d10bec12f5df31,3
b9a91cb96718234f,4
0c912bdd1ee1ba47,6
f610196a01a3de3d,4
440d369c616e9f3b,4
0f37fdcff9270a94,10
1c8e3a84d408c7b9,3
1738b6e324fbe97c,13
bc3f7158f968d733,4
88601d6b2e0cf40d,12
384eb8aff12f73c9,7
e9d1fdc7bcfeadb5,3
cc12de8604fef22b,12
2cda5aa431cf4175,9
8a87e5bcbb1a71b0,3
a40fa1c27c33a42e,12
a7751106110f7432,3
4e230940a3cd8fa0,3
e2b0eb8539ac2664,5
fcdd4b708354d446,12
e8194a0aa97afc2e,5
74244c09d9c6eccf,4
bc528aa1bc0e2b8f,12
884df2d656becb47,11
1b4741845a1bd352,7
ba98f0ff8b2d7af7,4
55c20f149dec5de4,3
d9a60361669f4e33,12
a7146905517981c9,11
e0381a92fbca6b6a,3
3e56646c8f34146c,3
2ab5e5605bc22bfd,1
4bbeb3f66c7e47ed,12
5386a82ecb60f7e5,12
3ae9ede16109aa7b,7
28673cee38fe28e1,2
c0965b9cc672785a,7
d97251a6b01f654b,12
f87198bb1accfc01,12
a53be61fb75d9b71,12
ff97cda8848a7ae2,12
5c7909465239de7e,12
c4b2879dc5224c00,6
03fbbe05205f49e5,11
1bddb922820d7a51,12
133a371e9f9144cd,4
f19b7c06a87ac85b,4
4a342cc3df7b3283,12
d5912f73d361326f,12
5532d47c119ace00,3
c8ca3eea92f92fbb,3
582bb5b48514d94b,6
8b869898acbc2bc2,5
708caac71c4ddfb9,8
59577e1390f262ed,12
e97bc044d9afe476,12
2e4cec777c69e10d,11
4bc5379bfda0e56d,6
3c10a337f5eb8f57,7
14cac73b099e71bf,6
fe0e4d18671c9a4b,12
54a8e8467e6aff1d,11
6bba70a6de150133,3
f6acc179494107a3,5
97068cf3ce91e255,1
5f175de8748b3019,4
ee75ea94e11d1f13,6
211beb3ca05716ed,9
f4e46d450f02afc3,1
bd38c14041287da9,6
2f28629bd66e755f,11
f00d6e4f6a89e409,12
193e1428eaf0eff7,4
70acc61683893c2f,3
ad77d0deeaf807f6,7
a868332ef4792c33,7
6681a7592670ef37,12
b7c849ff0384801f,12
4cf03a766dad4c9d,12
50bef0baa2d05e2f,5
f184ed8ef5e1553a,12
4e73911d1863dde7,12
bd79b5944cd0ecb6,12
9d2013f844b59e50,12
75c24e477c73716e,5
7c8093845192a96e,11
513387ae8970326a,1
551e3108c6e39053,3
ecbeb07b5ebf19e9,12
b23a8f3c8a58cda9,4
5d8c4a372fe2765d,3
4a8779039dd51c49,4
ed936bb2761d24ef,1
bbeec5a5d1ff01aa,4
bcb48e316747dd9d,11
e0ed81aa254f9c15,4
3abf4fc91d99ecf7,12
154e2da264c12e19,3
ebbe653f4d1a671b,10
8bcbb05c33d32010,11
3c629483bccb29a3,11
42dc5697ba078b4f,3
034c546f7720dec6,12
178ea21e656dcd11,3
ab686f8e2146a714,3
29dfd0365b76c0ca,12
9b8b4432a6bb63bf,5
54d4dd8abd491e92,4
b952912b4b0ffc6f,12
ef7fa3e62d57c5e7,4
cbe86657c58cc771,8
916566125c5b154c,3
c67086c4de59bf9c,12
44a1f674539dc9ce,3
ea20c6411d097c0d,12
6be58eed006c3fb6,6
c1745f3d7b67bc66,4
25a2ae5cbe42b619,4
ab159156a96331a7,12
ac426fd282afe841,11
84114fa6a4f5d29f,3
e94e1051c4acb870,3
6c0987f18d7c004d,8
221eeb458eaaad57,12
661d8f085a5575f5,12
1a47b1ffad4e286e,12
a842973962127e1a,3
2efeb56804701bc5,4
58b532c1f08c2c03,5
3e7674fbbe38f3c0,11
da51ca8c11d90647,11
590eec1f8d4be0fc,4
4432a95111946c13,3
f7b008559b0b33a4,12
3d905ec2e26f524f,3
82bd8546a2e74f5c,12
3ad33ea5a927f613,4
8e2b4027e7633656,8
b7c3dbfb528ca4dc,12
a809e510f503f8cc,3
2e0b3f99839beeca,7
ee8184e33d95094f,12
e44d15a81091f272,4
4f7a6d9da7010033,1
ef51d78e9b28dbf1,12
3f433b5ac9a71ac2,6
02c13c1b98052d9d,12
6de8093bab95fd07,11
4725154401b1ae69,3
88536763f0a4c853,3
54a4a76f6eaa2011,3
93ce8251a3c743bf,12
a9f0adf31e08162b,4
3e9e686f6dd0eb02,8
7242ee8703565dd3,12
4f0ec830fd1ee42f,8
12649a9d70e681b9,12
7eca7a44975d249d,11
de31f6d4e7827bc3,12
5782f1beb1f20d20,3
b33516750b3c59ba,8
b1066b14feb6ebbe,12
a5c1248a1dce8d15,12
da3e02a870b4e9f9,12
72ef40fbceb5902e,3
b6e94497b420e629,3
22b27c826a07207a,4
f06621e149df5906,5
98dd1581a7bbc353,3
89d1c021df2438e2,5
c67f9428fcaae036,4
7ebc04804c50da20,8
c80a59ed3222e33c,12
f5d00a3d90ee759a,3
68a9e075b8f52e1f,12
b84288052e818f46,3
04ad86d7dc64bdb8,4
03f3925fa9be354b,3
bbc3206f1dbb5c61,12
8e3f16f64fae8e56,11
